Circuit,Year,Driver,LapNumber,Stint,LapInStint,Compound,LapTimeSec,FuelRemainingKg,FuelPenaltySec,FuelCorrectedPaceSec,GapAheadSec,SessionProgression,TrackTemp,AirTemp,ObservedLapDeltaSec
Bahrain,2023,VER,3.0,1.0,6.0,SOFT,98.006,99.6,3.2868,97.8278,15.0,0.05263157894736842,31.2,27.3,0.5750000000000028
Bahrain,2023,LEC,3.0,1.0,3.0,SOFT,98.658,99.6,3.2868,98.4798,2.6390000000001237,0.05263157894736842,31.2,27.3,0.04819999999999425
Bahrain,2023,PER,3.0,1.0,6.0,SOFT,98.83,99.6,3.2868,98.6518,1.1169999999997344,0.05263157894736842,31.2,27.3,1.5387999999999948
Bahrain,2023,SAI,3.0,1.0,6.0,SOFT,99.042,99.6,3.2868,98.8638,0.8789999999999054,0.05263157894736842,31.2,27.3,0.005700000000004479
Bahrain,2023,HAM,3.0,1.0,6.0,SOFT,99.22,99.6,3.2868,99.0418,1.0399999999999636,0.05263157894736842,31.2,27.3,0.004400000000003956
Bahrain,2023,RUS,3.0,1.0,6.0,SOFT,99.093,99.6,3.2868,98.9148,0.6710000000002765,0.05263157894736842,31.2,27.3,-0.15119999999998868
Bahrain,2023,ALO,3.0,1.0,6.0,SOFT,99.1,99.6,3.2868,98.92179999999999,1.1549999999997453,0.05263157894736842,31.2,27.3,-0.4480000000000075
Bahrain,2023,BOT,3.0,1.0,3.0,SOFT,99.397,99.6,3.2868,99.2188,1.0070000000000618,0.05263157894736842,31.2,27.3,-0.29819999999999425
Bahrain,2023,STR,3.0,1.0,6.0,SOFT,99.625,99.6,3.2868,99.4468,0.680000000000291,0.05263157894736842,31.2,27.3,-0.008899999999997021
Bahrain,2023,NOR,3.0,1.0,3.0,SOFT,99.777,99.6,3.2868,99.5988,1.3869999999997162,0.05263157894736842,31.2,27.3,3.6580000000000013
Bahrain,2023,OCO,3.0,1.0,6.0,SOFT,99.948,99.6,3.2868,99.76979999999999,0.749000000000251,0.05263157894736842,31.2,27.3,0.08100000000000307
Bahrain,2023,ALB,3.0,1.0,3.0,SOFT,100.143,99.6,3.2868,99.9648,0.7029999999999745,0.05263157894736842,31.2,27.3,2.6148000000000025
Bahrain,2023,SAR,3.0,1.0,3.0,SOFT,100.349,99.6,3.2868,100.1708,0.6449999999999818,0.05263157894736842,31.2,27.3,3.1222000000000065
Bahrain,2023,HUL,3.0,1.0,6.0,SOFT,100.484,99.6,3.2868,100.30579999999999,0.8719999999998436,0.05263157894736842,31.2,27.3,3.6239999999999952
Bahrain,2023,TSU,3.0,1.0,3.0,SOFT,100.243,99.6,3.2868,100.06479999999999,0.32799999999997453,0.05263157894736842,31.2,27.3,3.2205999999999904
Bahrain,2023,PIA,3.0,1.0,3.0,SOFT,100.691,99.6,3.2868,100.5128,0.8640000000000327,0.05263157894736842,31.2,27.3,-0.024299999999996658
Bahrain,2023,ZHO,3.0,1.0,3.0,SOFT,100.596,99.6,3.2868,100.4178,0.41899999999986903,0.05263157894736842,31.2,27.3,2.7660000000000053
Bahrain,2023,DEV,3.0,1.0,3.0,SOFT,100.914,99.6,3.2868,100.7358,1.4320000000002437,0.05263157894736842,31.2,27.3,0.3611000000000075
Bahrain,2023,MAG,3.0,1.0,3.0,HARD,101.978,99.6,3.2868,101.79979999999999,0.6669999999999163,0.05263157894736842,31.2,27.3,3.141999999999996
Bahrain,2023,VER,4.0,1.0,7.0,SOFT,97.976,97.8,3.2274000000000003,97.7384,15.0,0.07017543859649122,31.1,27.2,0.5450000000000017
Bahrain,2023,LEC,4.0,1.0,4.0,SOFT,98.825,97.8,3.2274000000000003,98.5874,3.4879999999993743,0.07017543859649122,31.1,27.2,0.21519999999999584
Bahrain,2023,PER,4.0,1.0,7.0,SOFT,98.758,97.8,3.2274000000000003,98.5204,1.050000000000182,0.07017543859649122,31.1,27.2,1.466799999999992
Bahrain,2023,SAI,4.0,1.0,7.0,SOFT,98.985,97.8,3.2274000000000003,98.7474,1.1060000000006767,0.07017543859649122,31.1,27.2,-0.05129999999999768
Bahrain,2023,HAM,4.0,1.0,7.0,SOFT,99.198,97.8,3.2274000000000003,98.96039999999999,1.2529999999997017,0.07017543859649122,31.0,27.2,-0.017600000000001614
Bahrain,2023,RUS,4.0,1.0,7.0,SOFT,99.261,97.8,3.2274000000000003,99.0234,0.7339999999994689,0.07017543859649122,31.0,27.2,0.01680000000000348
Bahrain,2023,ALO,4.0,1.0,7.0,SOFT,99.548,97.8,3.2274000000000003,99.3104,1.4420000000000073,0.07017543859649122,31.0,27.2,0.0
Bahrain,2023,BOT,4.0,1.0,4.0,SOFT,99.823,97.8,3.2274000000000003,99.58539999999999,1.2820000000001528,0.07017543859649122,31.0,27.2,0.12779999999999347
Bahrain,2023,STR,4.0,1.0,7.0,SOFT,99.745,97.8,3.2274000000000003,99.5074,0.6019999999998618,0.07017543859649122,31.0,27.2,0.11110000000000753
Bahrain,2023,OCO,4.0,1.0,7.0,SOFT,99.543,97.8,3.2274000000000003,99.3054,1.9340000000001965,0.07017543859649122,31.0,27.2,-0.32399999999998386
Bahrain,2023,ALB,4.0,1.0,4.0,SOFT,99.761,97.8,3.2274000000000003,99.5234,0.9210000000002765,0.07017543859649122,31.0,27.2,2.2327999999999975
Bahrain,2023,SAR,4.0,1.0,4.0,SOFT,100.644,97.8,3.2274000000000003,100.4064,0.47400000000016007,0.07017543859649122,31.0,27.2,3.4172000000000082
Bahrain,2023,TSU,4.0,1.0,4.0,SOFT,99.95,97.8,3.2274000000000003,99.7124,0.5059999999994034,0.07017543859649122,31.0,27.2,2.927599999999998
Bahrain,2023,HUL,4.0,1.0,7.0,SOFT,101.004,97.8,3.2274000000000003,100.7664,0.7260000000005675,0.07017543859649122,31.0,27.2,4.1440000000000055
Bahrain,2023,PIA,4.0,1.0,4.0,SOFT,100.718,97.8,3.2274000000000003,100.4804,0.9059999999999491,0.07017543859649122,31.0,27.2,0.0027000000000043656
Bahrain,2023,ZHO,4.0,1.0,4.0,SOFT,100.853,97.8,3.2274000000000003,100.6154,0.5540000000000873,0.07017543859649122,31.0,27.2,3.022999999999996
Bahrain,2023,DEV,4.0,1.0,4.0,SOFT,100.373,97.8,3.2274000000000003,100.1354,0.9110000000000582,0.07017543859649122,31.0,27.2,-0.1798999999999893
Bahrain,2023,MAG,4.0,1.0,4.0,HARD,100.773,97.8,3.2274000000000003,100.5354,1.0670000000000073,0.07017543859649122,31.0,27.2,1.9369999999999976
Bahrain,2023,VER,5.0,1.0,8.0,SOFT,98.035,96.0,3.168,97.738,15.0,0.08771929824561403,31.0,27.2,0.6039999999999992
Bahrain,2023,LEC,5.0,1.0,5.0,SOFT,98.664,96.0,3.168,98.367,4.117000000000189,0.08771929824561403,31.0,27.2,0.054199999999994475
Bahrain,2023,PER,5.0,1.0,8.0,SOFT,98.404,96.0,3.168,98.107,0.7899999999999636,0.08771929824561403,31.0,27.2,1.112799999999993
Bahrain,2023,SAI,5.0,1.0,8.0,SOFT,99.128,96.0,3.168,98.831,1.8299999999999272,0.08771929824561403,31.0,27.2,0.091700000000003
Bahrain,2023,HAM,5.0,1.0,8.0,SOFT,99.335,96.0,3.168,99.038,1.4600000000000364,0.08771929824561403,31.0,27.2,0.11939999999999884
Bahrain,2023,RUS,5.0,1.0,8.0,SOFT,99.549,96.0,3.168,99.25200000000001,0.9479999999994106,0.08771929824561403,31.0,27.2,0.3048000000000144
Bahrain,2023,ALO,5.0,1.0,8.0,SOFT,99.662,96.0,3.168,99.36500000000001,1.555000000000291,0.08771929824561403,31.0,27.2,0.11400000000000432
Bahrain,2023,STR,5.0,1.0,8.0,SOFT,99.144,96.0,3.168,98.84700000000001,1.3659999999999854,0.08771929824561403,31.0,27.2,-0.48989999999999156
Bahrain,2023,BOT,5.0,1.0,5.0,SOFT,101.033,96.0,3.168,100.736,1.287000000000262,0.08771929824561403,31.0,27.2,1.3378000000000014
Bahrain,2023,OCO,5.0,1.0,8.0,SOFT,100.281,96.0,3.168,99.98400000000001,1.7839999999996508,0.08771929824561403,31.0,27.2,0.4140000000000157
Bahrain,2023,ALB,5.0,1.0,5.0,SOFT,100.606,96.0,3.168,100.309,1.2460000000000946,0.08771929824561403,31.0,27.2,3.0777999999999963
Bahrain,2023,SAR,5.0,1.0,5.0,SOFT,100.902,96.0,3.168,100.605,0.7120000000004438,0.08771929824561403,31.0,27.2,3.675200000000004
Bahrain,2023,TSU,5.0,1.0,5.0,SOFT,101.131,96.0,3.168,100.834,0.7349999999996726,0.08771929824561403,31.0,27.2,4.108599999999996
Bahrain,2023,HUL,5.0,1.0,8.0,SOFT,101.002,96.0,3.168,100.705,0.5969999999997526,0.08771929824561403,31.0,27.2,4.141999999999996
Bahrain,2023,PIA,5.0,1.0,5.0,SOFT,100.862,96.0,3.168,100.565,0.7660000000005311,0.08771929824561403,31.0,27.2,0.1466999999999956
Bahrain,2023,ZHO,5.0,1.0,5.0,SOFT,100.814,96.0,3.168,100.517,0.5059999999994034,0.08771929824561403,31.0,27.2,2.9839999999999947
Bahrain,2023,DEV,5.0,1.0,5.0,SOFT,100.63,96.0,3.168,100.333,0.7229999999999563,0.08771929824561403,31.0,27.2,0.0771000000000015
Bahrain,2023,MAG,5.0,1.0,5.0,HARD,101.34,96.0,3.168,101.043,1.7770000000000437,0.08771929824561403,31.0,27.2,2.504000000000005
Bahrain,2023,VER,6.0,1.0,9.0,SOFT,97.986,94.2,3.1086,97.62960000000001,15.0,0.10526315789473684,30.9,27.1,0.5550000000000068
Bahrain,2023,LEC,6.0,1.0,6.0,SOFT,98.572,94.2,3.1086,98.21560000000001,4.703000000000429,0.10526315789473684,30.9,27.1,-0.037800000000004275
Bahrain,2023,PER,6.0,1.0,9.0,SOFT,98.718,94.2,3.1086,98.36160000000001,0.9359999999996944,0.10526315789473684,30.9,27.1,1.4268
Bahrain,2023,SAI,6.0,1.0,9.0,SOFT,99.474,94.2,3.1086,99.11760000000001,2.58600000000024,0.10526315789473684,30.9,27.1,0.43770000000000664
Bahrain,2023,HAM,6.0,1.0,9.0,SOFT,99.756,94.2,3.1086,99.3996,1.7419999999992797,0.10526315789473684,30.9,27.1,0.5404000000000053
Bahrain,2023,RUS,6.0,1.0,9.0,SOFT,99.493,94.2,3.1086,99.1366,0.6850000000004002,0.10526315789473684,30.9,27.1,0.2488000000000028
Bahrain,2023,ALO,6.0,1.0,9.0,SOFT,99.674,94.2,3.1086,99.31760000000001,1.7359999999998763,0.10526315789473684,30.9,27.1,0.12600000000000477
Bahrain,2023,STR,6.0,1.0,9.0,SOFT,99.714,94.2,3.1086,99.3576,1.405999999999949,0.10526315789473684,30.9,27.1,0.08010000000000161
Bahrain,2023,BOT,6.0,1.0,6.0,SOFT,100.265,94.2,3.1086,99.9086,1.8380000000006476,0.10526315789473684,30.9,27.1,0.5698000000000008
Bahrain,2023,OCO,6.0,1.0,9.0,SOFT,100.331,94.2,3.1086,99.97460000000001,1.8499999999994543,0.10526315789473684,30.9,27.1,0.46400000000001285
Bahrain,2023,ALB,6.0,1.0,6.0,SOFT,100.744,94.2,3.1086,100.3876,1.6590000000005602,0.10526315789473684,30.9,27.1,3.2158000000000015
Bahrain,2023,SAR,6.0,1.0,6.0,SOFT,100.791,94.2,3.1086,100.4346,0.6889999999993961,0.10526315789473684,30.9,27.1,3.5641999999999996
Bahrain,2023,TSU,6.0,1.0,6.0,SOFT,100.886,94.2,3.1086,100.5296,0.8299999999999272,0.10526315789473684,30.9,27.1,3.863599999999991
Bahrain,2023,HUL,6.0,1.0,9.0,SOFT,101.002,94.2,3.1086,100.6456,0.7130000000006476,0.10526315789473684,30.9,27.1,4.141999999999996
Bahrain,2023,PIA,6.0,1.0,6.0,SOFT,101.111,94.2,3.1086,100.75460000000001,0.875,0.10526315789473684,30.9,27.1,0.39570000000000505
Bahrain,2023,ZHO,6.0,1.0,6.0,SOFT,101.156,94.2,3.1086,100.79960000000001,0.5509999999994761,0.10526315789473684,30.9,27.1,3.3260000000000076
Bahrain,2023,DEV,6.0,1.0,6.0,SOFT,101.125,94.2,3.1086,100.7686,0.7379999999993743,0.10526315789473684,30.9,27.1,0.572100000000006
Bahrain,2023,MAG,6.0,1.0,6.0,HARD,101.125,94.2,3.1086,100.7686,1.7770000000000437,0.10526315789473684,30.9,27.1,2.2890000000000015
Bahrain,2023,VER,7.0,1.0,10.0,SOFT,98.021,92.4,3.0492000000000004,97.6052,15.0,0.12280701754385964,30.9,27.1,0.5900000000000034
Bahrain,2023,LEC,7.0,1.0,7.0,SOFT,98.691,92.4,3.0492000000000004,98.2752,5.373000000000502,0.12280701754385964,30.9,27.1,0.0811999999999955
Bahrain,2023,PER,7.0,1.0,10.0,SOFT,98.804,92.4,3.0492000000000004,98.3882,1.0489999999999782,0.12280701754385964,30.9,27.1,1.5127999999999986
Bahrain,2023,SAI,7.0,1.0,10.0,SOFT,99.502,92.4,3.0492000000000004,99.08619999999999,3.2839999999996508,0.12280701754385964,30.9,27.1,0.4656999999999982
Bahrain,2023,HAM,7.0,1.0,10.0,SOFT,99.757,92.4,3.0492000000000004,99.3412,1.9970000000002983,0.12280701754385964,30.9,27.1,0.5414000000000101
Bahrain,2023,RUS,7.0,1.0,10.0,SOFT,100.056,92.4,3.0492000000000004,99.6402,0.9840000000003783,0.12280701754385964,30.9,27.1,0.8118000000000052
Bahrain,2023,ALO,7.0,1.0,10.0,SOFT,99.729,92.4,3.0492000000000004,99.3132,1.4089999999996508,0.12280701754385964,30.9,27.1,0.18099999999999739
Bahrain,2023,STR,7.0,1.0,10.0,SOFT,99.945,92.4,3.0492000000000004,99.52919999999999,1.6220000000002983,0.12280701754385964,30.9,27.1,0.31109999999999616
Bahrain,2023,BOT,7.0,1.0,7.0,SOFT,100.564,92.4,3.0492000000000004,100.14819999999999,2.456999999999425,0.12280701754385964,30.9,27.1,0.8687999999999931
Bahrain,2023,OCO,7.0,1.0,10.0,SOFT,100.488,92.4,3.0492000000000004,100.0722,1.774000000000342,0.12280701754385964,30.9,27.1,0.6210000000000093
Bahrain,2023,ALB,7.0,1.0,7.0,SOFT,100.646,92.4,3.0492000000000004,100.2302,1.8170000000000073,0.12280701754385964,30.9,27.1,3.1178000000000026
Bahrain,2023,SAR,7.0,1.0,7.0,SOFT,100.892,92.4,3.0492000000000004,100.47619999999999,0.8550000000004729,0.12280701754385964,30.9,27.1,3.6651999999999987
Bahrain,2023,TSU,7.0,1.0,7.0,SOFT,100.952,92.4,3.0492000000000004,100.5362,0.8899999999994179,0.12280701754385964,30.9,27.1,3.9295999999999935
Bahrain,2023,HUL,7.0,1.0,10.0,SOFT,101.148,92.4,3.0492000000000004,100.73219999999999,0.9090000000005602,0.12280701754385964,30.9,27.1,4.287999999999997
Bahrain,2023,PIA,7.0,1.0,7.0,SOFT,101.167,92.4,3.0492000000000004,100.7512,0.8939999999993233,0.12280701754385964,30.9,27.1,0.45170000000000243
Bahrain,2023,ZHO,7.0,1.0,7.0,SOFT,101.197,92.4,3.0492000000000004,100.7812,0.581000000000131,0.12280701754385964,30.9,27.1,3.3670000000000044
Bahrain,2023,DEV,7.0,1.0,7.0,SOFT,101.166,92.4,3.0492000000000004,100.75019999999999,0.7699999999995271,0.12280701754385964,30.9,27.1,0.6131000000000029
Bahrain,2023,MAG,7.0,1.0,7.0,HARD,101.526,92.4,3.0492000000000004,101.11019999999999,2.1369999999997162,0.12280701754385964,30.9,27.1,2.6899999999999977
Bahrain,2023,VER,8.0,1.0,11.0,SOFT,98.154,90.6,2.9898,97.6788,15.0,0.14035087719298245,30.9,27.1,0.722999999999999
Bahrain,2023,LEC,8.0,1.0,8.0,SOFT,98.614,90.6,2.9898,98.1388,5.832999999999629,0.14035087719298245,30.9,27.1,0.004199999999997317
Bahrain,2023,PER,8.0,1.0,11.0,SOFT,99.172,90.6,2.9898,98.6968,1.606999999999971,0.14035087719298245,30.9,27.1,1.8807999999999936
Bahrain,2023,SAI,8.0,1.0,11.0,SOFT,99.779,90.6,2.9898,99.3038,3.891000000000531,0.14035087719298245,30.9,27.1,0.7426999999999992
Bahrain,2023,HAM,8.0,1.0,11.0,SOFT,100.267,90.6,2.9898,99.7918,2.4849999999996726,0.14035087719298245,30.9,27.1,1.051400000000001
Bahrain,2023,RUS,8.0,1.0,11.0,SOFT,100.31,90.6,2.9898,99.8348,1.0270000000000437,0.14035087719298245,30.9,27.1,1.06580000000001
Bahrain,2023,ALO,8.0,1.0,11.0,SOFT,99.959,90.6,2.9898,99.4838,1.0579999999999927,0.14035087719298245,30.9,27.1,0.41100000000000136
Bahrain,2023,STR,8.0,1.0,11.0,SOFT,99.801,90.6,2.9898,99.3258,1.4639999999999418,0.14035087719298245,30.9,27.1,0.1671000000000049
Bahrain,2023,BOT,8.0,1.0,8.0,SOFT,100.387,90.6,2.9898,99.9118,3.043000000000575,0.14035087719298245,30.9,27.1,0.6918000000000006
Bahrain,2023,OCO,8.0,1.0,11.0,SOFT,100.562,90.6,2.9898,100.0868,1.9489999999996144,0.14035087719298245,30.9,27.1,0.6950000000000074
Bahrain,2023,ALB,8.0,1.0,8.0,SOFT,100.918,90.6,2.9898,100.4428,2.1729999999997744,0.14035087719298245,30.9,27.1,3.389800000000008
Bahrain,2023,SAR,8.0,1.0,8.0,SOFT,100.868,90.6,2.9898,100.3928,0.8659999999999854,0.14035087719298245,30.9,27.1,3.6411999999999978
Bahrain,2023,TSU,8.0,1.0,8.0,SOFT,100.846,90.6,2.9898,100.3708,0.8680000000003929,0.14035087719298245,30.9,27.1,3.823599999999999
Bahrain,2023,HUL,8.0,1.0,11.0,SOFT,101.249,90.6,2.9898,100.7738,1.3119999999998981,0.14035087719298245,30.9,27.1,4.388999999999996
Bahrain,2023,PIA,8.0,1.0,8.0,SOFT,101.295,90.6,2.9898,100.8198,0.9399999999995998,0.14035087719298245,30.9,27.1,0.5797000000000025
Bahrain,2023,ZHO,8.0,1.0,8.0,SOFT,101.184,90.6,2.9898,100.7088,0.47000000000025466,0.14035087719298245,30.9,27.1,3.353999999999999
Bahrain,2023,DEV,8.0,1.0,8.0,SOFT,101.23,90.6,2.9898,100.7548,0.8270000000002256,0.14035087719298245,30.9,27.1,0.67710000000001
Bahrain,2023,MAG,8.0,1.0,8.0,HARD,101.283,90.6,2.9898,100.8078,2.1899999999996,0.14035087719298245,30.9,27.1,2.4470000000000027
Bahrain,2023,VER,9.0,1.0,12.0,SOFT,98.278,88.8,2.9304,97.74340000000001,15.0,0.15789473684210525,30.8,27.1,0.8470000000000084
Bahrain,2023,LEC,9.0,1.0,9.0,SOFT,98.828,88.8,2.9304,98.2934,6.382999999999811,0.15789473684210525,30.8,27.1,0.21819999999999595
Bahrain,2023,PER,9.0,1.0,12.0,SOFT,98.914,88.8,2.9304,98.3794,1.693000000000211,0.15789473684210525,30.8,27.1,1.622799999999998
Bahrain,2023,SAI,9.0,1.0,12.0,SOFT,99.744,88.8,2.9304,99.2094,4.720999999999549,0.15789473684210525,30.8,27.1,0.7077000000000027
Bahrain,2023,HAM,9.0,1.0,12.0,SOFT,100.323,88.8,2.9304,99.7884,3.0640000000003056,0.15789473684210525,30.8,27.1,1.1073999999999984
Bahrain,2023,RUS,9.0,1.0,12.0,SOFT,100.42,88.8,2.9304,99.8854,1.1239999999997963,0.15789473684210525,30.8,27.1,1.1758000000000095
Bahrain,2023,ALO,9.0,1.0,12.0,SOFT,100.275,88.8,2.9304,99.74040000000001,0.9129999999995562,0.15789473684210525,30.8,27.1,0.7270000000000039
Bahrain,2023,STR,9.0,1.0,12.0,SOFT,100.106,88.8,2.9304,99.5714,1.2950000000000728,0.15789473684210525,30.8,27.1,0.4720999999999975
Bahrain,2023,BOT,9.0,1.0,9.0,SOFT,100.275,88.8,2.9304,99.74040000000001,3.212000000000444,0.15789473684210525,30.8,27.1,0.5798000000000059
Bahrain,2023,OCO,9.0,1.0,12.0,SOFT,100.866,88.8,2.9304,100.3314,2.5399999999999636,0.15789473684210525,30.8,27.1,0.9990000000000094
Bahrain,2023,ALB,9.0,1.0,9.0,SOFT,100.969,88.8,2.9304,100.4344,2.27599999999984,0.15789473684210525,30.8,27.1,3.440799999999996
Bahrain,2023,SAR,9.0,1.0,9.0,SOFT,100.908,88.8,2.9304,100.3734,0.9909999999999854,0.15789473684210525,30.8,27.1,3.681200000000004
Bahrain,2023,TSU,9.0,1.0,9.0,SOFT,101.01,88.8,2.9304,100.47540000000001,0.9700000000002547,0.15789473684210525,30.8,27.1,3.9876000000000005
Bahrain,2023,PIA,9.0,1.0,9.0,SOFT,101.534,88.8,2.9304,100.99940000000001,0.8590000000003783,0.15789473684210525,30.8,27.1,0.8187000000000069
Bahrain,2023,ZHO,9.0,1.0,9.0,SOFT,101.526,88.8,2.9304,100.9914,0.46199999999953434,0.15789473684210525,30.8,27.1,3.695999999999998
Bahrain,2023,DEV,9.0,1.0,9.0,SOFT,101.573,88.8,2.9304,101.0384,1.375,0.15789473684210525,30.8,27.1,1.0200999999999993
Bahrain,2023,MAG,9.0,1.0,9.0,HARD,101.278,88.8,2.9304,100.74340000000001,1.8950000000004366,0.15789473684210525,30.8,27.1,2.4420000000000073
Bahrain,2023,VER,10.0,1.0,13.0,SOFT,98.369,87.0,2.871,97.775,15.0,0.17543859649122806,30.8,27.1,0.9380000000000024
Bahrain,2023,LEC,10.0,1.0,10.0,SOFT,99.073,87.0,2.871,98.479,7.086999999999534,0.17543859649122806,30.8,27.1,0.4631999999999863
Bahrain,2023,PER,10.0,1.0,13.0,SOFT,99.085,87.0,2.871,98.491,1.7050000000008367,0.17543859649122806,30.8,27.1,1.7937999999999903
Bahrain,2023,SAI,10.0,1.0,13.0,SOFT,100.102,87.0,2.871,99.50800000000001,5.737999999999374,0.17543859649122806,30.8,27.1,1.0657000000000068
Bahrain,2023,HAM,10.0,1.0,13.0,SOFT,100.289,87.0,2.871,99.69500000000001,3.2510000000002037,0.17543859649122806,30.6,27.2,1.0734000000000066
Bahrain,2023,RUS,10.0,1.0,13.0,SOFT,100.532,87.0,2.871,99.938,1.3670000000001892,0.17543859649122806,30.6,27.2,1.2878000000000043
Bahrain,2023,ALO,10.0,1.0,13.0,SOFT,100.203,87.0,2.871,99.60900000000001,0.5839999999998327,0.17543859649122806,30.6,27.2,0.6550000000000011
Bahrain,2023,STR,10.0,1.0,13.0,SOFT,100.192,87.0,2.871,99.598,1.2839999999996508,0.17543859649122806,30.6,27.2,0.558099999999996
Bahrain,2023,BOT,10.0,1.0,10.0,SOFT,100.676,87.0,2.871,100.08200000000001,3.6959999999999127,0.17543859649122806,30.6,27.2,0.9808000000000021
Bahrain,2023,OCO,10.0,1.0,13.0,SOFT,100.858,87.0,2.871,100.26400000000001,2.722000000000662,0.17543859649122806,30.6,27.2,0.9910000000000139
Bahrain,2023,ALB,10.0,1.0,10.0,SOFT,101.119,87.0,2.871,100.525,2.5369999999993524,0.17543859649122806,30.6,27.2,3.5908000000000015
Bahrain,2023,SAR,10.0,1.0,10.0,SOFT,101.133,87.0,2.871,100.539,2.0200000000004366,0.17543859649122806,30.6,27.2,3.9061999999999983
Bahrain,2023,PIA,10.0,1.0,10.0,SOFT,101.584,87.0,2.871,100.99000000000001,0.19099999999980355,0.17543859649122806,30.6,27.2,0.868700000000004
Bahrain,2023,ZHO,10.0,1.0,10.0,SOFT,101.743,87.0,2.871,101.149,0.6210000000000946,0.17543859649122806,30.6,27.2,3.9129999999999967
Bahrain,2023,DEV,10.0,1.0,10.0,SOFT,101.666,87.0,2.871,101.072,1.2979999999997744,0.17543859649122806,30.6,27.2,1.1131000000000029
Bahrain,2023,MAG,10.0,1.0,10.0,HARD,101.719,87.0,2.871,101.125,1.9480000000003201,0.17543859649122806,30.6,27.2,2.8829999999999956
Bahrain,2023,VER,11.0,1.0,14.0,SOFT,98.483,85.2,2.8116000000000003,97.8296,15.0,0.19298245614035087,30.6,27.1,1.0520000000000067
Bahrain,2023,LEC,11.0,1.0,11.0,SOFT,99.212,85.2,2.8116000000000003,98.5586,7.8159999999998035,0.19298245614035087,30.6,27.1,0.6021999999999963
Bahrain,2023,PER,11.0,1.0,14.0,SOFT,99.249,85.2,2.8116000000000003,98.59559999999999,1.7420000000001892,0.19298245614035087,30.6,27.1,1.9577999999999918
Bahrain,2023,SAI,11.0,1.0,14.0,SOFT,100.507,85.2,2.8116000000000003,99.8536,6.996000000000095,0.19298245614035087,30.6,27.1,1.470700000000008
Bahrain,2023,HAM,11.0,1.0,14.0,SOFT,100.752,85.2,2.8116000000000003,100.09859999999999,3.4960000000000946,0.19298245614035087,30.6,27.1,1.5364000000000004
Bahrain,2023,RUS,11.0,1.0,14.0,SOFT,101.085,85.2,2.8116000000000003,100.43159999999999,1.699999999999818,0.19298245614035087,30.6,27.1,1.8408000000000015
Bahrain,2023,ALO,11.0,1.0,14.0,SOFT,101.147,85.2,2.8116000000000003,100.4936,0.6459999999997308,0.19298245614035087,30.6,27.1,1.5990000000000038
Bahrain,2023,STR,11.0,1.0,14.0,SOFT,100.923,85.2,2.8116000000000003,100.2696,1.0600000000004002,0.19298245614035087,30.6,27.1,1.2891000000000048
Bahrain,2023,OCO,11.0,1.0,14.0,SOFT,101.035,85.2,2.8116000000000003,100.38159999999999,6.529999999999745,0.19298245614035087,30.6,27.1,1.1680000000000064
Bahrain,2023,SAR,11.0,1.0,11.0,SOFT,101.532,85.2,2.8116000000000003,100.87859999999999,5.054000000000087,0.19298245614035087,30.6,27.1,4.305199999999999
Bahrain,2023,PIA,11.0,1.0,11.0,SOFT,101.352,85.2,2.8116000000000003,100.6986,4.016999999999825,0.19298245614035087,30.6,27.1,0.6367000000000047
Bahrain,2023,ZHO,11.0,1.0,11.0,SOFT,102.108,85.2,2.8116000000000003,101.4546,1.3770000000004075,0.19298245614035087,30.6,27.1,4.278000000000006
Bahrain,2023,MAG,11.0,1.0,11.0,HARD,102.049,85.2,2.8116000000000003,101.3956,3.186999999999898,0.19298245614035087,30.6,27.1,3.213000000000008
Bahrain,2023,GAS,11.0,2.0,2.0,HARD,98.762,85.2,2.8116000000000003,98.1086,15.0,0.19298245614035087,30.6,27.1,0.7903999999999911
Bahrain,2023,VER,12.0,1.0,15.0,SOFT,98.591,83.4,2.7522,97.87819999999999,15.0,0.21052631578947367,30.6,27.1,1.1599999999999966
Bahrain,2023,LEC,12.0,1.0,12.0,SOFT,99.489,83.4,2.7522,98.7762,8.713999999999942,0.21052631578947367,30.5,27.1,0.8791999999999973
Bahrain,2023,PER,12.0,1.0,15.0,SOFT,99.197,83.4,2.7522,98.4842,1.4500000000007276,0.21052631578947367,30.5,27.1,1.9057999999999993
Bahrain,2023,SAI,12.0,1.0,15.0,SOFT,100.52,83.4,2.7522,99.8072,8.318999999999505,0.21052631578947367,30.5,27.1,1.483699999999999
Bahrain,2023,RUS,12.0,1.0,15.0,SOFT,101.112,83.4,2.7522,100.3992,5.788000000000466,0.21052631578947367,30.5,27.1,1.8678000000000026
Bahrain,2023,ALO,12.0,1.0,15.0,SOFT,100.934,83.4,2.7522,100.2212,0.4679999999998472,0.21052631578947367,30.5,27.1,1.3859999999999957
Bahrain,2023,STR,12.0,1.0,15.0,SOFT,101.039,83.4,2.7522,100.3262,1.1649999999999636,0.21052631578947367,30.5,27.1,1.4051000000000045
Bahrain,2023,PIA,12.0,1.0,12.0,SOFT,101.156,83.4,2.7522,100.4432,15.0,0.21052631578947367,30.5,27.1,0.44070000000000675
Bahrain,2023,MAG,12.0,1.0,12.0,HARD,101.345,83.4,2.7522,100.6322,4.752999999999702,0.21052631578947367,30.5,27.1,2.5090000000000003
Bahrain,2023,TSU,12.0,2.0,2.0,HARD,99.143,83.4,2.7522,98.4302,11.114000000000487,0.21052631578947367,30.5,27.1,1.2224999999999966
Bahrain,2023,GAS,12.0,2.0,3.0,HARD,98.928,83.4,2.7522,98.2152,2.631000000000313,0.21052631578947367,30.5,27.1,0.9563999999999879
Bahrain,2023,NOR,12.0,2.0,2.0,HARD,99.314,83.4,2.7522,98.60119999999999,5.393999999999323,0.21052631578947367,30.5,27.1,2.6269999999999953
Bahrain,2023,VER,13.0,1.0,16.0,SOFT,98.482,81.6,2.6928,97.7098,15.0,0.22807017543859648,30.5,27.1,1.051000000000002
Bahrain,2023,PER,13.0,1.0,16.0,SOFT,99.336,81.6,2.6928,98.5638,11.018000000000029,0.22807017543859648,30.5,27.1,2.044799999999995
Bahrain,2023,ALO,13.0,1.0,16.0,SOFT,100.341,81.6,2.6928,99.5688,15.0,0.22807017543859648,30.5,27.1,0.7929999999999922
Bahrain,2023,STR,13.0,1.0,16.0,SOFT,101.12,81.6,2.6928,100.3478,1.9440000000004147,0.22807017543859648,30.5,27.1,1.4861000000000075
Bahrain,2023,MAG,13.0,1.0,13.0,HARD,101.654,81.6,2.6928,100.8818,15.0,0.22807017543859648,30.5,27.1,2.817999999999998
Bahrain,2023,BOT,13.0,2.0,2.0,HARD,98.03,81.6,2.6928,97.2578,0.3580000000001746,0.22807017543859648,30.5,27.1,0.34199999999999875
Bahrain,2023,ALB,13.0,2.0,2.0,SOFT,98.649,81.6,2.6928,97.8768,6.55199999999968,0.22807017543859648,30.5,27.1,1.1208000000000027
Bahrain,2023,TSU,13.0,2.0,3.0,HARD,99.471,81.6,2.6928,98.6988,2.020999999999731,0.22807017543859648,30.5,27.1,1.5504999999999995
Bahrain,2023,GAS,13.0,2.0,4.0,HARD,99.349,81.6,2.6928,98.5768,2.5090000000000146,0.22807017543859648,30.5,27.1,1.3773999999999944
Bahrain,2023,NOR,13.0,2.0,3.0,HARD,99.51,81.6,2.6928,98.73780000000001,5.555000000000291,0.22807017543859648,30.5,27.1,2.8230000000000075
Bahrain,2023,DEV,13.0,2.0,2.0,HARD,98.924,81.6,2.6928,98.15180000000001,1.5770000000002256,0.22807017543859648,30.5,27.1,0.8218000000000103
Bahrain,2023,HUL,13.0,2.0,2.0,HARD,99.406,81.6,2.6928,98.63380000000001,1.0969999999997526,0.22807017543859648,30.5,27.1,1.7314000000000078
Bahrain,2023,PER,14.0,1.0,17.0,SOFT,98.739,79.8,2.6334,97.90740000000001,15.0,0.24561403508771928,30.5,27.1,1.4478000000000009
Bahrain,2023,STR,14.0,1.0,17.0,SOFT,100.002,79.8,2.6334,99.1704,15.0,0.24561403508771928,30.5,27.1,0.3680999999999983
Bahrain,2023,HAM,14.0,2.0,2.0,HARD,98.308,79.8,2.6334,97.47640000000001,15.0,0.24561403508771928,30.5,27.1,1.2019999999999982
Bahrain,2023,BOT,14.0,2.0,3.0,HARD,98.098,79.8,2.6334,97.2664,4.203000000000429,0.24561403508771928,30.5,27.1,0.4099999999999966
Bahrain,2023,MAG,14.0,1.0,14.0,HARD,101.739,79.8,2.6334,100.90740000000001,3.282999999999447,0.24561403508771928,30.5,27.1,2.903000000000006
Bahrain,2023,ALB,14.0,2.0,3.0,SOFT,98.472,79.8,2.6334,97.6404,3.643000000000029,0.24561403508771928,30.5,27.1,0.943799999999996
Bahrain,2023,OCO,14.0,2.0,2.0,HARD,98.649,79.8,2.6334,97.8174,0.8010000000003856,0.24561403508771928,30.5,27.1,1.433000000000007
Bahrain,2023,TSU,14.0,2.0,4.0,HARD,98.742,79.8,2.6334,97.91040000000001,1.4899999999997817,0.24561403508771928,30.5,27.1,0.8215000000000003
Bahrain,2023,GAS,14.0,2.0,5.0,HARD,98.859,79.8,2.6334,98.0274,2.6260000000002037,0.24561403508771928,30.5,27.1,0.8873999999999853
Bahrain,2023,SAR,14.0,2.0,2.0,SOFT,98.413,79.8,2.6334,97.5814,0.668999999999869,0.24561403508771928,30.5,27.1,1.1861999999999995
Bahrain,2023,NOR,14.0,2.0,4.0,HARD,99.243,79.8,2.6334,98.4114,5.270000000000437,0.24561403508771928,30.5,27.1,2.5559999999999974
Bahrain,2023,DEV,14.0,2.0,3.0,HARD,98.829,79.8,2.6334,97.9974,1.1629999999995562,0.24561403508771928,30.5,27.1,0.7267999999999972
Bahrain,2023,HUL,14.0,2.0,3.0,HARD,98.847,79.8,2.6334,98.0154,1.1149999999997817,0.24561403508771928,30.5,27.1,1.1723999999999961
Bahrain,2023,ZHO,14.0,2.0,2.0,HARD,99.33,79.8,2.6334,98.4984,0.5990000000001601,0.24561403508771928,30.5,27.1,0.44649999999998613
Bahrain,2023,PER,15.0,1.0,18.0,SOFT,98.608,78.0,2.5740000000000003,97.717,15.0,0.2631578947368421,30.5,27.0,1.3168000000000006
Bahrain,2023,LEC,15.0,2.0,2.0,HARD,98.477,78.0,2.5740000000000003,97.586,15.0,0.2631578947368421,30.5,27.0,1.1847999999999956
Bahrain,2023,SAI,15.0,2.0,2.0,HARD,97.985,78.0,2.5740000000000003,97.094,10.75500000000011,0.2631578947368421,30.5,27.0,0.5848000000000013
Bahrain,2023,HAM,15.0,2.0,3.0,HARD,98.527,78.0,2.5740000000000003,97.636,2.024999999999636,0.2631578947368421,30.5,27.0,1.4209999999999923
Bahrain,2023,BOT,15.0,2.0,4.0,HARD,98.851,78.0,2.5740000000000003,97.96,4.527000000000044,0.2631578947368421,30.5,27.0,1.1629999999999967
Bahrain,2023,RUS,15.0,2.0,2.0,HARD,97.46,78.0,2.5740000000000003,96.56899999999999,2.355000000000473,0.2631578947368421,30.5,27.0,0.09040000000000248
Bahrain,2023,ALB,15.0,2.0,4.0,SOFT,99.158,78.0,2.5740000000000003,98.267,4.877999999999702,0.2631578947368421,30.5,27.0,1.629800000000003
Bahrain,2023,TSU,15.0,2.0,5.0,HARD,98.975,78.0,2.5740000000000003,98.08399999999999,2.1080000000001746,0.2631578947368421,30.5,27.0,1.0544999999999902
Bahrain,2023,GAS,15.0,2.0,6.0,HARD,98.985,78.0,2.5740000000000003,98.094,2.6359999999995125,0.2631578947368421,30.5,27.0,1.01339999999999
Bahrain,2023,SAR,15.0,2.0,3.0,SOFT,99.033,78.0,2.5740000000000003,98.142,0.717000000000553,0.2631578947368421,30.5,27.0,1.806200000000004
Bahrain,2023,NOR,15.0,2.0,5.0,HARD,98.87,78.0,2.5740000000000003,97.979,5.106999999999971,0.2631578947368421,30.4,27.0,2.183000000000007
Bahrain,2023,DEV,15.0,2.0,4.0,HARD,98.868,78.0,2.5740000000000003,97.97699999999999,1.1610000000000582,0.2631578947368421,30.4,27.0,0.7657999999999987
Bahrain,2023,HUL,15.0,2.0,4.0,HARD,98.972,78.0,2.5740000000000003,98.08099999999999,1.219000000000051,0.2631578947368421,30.4,27.0,1.2973999999999961
Bahrain,2023,ZHO,15.0,2.0,3.0,HARD,99.229,78.0,2.5740000000000003,98.338,0.8559999999997672,0.2631578947368421,30.4,27.0,0.34549999999998704
Bahrain,2023,PER,16.0,1.0,19.0,SOFT,98.77,76.2,2.5146,97.8196,15.0,0.2807017543859649,30.4,27.0,1.4787999999999926
Bahrain,2023,VER,16.0,2.0,2.0,SOFT,97.801,76.2,2.5146,96.8506,10.338999999999942,0.2807017543859649,30.4,27.0,0.37000000000000455
Bahrain,2023,LEC,16.0,2.0,3.0,HARD,97.953,76.2,2.5146,97.0026,10.02599999999984,0.2807017543859649,30.3,27.0,0.6607999999999947
Bahrain,2023,SAI,16.0,2.0,3.0,HARD,98.433,76.2,2.5146,97.4826,11.235000000000582,0.2807017543859649,30.3,27.0,1.0328000000000088
Bahrain,2023,HAM,16.0,2.0,4.0,HARD,98.617,76.2,2.5146,97.6666,2.2089999999998327,0.2807017543859649,30.3,27.0,1.5109999999999957
Bahrain,2023,BOT,16.0,2.0,5.0,HARD,98.494,76.2,2.5146,97.5436,4.403999999999542,0.2807017543859649,30.3,27.0,0.8059999999999974
Bahrain,2023,ALO,16.0,2.0,2.0,HARD,97.542,76.2,2.5146,96.5916,0.6960000000008222,0.2807017543859649,30.3,27.0,0.7760999999999996
Bahrain,2023,RUS,16.0,2.0,3.0,HARD,97.833,76.2,2.5146,96.8826,0.9979999999995925,0.2807017543859649,30.3,27.0,0.46340000000000714
Bahrain,2023,ALB,16.0,2.0,5.0,SOFT,99.253,76.2,2.5146,98.3026,6.2979999999997744,0.2807017543859649,30.3,27.0,1.7248000000000019
Bahrain,2023,TSU,16.0,2.0,6.0,HARD,99.061,76.2,2.5146,98.1106,1.9160000000001673,0.2807017543859649,30.3,27.0,1.140500000000003
Bahrain,2023,GAS,16.0,2.0,7.0,HARD,98.945,76.2,2.5146,97.99459999999999,2.5200000000004366,0.2807017543859649,30.3,27.0,0.9733999999999838
Bahrain,2023,SAR,16.0,2.0,4.0,SOFT,98.988,76.2,2.5146,98.0376,0.7599999999993088,0.2807017543859649,30.3,27.0,1.7612000000000023
Bahrain,2023,NOR,16.0,2.0,6.0,HARD,98.86,76.2,2.5146,97.9096,4.979000000000269,0.2807017543859649,30.3,27.0,2.173000000000002
Bahrain,2023,DEV,16.0,2.0,5.0,HARD,99.127,76.2,2.5146,98.1766,1.4279999999998836,0.2807017543859649,30.3,27.0,1.024799999999999
Bahrain,2023,HUL,16.0,2.0,5.0,HARD,99.136,76.2,2.5146,98.1856,1.2280000000000655,0.2807017543859649,30.3,27.0,1.4613999999999976
Bahrain,2023,ZHO,16.0,2.0,4.0,HARD,98.998,76.2,2.5146,98.0476,0.7179999999998472,0.2807017543859649,30.3,27.0,0.1144999999999925
Bahrain,2023,VER,17.0,2.0,3.0,SOFT,97.648,74.4,2.4552000000000005,96.6382,15.0,0.2982456140350877,30.3,27.0,0.21699999999999875
Bahrain,2023,LEC,17.0,2.0,4.0,HARD,98.031,74.4,2.4552000000000005,97.02120000000001,10.40899999999965,0.2982456140350877,30.3,27.0,0.7387999999999977
Bahrain,2023,SAI,17.0,2.0,4.0,HARD,98.161,74.4,2.4552000000000005,97.1512,11.365000000000691,0.2982456140350877,30.3,27.0,0.7608000000000033
Bahrain,2023,HAM,17.0,2.0,5.0,HARD,98.704,74.4,2.4552000000000005,97.6942,2.751999999999498,0.2982456140350877,30.3,27.0,1.5979999999999848
Bahrain,2023,ALO,17.0,2.0,3.0,HARD,98.139,74.4,2.4552000000000005,97.1292,4.5349999999998545,0.2982456140350877,30.3,27.0,1.3730999999999938
Bahrain,2023,BOT,17.0,2.0,6.0,HARD,99.973,74.4,2.4552000000000005,98.9632,1.1380000000008295,0.2982456140350877,30.3,27.0,2.2849999999999966
Bahrain,2023,RUS,17.0,2.0,4.0,HARD,98.604,74.4,2.4552000000000005,97.5942,0.3249999999998181,0.2982456140350877,30.3,27.0,1.234400000000008
Bahrain,2023,STR,17.0,2.0,2.0,HARD,97.507,74.4,2.4552000000000005,96.4972,3.121999999999389,0.2982456140350877,30.3,27.0,0.26400000000001
Bahrain,2023,ALB,17.0,2.0,6.0,SOFT,99.094,74.4,2.4552000000000005,98.0842,3.6660000000001673,0.2982456140350877,30.3,27.0,1.5657999999999959
Bahrain,2023,TSU,17.0,2.0,7.0,HARD,99.021,74.4,2.4552000000000005,98.0112,1.8429999999998472,0.2982456140350877,30.3,27.0,1.1004999999999967
Bahrain,2023,GAS,17.0,2.0,8.0,HARD,99.011,74.4,2.4552000000000005,98.0012,2.5100000000002183,0.2982456140350877,30.3,27.0,1.0393999999999863
Bahrain,2023,SAR,17.0,2.0,5.0,SOFT,99.439,74.4,2.4552000000000005,98.4292,1.1880000000001019,0.2982456140350877,30.3,27.0,2.2121999999999957
Bahrain,2023,DEV,17.0,2.0,6.0,HARD,98.996,74.4,2.4552000000000005,97.9862,5.963999999999942,0.2982456140350877,30.3,27.0,0.8937999999999988
Bahrain,2023,HUL,17.0,2.0,6.0,HARD,99.396,74.4,2.4552000000000005,98.3862,1.6279999999997017,0.2982456140350877,30.3,27.0,1.7214000000000027
Bahrain,2023,ZHO,17.0,2.0,5.0,HARD,99.143,74.4,2.4552000000000005,98.1332,0.4650000000001455,0.2982456140350877,30.3,27.0,0.2594999999999885
Bahrain,2023,MAG,17.0,2.0,2.0,HARD,98.319,74.4,2.4552000000000005,97.3092,9.059000000000196,0.2982456140350877,30.3,27.0,-0.5169999999999959
Bahrain,2023,OCO,17.0,3.0,5.0,HARD,98.78,74.4,2.4552000000000005,97.7702,15.0,0.2982456140350877,30.3,27.0,1.5640000000000072
Bahrain,2023,VER,18.0,2.0,4.0,SOFT,97.614,72.6,2.3958,96.54480000000001,15.0,0.3157894736842105,30.3,26.9,0.18300000000000693
Bahrain,2023,LEC,18.0,2.0,5.0,HARD,97.798,72.6,2.3958,96.7288,10.592999999999847,0.3157894736842105,30.3,26.9,0.5057999999999936
Bahrain,2023,SAI,18.0,2.0,5.0,HARD,98.287,72.6,2.3958,97.21780000000001,11.85399999999936,0.3157894736842105,30.3,26.9,0.886800000000008
Bahrain,2023,HAM,18.0,2.0,6.0,HARD,98.69,72.6,2.3958,97.6208,3.155000000000655,0.3157894736842105,30.3,26.9,1.583999999999989
Bahrain,2023,ALO,18.0,2.0,4.0,HARD,98.124,72.6,2.3958,97.0548,3.969000000000051,0.3157894736842105,30.3,26.9,1.3580999999999932
Bahrain,2023,RUS,18.0,2.0,5.0,HARD,98.427,72.6,2.3958,97.35780000000001,1.7659999999996217,0.3157894736842105,30.3,26.9,1.0574000000000154
Bahrain,2023,BOT,18.0,2.0,7.0,HARD,100.24,72.6,2.3958,99.1708,1.4880000000002838,0.3157894736842105,30.3,26.9,2.5519999999999925
Bahrain,2023,STR,18.0,2.0,3.0,HARD,98.127,72.6,2.3958,97.0578,1.3339999999998327,0.3157894736842105,30.3,26.9,0.8840000000000003
Bahrain,2023,ALB,18.0,2.0,7.0,SOFT,99.049,72.6,2.3958,97.97980000000001,4.587999999999738,0.3157894736842105,30.3,26.9,1.5208000000000084
Bahrain,2023,TSU,18.0,2.0,8.0,HARD,99.302,72.6,2.3958,98.23280000000001,2.0960000000004584,0.3157894736842105,30.3,26.9,1.3815000000000026
Bahrain,2023,GAS,18.0,2.0,9.0,HARD,99.029,72.6,2.3958,97.9598,2.23700000000008,0.3157894736842105,30.3,26.9,1.057399999999987
Bahrain,2023,SAR,18.0,2.0,6.0,SOFT,99.399,72.6,2.3958,98.3298,1.5579999999999927,0.3157894736842105,30.3,26.9,2.1722000000000037
Bahrain,2023,DEV,18.0,2.0,7.0,HARD,99.054,72.6,2.3958,97.9848,5.618999999999687,0.3157894736842105,30.3,26.9,0.9518000000000058
Bahrain,2023,ZHO,18.0,2.0,6.0,HARD,98.873,72.6,2.3958,97.80380000000001,1.912000000000262,0.3157894736842105,30.3,26.9,-0.010500000000007503
Bahrain,2023,HUL,18.0,2.0,7.0,HARD,100.323,72.6,2.3958,99.2538,0.9849999999996726,0.3157894736842105,30.3,26.9,2.648399999999995
Bahrain,2023,MAG,18.0,2.0,3.0,HARD,98.274,72.6,2.3958,97.2048,7.475000000000364,0.3157894736842105,30.3,26.9,-0.5619999999999976
Bahrain,2023,OCO,18.0,3.0,6.0,HARD,98.886,72.6,2.3958,97.8168,15.0,0.3157894736842105,30.3,26.9,1.6700000000000017
Bahrain,2023,VER,19.0,2.0,5.0,SOFT,97.712,70.8,2.3364,96.5834,15.0,0.3333333333333333,30.3,26.9,0.2810000000000059
Bahrain,2023,LEC,19.0,2.0,6.0,HARD,97.858,70.8,2.3364,96.7294,10.739000000000487,0.3333333333333333,30.3,26.9,0.5657999999999959
Bahrain,2023,PER,19.0,2.0,4.0,SOFT,97.659,70.8,2.3364,96.5304,3.763999999999214,0.3333333333333333,30.2,26.9,0.36780000000000257
Bahrain,2023,SAI,19.0,2.0,6.0,HARD,98.21,70.8,2.3364,97.08139999999999,8.442000000000007,0.3333333333333333,30.2,26.9,0.8097999999999956
Bahrain,2023,HAM,19.0,2.0,7.0,HARD,98.684,70.8,2.3364,97.55539999999999,3.629000000000815,0.3333333333333333,30.2,26.9,1.5779999999999887
Bahrain,2023,ALO,19.0,2.0,5.0,HARD,98.361,70.8,2.3364,97.2324,3.645999999999731,0.3333333333333333,30.2,26.9,1.5951000000000022
Bahrain,2023,RUS,19.0,2.0,6.0,HARD,98.512,70.8,2.3364,97.3834,1.9169999999994616,0.3333333333333333,30.2,26.9,1.1424000000000092
Bahrain,2023,BOT,19.0,2.0,8.0,HARD,99.497,70.8,2.3364,98.3684,2.4729999999999563,0.3333333333333333,30.2,26.9,1.8089999999999975
Bahrain,2023,STR,19.0,2.0,4.0,HARD,98.587,70.8,2.3364,97.4584,0.42399999999997817,0.3333333333333333,30.2,26.9,1.3440000000000083
Bahrain,2023,ALB,19.0,2.0,8.0,SOFT,99.272,70.8,2.3364,98.1434,5.273000000000138,0.3333333333333333,30.2,26.9,1.7438000000000073
Bahrain,2023,TSU,19.0,2.0,9.0,HARD,99.17,70.8,2.3364,98.0414,1.9940000000005966,0.3333333333333333,30.2,26.9,1.2494999999999976
Bahrain,2023,GAS,19.0,2.0,10.0,HARD,99.066,70.8,2.3364,97.9374,2.132999999999811,0.3333333333333333,30.2,26.9,1.0943999999999932
Bahrain,2023,SAR,19.0,2.0,7.0,SOFT,99.22,70.8,2.3364,98.0914,1.7119999999995343,0.3333333333333333,30.2,26.9,1.9932000000000016
Bahrain,2023,DEV,19.0,2.0,8.0,HARD,99.078,70.8,2.3364,97.9494,5.477000000000771,0.3333333333333333,30.2,26.9,0.9758000000000067
Bahrain,2023,ZHO,19.0,2.0,7.0,HARD,98.794,70.8,2.3364,97.66539999999999,1.6279999999997017,0.3333333333333333,30.2,26.9,-0.08950000000001523
Bahrain,2023,HUL,19.0,2.0,8.0,HARD,99.633,70.8,2.3364,98.50439999999999,1.8239999999996144,0.3333333333333333,30.2,26.9,1.9583999999999975
Bahrain,2023,MAG,19.0,2.0,4.0,HARD,98.803,70.8,2.3364,97.67439999999999,6.645000000000437,0.3333333333333333,30.2,26.9,-0.03300000000000125
Bahrain,2023,OCO,19.0,3.0,7.0,HARD,98.817,70.8,2.3364,97.68839999999999,15.0,0.3333333333333333,30.2,26.9,1.600999999999999
Bahrain,2023,NOR,19.0,3.0,5.0,SOFT,97.966,70.8,2.3364,96.83739999999999,1.8049999999993815,0.3333333333333333,30.2,26.9,1.8469999999999942
Bahrain,2023,VER,20.0,2.0,6.0,SOFT,97.788,69.0,2.277,96.6,15.0,0.3508771929824561,30.2,26.9,0.3569999999999993
Bahrain,2023,LEC,20.0,2.0,7.0,HARD,97.631,69.0,2.277,96.443,10.581999999999425,0.3508771929824561,30.2,26.9,0.338799999999992
Bahrain,2023,PER,20.0,2.0,5.0,SOFT,97.448,69.0,2.277,96.25999999999999,3.581000000000131,0.3508771929824561,30.2,26.9,0.15679999999998984
Bahrain,2023,SAI,20.0,2.0,7.0,HARD,98.096,69.0,2.277,96.908,9.090000000000146,0.3508771929824561,30.2,26.9,0.6958000000000055
Bahrain,2023,HAM,20.0,2.0,8.0,HARD,98.478,69.0,2.277,97.28999999999999,4.0109999999995125,0.3508771929824561,30.2,26.9,1.3719999999999857
Bahrain,2023,ALO,20.0,2.0,6.0,HARD,98.318,69.0,2.277,97.13,3.486000000000786,0.3508771929824561,30.2,26.9,1.5520999999999958
Bahrain,2023,RUS,20.0,2.0,7.0,HARD,98.578,69.0,2.277,97.39,2.17699999999968,0.3508771929824561,30.2,26.9,1.2084000000000117
Bahrain,2023,STR,20.0,2.0,5.0,HARD,98.038,69.0,2.277,96.85,2.356999999999971,0.3508771929824561,30.1,26.9,0.7950000000000017
Bahrain,2023,BOT,20.0,2.0,9.0,HARD,100.442,69.0,2.277,99.25399999999999,1.9799999999995634,0.3508771929824561,30.1,26.9,2.7539999999999907
Bahrain,2023,ALB,20.0,2.0,9.0,SOFT,99.299,69.0,2.277,98.111,4.554000000000087,0.3508771929824561,30.1,26.9,1.7708000000000084
Bahrain,2023,TSU,20.0,2.0,10.0,HARD,99.282,69.0,2.277,98.094,1.9769999999998618,0.3508771929824561,30.1,26.9,1.3614999999999924
Bahrain,2023,GAS,20.0,2.0,11.0,HARD,99.017,69.0,2.277,97.829,1.868000000000393,0.3508771929824561,30.1,26.9,1.0453999999999866
Bahrain,2023,SAR,20.0,2.0,8.0,SOFT,99.186,69.0,2.277,97.998,1.8810000000003129,0.3508771929824561,30.1,26.9,1.9592000000000098
Bahrain,2023,DEV,20.0,2.0,9.0,HARD,99.182,69.0,2.277,97.994,5.472999999999956,0.3508771929824561,30.1,26.9,1.0798000000000059
Bahrain,2023,ZHO,20.0,2.0,8.0,HARD,98.896,69.0,2.277,97.708,1.3419999999996435,0.3508771929824561,30.1,26.9,0.012499999999988631
Bahrain,2023,HUL,20.0,2.0,9.0,HARD,99.495,69.0,2.277,98.307,2.4229999999997744,0.3508771929824561,30.1,26.9,1.8204000000000065
Bahrain,2023,MAG,20.0,2.0,5.0,HARD,99.083,69.0,2.277,97.895,6.233000000000175,0.3508771929824561,30.1,26.9,0.2469999999999999
Bahrain,2023,OCO,20.0,3.0,8.0,HARD,98.809,69.0,2.277,97.621,15.0,0.3508771929824561,30.1,26.9,1.5930000000000035
Bahrain,2023,NOR,20.0,3.0,6.0,SOFT,98.345,69.0,2.277,97.157,1.3409999999994398,0.3508771929824561,30.1,26.9,2.225999999999999
Bahrain,2023,VER,21.0,2.0,7.0,SOFT,97.582,67.19999999999999,2.2175999999999996,96.3346,15.0,0.3684210526315789,30.1,26.8,0.15099999999999625
Bahrain,2023,LEC,21.0,2.0,8.0,HARD,97.753,67.19999999999999,2.2175999999999996,96.5056,10.753000000000611,0.3684210526315789,30.1,26.8,0.4607999999999919
Bahrain,2023,PER,21.0,2.0,6.0,SOFT,97.24,67.19999999999999,2.2175999999999996,95.9926,3.0679999999993015,0.3684210526315789,30.1,26.8,-0.05120000000000857
Bahrain,2023,SAI,21.0,2.0,8.0,HARD,98.24,67.19999999999999,2.2175999999999996,96.9926,10.090000000000146,0.3684210526315789,30.1,26.8,0.8397999999999968
Bahrain,2023,HAM,21.0,2.0,9.0,HARD,98.581,67.19999999999999,2.2175999999999996,97.3336,4.351999999999862,0.3684210526315789,30.1,26.8,1.4749999999999943
Bahrain,2023,ALO,21.0,2.0,7.0,HARD,98.407,67.19999999999999,2.2175999999999996,97.1596,3.311999999999898,0.3684210526315789,30.1,26.8,1.6410999999999945
Bahrain,2023,RUS,21.0,2.0,8.0,HARD,98.555,67.19999999999999,2.2175999999999996,97.30760000000001,2.3250000000007276,0.3684210526315789,30.1,26.8,1.1854000000000156
Bahrain,2023,STR,21.0,2.0,6.0,HARD,98.273,67.19999999999999,2.2175999999999996,97.0256,2.074999999999818,0.3684210526315789,30.1,26.8,1.0300000000000011
Bahrain,2023,BOT,21.0,2.0,10.0,HARD,99.355,67.19999999999999,2.2175999999999996,98.1076,3.061999999999898,0.3684210526315789,30.1,26.8,1.6670000000000016
Bahrain,2023,ALB,21.0,2.0,10.0,SOFT,99.591,67.19999999999999,2.2175999999999996,98.3436,4.789999999999964,0.3684210526315789,30.1,26.8,2.0627999999999957
Bahrain,2023,TSU,21.0,2.0,11.0,HARD,99.325,67.19999999999999,2.2175999999999996,98.0776,1.71100000000024,0.3684210526315789,30.1,26.8,1.4044999999999987
Bahrain,2023,GAS,21.0,2.0,12.0,HARD,99.327,67.19999999999999,2.2175999999999996,98.0796,1.8699999999998909,0.3684210526315789,30.1,26.8,1.3553999999999888
Bahrain,2023,SAR,21.0,2.0,9.0,SOFT,99.612,67.19999999999999,2.2175999999999996,98.3646,2.1660000000001673,0.3684210526315789,30.1,26.8,2.3851999999999975
Bahrain,2023,DEV,21.0,2.0,10.0,HARD,99.182,67.19999999999999,2.2175999999999996,97.9346,5.042999999999665,0.3684210526315789,30.1,26.8,1.0798000000000059
Bahrain,2023,ZHO,21.0,2.0,9.0,HARD,98.888,67.19999999999999,2.2175999999999996,97.6406,1.0479999999997744,0.3684210526315789,30.1,26.8,0.004499999999993065
Bahrain,2023,HUL,21.0,2.0,10.0,HARD,99.703,67.19999999999999,2.2175999999999996,98.4556,3.2380000000002838,0.3684210526315789,30.0,26.8,2.028400000000005
Bahrain,2023,MAG,21.0,2.0,6.0,HARD,99.086,67.19999999999999,2.2175999999999996,97.8386,5.6159999999999854,0.3684210526315789,30.0,26.8,0.25
Bahrain,2023,OCO,21.0,3.0,9.0,HARD,98.976,67.19999999999999,2.2175999999999996,97.7286,15.0,0.3684210526315789,30.0,26.8,1.7600000000000051
Bahrain,2023,NOR,21.0,3.0,7.0,SOFT,98.297,67.19999999999999,2.2175999999999996,97.0496,0.6620000000002619,0.3684210526315789,30.0,26.8,2.1779999999999973
Bahrain,2023,VER,22.0,2.0,8.0,SOFT,97.651,65.4,2.1582000000000003,96.3442,15.0,0.38596491228070173,30.0,26.8,0.21999999999999886
Bahrain,2023,LEC,22.0,2.0,9.0,HARD,98.162,65.4,2.1582000000000003,96.85520000000001,11.264000000000124,0.38596491228070173,30.0,26.8,0.8697999999999979
Bahrain,2023,PER,22.0,2.0,7.0,SOFT,97.169,65.4,2.1582000000000003,95.8622,2.074999999999818,0.38596491228070173,30.0,26.8,-0.12220000000000653
Bahrain,2023,SAI,22.0,2.0,9.0,HARD,98.453,65.4,2.1582000000000003,97.14620000000001,11.374000000000706,0.38596491228070173,30.0,26.7,1.0528000000000048
Bahrain,2023,HAM,22.0,2.0,10.0,HARD,98.46,65.4,2.1582000000000003,97.1532,4.358999999999469,0.38596491228070173,30.0,26.7,1.353999999999985
Bahrain,2023,ALO,22.0,2.0,8.0,HARD,98.2,65.4,2.1582000000000003,96.89320000000001,3.0520000000005894,0.38596491228070173,30.0,26.7,1.4341000000000008
Bahrain,2023,RUS,22.0,2.0,9.0,HARD,98.438,65.4,2.1582000000000003,97.1312,2.5629999999991924,0.38596491228070173,30.0,26.7,1.0684000000000111
Bahrain,2023,STR,22.0,2.0,7.0,HARD,98.73,65.4,2.1582000000000003,97.42320000000001,2.367000000000189,0.38596491228070173,30.0,26.7,1.487000000000009
Bahrain,2023,BOT,22.0,2.0,11.0,HARD,99.356,65.4,2.1582000000000003,98.0492,3.688000000000102,0.38596491228070173,30.0,26.7,1.6679999999999922
Bahrain,2023,ALB,22.0,2.0,11.0,SOFT,99.588,65.4,2.1582000000000003,98.2812,5.0219999999999345,0.38596491228070173,30.0,26.7,2.0597999999999956
Bahrain,2023,TSU,22.0,2.0,12.0,HARD,99.439,65.4,2.1582000000000003,98.1322,1.5619999999998981,0.38596491228070173,30.0,26.7,1.5184999999999889
Bahrain,2023,GAS,22.0,2.0,13.0,HARD,99.485,65.4,2.1582000000000003,98.1782,1.9160000000001673,0.38596491228070173,30.0,26.7,1.51339999999999
Bahrain,2023,SAR,22.0,2.0,10.0,SOFT,99.362,65.4,2.1582000000000003,98.0552,2.043000000000575,0.38596491228070173,30.0,26.7,2.1351999999999975
Bahrain,2023,DEV,22.0,2.0,11.0,HARD,99.296,65.4,2.1582000000000003,97.98920000000001,4.976999999999862,0.38596491228070173,30.0,26.7,1.1938000000000102
Bahrain,2023,ZHO,22.0,2.0,10.0,HARD,99.115,65.4,2.1582000000000003,97.8082,0.8669999999992797,0.38596491228070173,30.0,26.7,0.23149999999998272
Bahrain,2023,HUL,22.0,2.0,11.0,HARD,99.934,65.4,2.1582000000000003,98.6272,4.0570000000006985,0.38596491228070173,30.0,26.7,2.2593999999999994
Bahrain,2023,MAG,22.0,2.0,7.0,HARD,98.913,65.4,2.1582000000000003,97.6062,4.594999999999345,0.38596491228070173,30.0,26.7,0.07699999999999818
Bahrain,2023,OCO,22.0,3.0,10.0,HARD,99.028,65.4,2.1582000000000003,97.72120000000001,15.0,0.38596491228070173,29.9,26.7,1.8120000000000118
Bahrain,2023,NOR,22.0,3.0,8.0,SOFT,98.908,65.4,2.1582000000000003,97.6012,0.5419999999994616,0.38596491228070173,29.9,26.7,2.7890000000000015
Bahrain,2023,VER,23.0,2.0,9.0,SOFT,97.552,63.6,2.0988,96.1858,15.0,0.40350877192982454,29.9,26.7,0.12100000000000932
Bahrain,2023,LEC,23.0,2.0,10.0,HARD,98.054,63.6,2.0988,96.6878,11.765999999999622,0.40350877192982454,29.9,26.7,0.7617999999999938
Bahrain,2023,PER,23.0,2.0,8.0,SOFT,97.304,63.6,2.0988,95.9378,1.324999999999818,0.40350877192982454,29.9,26.7,0.01279999999999859
Bahrain,2023,SAI,23.0,2.0,10.0,HARD,98.597,63.6,2.0988,97.23079999999999,12.667000000000371,0.40350877192982454,29.9,26.7,1.196799999999996
Bahrain,2023,HAM,23.0,2.0,11.0,HARD,98.384,63.6,2.0988,97.0178,4.145999999999731,0.40350877192982454,29.9,26.7,1.2779999999999916
Bahrain,2023,ALO,23.0,2.0,9.0,HARD,97.853,63.6,2.0988,96.48679999999999,2.5210000000006403,0.40350877192982454,29.9,26.7,1.0870999999999924
Bahrain,2023,RUS,23.0,2.0,10.0,HARD,98.773,63.6,2.0988,97.40679999999999,3.482999999999265,0.40350877192982454,29.9,26.7,1.4034000000000049
Bahrain,2023,STR,23.0,2.0,8.0,HARD,98.295,63.6,2.0988,96.9288,1.8890000000001237,0.40350877192982454,29.9,26.7,1.0520000000000067
Bahrain,2023,BOT,23.0,2.0,12.0,HARD,99.311,63.6,2.0988,97.9448,4.704000000000633,0.40350877192982454,29.9,26.7,1.6230000000000047
Bahrain,2023,ALB,23.0,2.0,12.0,SOFT,99.802,63.6,2.0988,98.4358,5.51299999999992,0.40350877192982454,29.9,26.7,2.2738000000000085
Bahrain,2023,TSU,23.0,2.0,13.0,HARD,99.632,63.6,2.0988,98.2658,1.3919999999998254,0.40350877192982454,29.9,26.7,1.711500000000001
Bahrain,2023,GAS,23.0,2.0,14.0,HARD,99.263,63.6,2.0988,97.8968,1.5469999999995707,0.40350877192982454,29.9,26.7,1.2913999999999959
Bahrain,2023,SAR,23.0,2.0,11.0,SOFT,99.692,63.6,2.0988,98.32579999999999,2.472000000000662,0.40350877192982454,29.9,26.7,2.465199999999996
Bahrain,2023,DEV,23.0,2.0,12.0,HARD,99.542,63.6,2.0988,98.1758,4.826999999999316,0.40350877192982454,29.9,26.7,1.4398000000000053
Bahrain,2023,ZHO,23.0,2.0,11.0,HARD,99.462,63.6,2.0988,98.0958,0.7870000000002619,0.40350877192982454,29.9,26.7,0.5784999999999911
Bahrain,2023,HUL,23.0,2.0,12.0,HARD,99.866,63.6,2.0988,98.4998,4.46100000000024,0.40350877192982454,29.9,26.7,2.1914000000000016
Bahrain,2023,MAG,23.0,2.0,8.0,HARD,99.027,63.6,2.0988,97.6608,3.7559999999994034,0.40350877192982454,29.9,26.7,0.1910000000000025
Bahrain,2023,NOR,23.0,3.0,9.0,SOFT,98.291,63.6,2.0988,96.92479999999999,15.0,0.40350877192982454,29.9,26.7,2.171999999999997
Bahrain,2023,OCO,23.0,3.0,11.0,HARD,100.052,63.6,2.0988,98.6858,1.219000000000051,0.40350877192982454,29.9,26.7,2.8360000000000127
Bahrain,2023,VER,24.0,2.0,10.0,SOFT,97.387,61.8,2.0394,95.9614,15.0,0.42105263157894735,29.9,26.7,-0.04399999999999693
Bahrain,2023,LEC,24.0,2.0,11.0,HARD,97.972,61.8,2.0394,96.54639999999999,12.350999999999658,0.42105263157894735,29.9,26.7,0.679799999999986
Bahrain,2023,PER,24.0,2.0,9.0,SOFT,97.352,61.8,2.0394,95.9264,0.7049999999999272,0.42105263157894735,29.9,26.7,0.06080000000000041
Bahrain,2023,SAI,24.0,2.0,11.0,HARD,98.314,61.8,2.0394,96.88839999999999,13.629000000000815,0.42105263157894735,29.9,26.7,0.9137999999999948
Bahrain,2023,HAM,24.0,2.0,12.0,HARD,98.367,61.8,2.0394,96.9414,4.198999999999614,0.42105263157894735,29.9,26.7,1.2609999999999957
Bahrain,2023,ALO,24.0,2.0,10.0,HARD,97.878,61.8,2.0394,96.4524,2.032000000000153,0.42105263157894735,29.9,26.7,1.112099999999998
Bahrain,2023,RUS,24.0,2.0,11.0,HARD,98.643,61.8,2.0394,97.2174,4.2479999999995925,0.42105263157894735,29.9,26.7,1.2734000000000094
Bahrain,2023,STR,24.0,2.0,9.0,HARD,98.478,61.8,2.0394,97.05239999999999,1.72400000000016,0.42105263157894735,29.9,26.7,1.2349999999999994
Bahrain,2023,BOT,24.0,2.0,13.0,HARD,99.427,61.8,2.0394,98.0014,5.653000000000247,0.42105263157894735,29.9,26.7,1.7390000000000043
Bahrain,2023,ALB,24.0,2.0,13.0,SOFT,99.89,61.8,2.0394,98.4644,5.975999999999658,0.42105263157894735,29.9,26.7,2.3618000000000023
Bahrain,2023,TSU,24.0,2.0,14.0,HARD,100.109,61.8,2.0394,98.68339999999999,1.6109999999998763,0.42105263157894735,29.9,26.7,2.1884999999999906
Bahrain,2023,GAS,24.0,2.0,15.0,HARD,99.761,61.8,2.0394,98.33539999999999,1.1990000000005239,0.42105263157894735,29.9,26.7,1.7893999999999863
Bahrain,2023,SAR,24.0,2.0,12.0,SOFT,99.872,61.8,2.0394,98.4464,2.582999999999629,0.42105263157894735,29.9,26.7,2.6452000000000027
Bahrain,2023,DEV,24.0,2.0,13.0,HARD,99.807,61.8,2.0394,98.3814,4.762000000000626,0.42105263157894735,29.9,26.7,1.7048000000000059
Bahrain,2023,ZHO,24.0,2.0,12.0,HARD,99.503,61.8,2.0394,98.0774,0.48299999999926513,0.42105263157894735,29.9,26.7,0.619499999999988
Bahrain,2023,HUL,24.0,2.0,13.0,HARD,99.855,61.8,2.0394,98.4294,4.813000000000102,0.42105263157894735,29.9,26.7,2.180400000000006
Bahrain,2023,MAG,24.0,2.0,9.0,HARD,98.947,61.8,2.0394,97.5214,2.8479999999999563,0.42105263157894735,29.9,26.7,0.1110000000000042
Bahrain,2023,NOR,24.0,3.0,10.0,SOFT,98.696,61.8,2.0394,97.2704,15.0,0.42105263157894735,29.9,26.7,2.576999999999998
Bahrain,2023,OCO,24.0,3.0,12.0,HARD,99.382,61.8,2.0394,97.9564,1.9049999999997453,0.42105263157894735,29.9,26.7,2.166000000000011
Bahrain,2023,VER,25.0,2.0,11.0,SOFT,97.372,60.0,1.98,95.887,15.0,0.43859649122807015,29.9,26.7,-0.0589999999999975
Bahrain,2023,LEC,25.0,2.0,12.0,HARD,98.541,60.0,1.98,97.056,13.519999999999527,0.43859649122807015,29.9,26.7,1.2487999999999886
Bahrain,2023,PER,25.0,2.0,10.0,SOFT,98.418,60.0,1.98,96.933,0.5820000000003347,0.43859649122807015,29.9,26.7,1.126800000000003
Bahrain,2023,SAI,25.0,2.0,12.0,HARD,98.571,60.0,1.98,97.086,13.782000000000153,0.43859649122807015,29.9,26.7,1.1707999999999998
Bahrain,2023,HAM,25.0,2.0,13.0,HARD,98.29,60.0,1.98,96.805,3.9179999999996653,0.43859649122807015,29.9,26.7,1.1839999999999975
Bahrain,2023,ALO,25.0,2.0,11.0,HARD,98.139,60.0,1.98,96.654,1.8810000000003129,0.43859649122807015,29.9,26.7,1.3730999999999938
Bahrain,2023,RUS,25.0,2.0,12.0,HARD,98.487,60.0,1.98,97.002,4.595999999999549,0.43859649122807015,29.9,26.7,1.1174000000000035
Bahrain,2023,STR,25.0,2.0,10.0,HARD,98.25,60.0,1.98,96.765,1.48700000000008,0.43859649122807015,29.9,26.7,1.007000000000005
Bahrain,2023,BOT,25.0,2.0,14.0,HARD,99.49,60.0,1.98,98.005,6.893000000000029,0.43859649122807015,29.9,26.7,1.8019999999999925
Bahrain,2023,ALB,25.0,2.0,14.0,SOFT,99.832,60.0,1.98,98.347,6.318000000000211,0.43859649122807015,29.9,26.7,2.3037999999999954
Bahrain,2023,TSU,25.0,2.0,15.0,HARD,99.746,60.0,1.98,98.261,1.5249999999996362,0.43859649122807015,29.9,26.7,1.825499999999991
Bahrain,2023,SAR,25.0,2.0,13.0,SOFT,99.834,60.0,1.98,98.349,3.869999999999891,0.43859649122807015,29.9,26.7,2.607200000000006
Bahrain,2023,ZHO,25.0,2.0,13.0,HARD,99.066,60.0,1.98,97.581,4.477000000000771,0.43859649122807015,29.9,26.7,0.18249999999999034
Bahrain,2023,DEV,25.0,2.0,14.0,HARD,100.96,60.0,1.98,99.475,1.4109999999991487,0.43859649122807015,29.9,26.7,2.8577999999999975
Bahrain,2023,HUL,25.0,2.0,14.0,HARD,100.295,60.0,1.98,98.81,4.631000000000313,0.43859649122807015,29.9,26.7,2.6204000000000036
Bahrain,2023,MAG,25.0,2.0,10.0,HARD,99.476,60.0,1.98,97.991,2.029000000000451,0.43859649122807015,29.9,26.7,0.6400000000000006
Bahrain,2023,NOR,25.0,3.0,11.0,SOFT,98.447,60.0,1.98,96.962,15.0,0.43859649122807015,29.9,26.7,2.328000000000003
Bahrain,2023,OCO,25.0,3.0,13.0,HARD,99.435,60.0,1.98,97.95,2.893000000000029,0.43859649122807015,29.9,26.7,2.2190000000000083
Bahrain,2023,VER,26.0,2.0,12.0,SOFT,97.682,58.199999999999996,1.9205999999999999,96.1376,15.0,0.45614035087719296,29.9,26.7,0.2510000000000048
Bahrain,2023,PER,26.0,2.0,11.0,SOFT,97.454,58.199999999999996,1.9205999999999999,95.9096,13.873999999999796,0.45614035087719296,29.9,26.7,0.16279999999999006
Bahrain,2023,LEC,26.0,2.0,13.0,HARD,99.668,58.199999999999996,1.9205999999999999,98.12360000000001,1.6320000000005166,0.45614035087719296,29.9,26.7,2.375799999999998
Bahrain,2023,SAI,26.0,2.0,13.0,HARD,98.331,58.199999999999996,1.9205999999999999,96.7866,13.027000000000044,0.45614035087719296,29.9,26.7,0.930800000000005
Bahrain,2023,HAM,26.0,2.0,14.0,HARD,98.339,58.199999999999996,1.9205999999999999,96.7946,3.925999999999476,0.45614035087719296,29.9,26.7,1.2329999999999899
Bahrain,2023,ALO,26.0,2.0,12.0,HARD,98.127,58.199999999999996,1.9205999999999999,96.5826,1.668999999999869,0.45614035087719296,29.9,26.7,1.3610999999999933
Bahrain,2023,RUS,26.0,2.0,13.0,HARD,98.462,58.199999999999996,1.9205999999999999,96.91760000000001,4.931000000000495,0.45614035087719296,29.9,26.7,1.092400000000012
Bahrain,2023,STR,26.0,2.0,11.0,HARD,98.482,58.199999999999996,1.9205999999999999,96.9376,1.506999999999607,0.45614035087719296,29.9,26.7,1.2390000000000043
Bahrain,2023,BOT,26.0,2.0,15.0,HARD,99.5,58.199999999999996,1.9205999999999999,97.9556,7.911000000000058,0.45614035087719296,29.9,26.8,1.8119999999999976
Bahrain,2023,SAR,26.0,2.0,14.0,SOFT,100.006,58.199999999999996,1.9205999999999999,98.4616,12.219000000000051,0.45614035087719296,29.9,26.8,2.779200000000003
Bahrain,2023,ZHO,26.0,2.0,14.0,HARD,99.427,58.199999999999996,1.9205999999999999,97.88260000000001,3.8980000000001382,0.45614035087719296,29.9,26.8,0.5434999999999945
Bahrain,2023,DEV,26.0,2.0,15.0,HARD,99.97,58.199999999999996,1.9205999999999999,98.4256,1.9539999999997235,0.45614035087719296,29.9,26.8,1.8678000000000026
Bahrain,2023,MAG,26.0,2.0,11.0,HARD,99.601,58.199999999999996,1.9205999999999999,98.0566,6.291000000000167,0.45614035087719296,29.9,26.8,0.7650000000000006
Bahrain,2023,NOR,26.0,3.0,12.0,SOFT,98.44,58.199999999999996,1.9205999999999999,96.8956,14.712000000000444,0.45614035087719296,29.9,26.8,2.320999999999998
Bahrain,2023,OCO,26.0,3.0,14.0,HARD,99.521,58.199999999999996,1.9205999999999999,97.9766,3.9739999999992506,0.45614035087719296,29.9,26.8,2.305000000000007
Bahrain,2023,VER,27.0,2.0,13.0,SOFT,97.379,56.4,1.8612,95.7752,15.0,0.47368421052631576,29.9,26.8,-0.0519999999999925
Bahrain,2023,PER,27.0,2.0,12.0,SOFT,97.387,56.4,1.8612,95.7832,13.881999999999607,0.47368421052631576,29.9,26.8,0.095799999999997
Bahrain,2023,LEC,27.0,2.0,14.0,HARD,98.814,56.4,1.8612,97.21019999999999,3.0590000000001965,0.47368421052631576,29.9,26.8,1.5217999999999847
Bahrain,2023,SAI,27.0,2.0,14.0,HARD,98.423,56.4,1.8612,96.8192,12.636000000000422,0.47368421052631576,29.9,26.8,1.0228000000000037
Bahrain,2023,HAM,27.0,2.0,15.0,HARD,98.369,56.4,1.8612,96.7652,3.871999999999389,0.47368421052631576,29.9,26.8,1.262999999999991
Bahrain,2023,ALO,27.0,2.0,13.0,HARD,98.612,56.4,1.8612,97.00819999999999,1.912000000000262,0.47368421052631576,29.9,26.8,1.8460999999999927
Bahrain,2023,RUS,27.0,2.0,14.0,HARD,98.625,56.4,1.8612,97.0212,4.944000000000415,0.47368421052631576,29.9,26.8,1.2554000000000087
Bahrain,2023,STR,27.0,2.0,12.0,HARD,99.021,56.4,1.8612,97.4172,1.9029999999993379,0.47368421052631576,29.9,26.8,1.7780000000000058
Bahrain,2023,BOT,27.0,2.0,16.0,HARD,99.287,56.4,1.8612,97.6832,8.17700000000059,0.47368421052631576,29.9,26.8,1.5990000000000038
Bahrain,2023,SAR,27.0,2.0,15.0,SOFT,99.602,56.4,1.8612,97.9982,12.53399999999965,0.47368421052631576,29.9,26.8,2.3752000000000066
Bahrain,2023,ZHO,27.0,2.0,15.0,HARD,99.235,56.4,1.8612,97.63119999999999,3.530999999999949,0.47368421052631576,29.9,26.8,0.35149999999998727
Bahrain,2023,MAG,27.0,2.0,12.0,HARD,99.298,56.4,1.8612,97.6942,8.307999999999993,0.47368421052631576,29.9,26.7,0.4620000000000033
Bahrain,2023,GAS,27.0,3.0,2.0,HARD,98.729,56.4,1.8612,97.12519999999999,6.556999999999789,0.47368421052631576,29.9,26.7,0.7573999999999899
Bahrain,2023,OCO,27.0,3.0,15.0,HARD,99.594,56.4,1.8612,97.99019999999999,12.425000000000182,0.47368421052631576,29.9,26.7,2.378
Bahrain,2023,VER,28.0,2.0,14.0,SOFT,97.651,54.6,1.8018,95.9878,15.0,0.49122807017543857,29.9,26.7,0.21999999999999886
Bahrain,2023,PER,28.0,2.0,13.0,SOFT,97.211,54.6,1.8018,95.5478,13.442000000000007,0.49122807017543857,29.9,26.7,-0.08020000000000493
Bahrain,2023,LEC,28.0,2.0,15.0,HARD,98.618,54.6,1.8018,96.95479999999999,4.466000000000349,0.49122807017543857,29.9,26.7,1.3257999999999868
Bahrain,2023,SAI,28.0,2.0,15.0,HARD,98.474,54.6,1.8018,96.8108,12.49200000000019,0.49122807017543857,29.9,26.7,1.0738000000000056
Bahrain,2023,HAM,28.0,2.0,16.0,HARD,98.265,54.6,1.8018,96.6018,3.662999999999556,0.49122807017543857,29.9,26.7,1.1589999999999918
Bahrain,2023,ALO,28.0,2.0,14.0,HARD,98.199,54.6,1.8018,96.5358,1.8460000000004584,0.49122807017543857,29.9,26.7,1.433099999999996
Bahrain,2023,RUS,28.0,2.0,15.0,HARD,98.448,54.6,1.8018,96.78479999999999,5.1929999999993015,0.49122807017543857,29.9,26.7,1.078400000000002
Bahrain,2023,STR,28.0,2.0,13.0,HARD,98.723,54.6,1.8018,97.0598,2.178000000000793,0.49122807017543857,29.9,26.7,1.480000000000004
Bahrain,2023,BOT,28.0,2.0,17.0,HARD,99.016,54.6,1.8018,97.3528,8.469999999999345,0.49122807017543857,29.9,26.7,1.328000000000003
Bahrain,2023,SAR,28.0,2.0,16.0,SOFT,99.62,54.6,1.8018,97.9568,13.13799999999992,0.49122807017543857,29.9,26.7,2.3932000000000073
Bahrain,2023,ZHO,28.0,2.0,16.0,HARD,99.412,54.6,1.8018,97.7488,3.32300000000032,0.49122807017543857,29.9,26.7,0.528499999999994
Bahrain,2023,MAG,28.0,2.0,13.0,HARD,99.316,54.6,1.8018,97.6528,8.211999999999534,0.49122807017543857,29.9,26.7,0.480000000000004
Bahrain,2023,ALB,28.0,3.0,2.0,HARD,97.503,54.6,1.8018,95.8398,3.8250000000007276,0.49122807017543857,29.9,26.7,-0.417199999999994
Bahrain,2023,GAS,28.0,3.0,3.0,HARD,97.761,54.6,1.8018,96.09779999999999,1.1769999999996799,0.49122807017543857,29.9,26.7,-0.21060000000001367
Bahrain,2023,TSU,28.0,3.0,2.0,HARD,97.824,54.6,1.8018,96.1608,0.7160000000003492,0.49122807017543857,29.9,26.7,-0.09650000000000603
Bahrain,2023,OCO,28.0,3.0,16.0,HARD,100.026,54.6,1.8018,98.3628,13.97399999999925,0.49122807017543857,29.7,26.6,2.8100000000000023
Bahrain,2023,VER,29.0,2.0,15.0,SOFT,97.571,52.8,1.7424,95.8484,15.0,0.5087719298245614,29.7,26.6,0.14000000000000057
Bahrain,2023,HUL,28.0,3.0,2.0,HARD,96.981,54.6,1.8018,95.31779999999999,12.01300000000083,0.49122807017543857,29.7,26.6,-0.6936000000000035
Bahrain,2023,PER,29.0,2.0,14.0,SOFT,97.733,52.8,1.7424,96.0104,13.60400000000027,0.5087719298245614,29.7,26.6,0.44180000000000064
Bahrain,2023,LEC,29.0,2.0,16.0,HARD,98.447,52.8,1.7424,96.7244,5.180000000000291,0.5087719298245614,29.7,26.6,1.1547999999999945
Bahrain,2023,SAI,29.0,2.0,16.0,HARD,98.55,52.8,1.7424,96.8274,12.594999999999345,0.5087719298245614,29.7,26.6,1.149799999999999
Bahrain,2023,HAM,29.0,2.0,17.0,HARD,98.38,52.8,1.7424,96.6574,3.493000000000393,0.5087719298245614,29.7,26.6,1.2739999999999867
Bahrain,2023,ALO,29.0,2.0,15.0,HARD,98.585,52.8,1.7424,96.8624,2.0510000000003856,0.5087719298245614,29.7,26.6,1.8190999999999917
Bahrain,2023,RUS,29.0,2.0,16.0,HARD,98.792,52.8,1.7424,97.0694,5.399999999999636,0.5087719298245614,29.7,26.6,1.4224000000000103
Bahrain,2023,STR,29.0,2.0,14.0,HARD,98.71,52.8,1.7424,96.9874,2.095999999999549,0.5087719298245614,29.7,26.6,1.4669999999999987
Bahrain,2023,SAR,29.0,2.0,17.0,SOFT,99.673,52.8,1.7424,97.9504,15.0,0.5087719298245614,29.8,26.7,2.4462000000000046
Bahrain,2023,ZHO,29.0,2.0,17.0,HARD,99.361,52.8,1.7424,97.6384,3.0109999999995125,0.5087719298245614,29.8,26.7,0.47749999999999204
Bahrain,2023,ALB,29.0,3.0,3.0,HARD,98.127,52.8,1.7424,96.4044,10.802999999999884,0.5087719298245614,29.8,26.7,0.2068000000000012
Bahrain,2023,GAS,29.0,3.0,4.0,HARD,98.012,52.8,1.7424,96.2894,1.0619999999998981,0.5087719298245614,29.8,26.7,0.04039999999999111
Bahrain,2023,TSU,29.0,3.0,3.0,HARD,97.779,52.8,1.7424,96.0564,0.4830000000001746,0.5087719298245614,29.8,26.7,-0.14150000000000773
Bahrain,2023,DEV,29.0,3.0,2.0,HARD,98.121,52.8,1.7424,96.3984,12.110999999999876,0.5087719298245614,29.8,26.7,0.018799999999998818
Bahrain,2023,VER,30.0,2.0,16.0,SOFT,97.549,51.0,1.683,95.76700000000001,15.0,0.5263157894736842,29.8,26.7,0.11800000000000921
Bahrain,2023,OCO,29.0,3.0,17.0,HARD,101.181,52.8,1.7424,99.4584,5.265000000000327,0.5087719298245614,29.8,26.7,3.9650000000000034
Bahrain,2023,HUL,29.0,3.0,3.0,HARD,97.398,52.8,1.7424,95.6754,8.229999999999563,0.5087719298245614,29.8,26.7,-0.27660000000000196
Bahrain,2023,PER,30.0,2.0,15.0,SOFT,97.4,51.0,1.683,95.61800000000001,13.454999999999927,0.5263157894736842,29.8,26.7,0.10880000000000223
Bahrain,2023,LEC,30.0,2.0,17.0,HARD,98.39,51.0,1.683,96.608,6.170000000000073,0.5263157894736842,29.7,26.7,1.0977999999999923
Bahrain,2023,NOR,29.0,4.0,2.0,MEDIUM,97.26,52.8,1.7424,95.5374,12.891000000000531,0.5087719298245614,29.7,26.7,-0.18199999999998795
Bahrain,2023,SAI,30.0,2.0,17.0,HARD,98.601,51.0,1.683,96.819,12.806000000000495,0.5263157894736842,29.7,26.7,1.200800000000001
Bahrain,2023,ALO,30.0,2.0,16.0,HARD,98.282,51.0,1.683,96.5,5.224999999999454,0.5263157894736842,29.7,26.7,1.5160999999999945
Bahrain,2023,RUS,30.0,2.0,17.0,HARD,98.541,51.0,1.683,96.759,5.65900000000056,0.5263157894736842,29.7,26.7,1.1714000000000055
Bahrain,2023,ZHO,30.0,2.0,18.0,HARD,99.382,51.0,1.683,97.60000000000001,15.0,0.5263157894736842,29.7,26.7,0.49849999999999284
Bahrain,2023,ALB,30.0,3.0,4.0,HARD,97.931,51.0,1.683,96.149,9.351999999999862,0.5263157894736842,29.6,26.7,0.010800000000003251
Bahrain,2023,GAS,30.0,3.0,5.0,HARD,97.76,51.0,1.683,95.97800000000001,0.8909999999996217,0.5263157894736842,29.6,26.7,-0.21160000000000423
Bahrain,2023,TSU,30.0,3.0,4.0,HARD,98.147,51.0,1.683,96.36500000000001,0.8699999999998909,0.5263157894736842,29.6,26.7,0.22650000000000148
Bahrain,2023,DEV,30.0,3.0,3.0,HARD,97.709,51.0,1.683,95.927,11.672999999999774,0.5263157894736842,29.6,26.7,-0.3931999999999931
Bahrain,2023,VER,31.0,2.0,17.0,SOFT,97.431,49.199999999999996,1.6236,95.58959999999999,15.0,0.543859649122807,29.6,26.7,0.0
Bahrain,2023,OCO,30.0,3.0,18.0,HARD,99.757,51.0,1.683,97.97500000000001,7.313000000000102,0.5263157894736842,29.6,26.7,2.541000000000011
Bahrain,2023,HUL,30.0,3.0,4.0,HARD,97.617,51.0,1.683,95.83500000000001,6.0900000000001455,0.5263157894736842,29.6,26.7,-0.057599999999993656
Bahrain,2023,PER,31.0,2.0,16.0,SOFT,97.919,49.199999999999996,1.6236,96.07759999999999,13.943000000000211,0.543859649122807,29.6,26.7,0.6277999999999935
Bahrain,2023,LEC,31.0,2.0,18.0,HARD,98.746,49.199999999999996,1.6236,96.90459999999999,6.996999999999389,0.543859649122807,29.6,26.7,1.4537999999999869
Bahrain,2023,NOR,30.0,4.0,3.0,MEDIUM,97.605,51.0,1.683,95.82300000000001,12.878999999999905,0.5263157894736842,29.6,26.7,0.16300000000001091
Bahrain,2023,ALO,31.0,2.0,17.0,HARD,98.009,49.199999999999996,1.6236,96.1676,15.0,0.543859649122807,29.6,26.7,1.2430999999999983
Bahrain,2023,ZHO,31.0,2.0,19.0,HARD,99.67,49.199999999999996,1.6236,97.8286,15.0,0.543859649122807,29.6,26.7,0.7864999999999895
Bahrain,2023,BOT,31.0,3.0,2.0,HARD,97.379,49.199999999999996,1.6236,95.5376,3.611000000000786,0.543859649122807,29.6,26.7,-0.3089999999999975
Bahrain,2023,ALB,31.0,3.0,5.0,HARD,98.104,49.199999999999996,1.6236,96.26259999999999,4.174999999999272,0.543859649122807,29.6,26.7,0.18380000000000507
Bahrain,2023,GAS,31.0,3.0,6.0,HARD,97.968,49.199999999999996,1.6236,96.1266,0.7550000000001091,0.543859649122807,29.6,26.7,-0.0036000000000058208
Bahrain,2023,TSU,31.0,3.0,5.0,HARD,97.813,49.199999999999996,1.6236,95.9716,0.7150000000001455,0.543859649122807,29.6,26.7,-0.1075000000000017
Bahrain,2023,DEV,31.0,3.0,4.0,HARD,97.909,49.199999999999996,1.6236,96.0676,11.769000000000233,0.543859649122807,29.6,26.7,-0.19319999999999027
Bahrain,2023,VER,32.0,2.0,18.0,SOFT,97.691,47.4,1.5642,95.7902,15.0,0.5614035087719298,29.6,26.7,0.2600000000000051
Bahrain,2023,OCO,31.0,3.0,19.0,HARD,99.748,49.199999999999996,1.6236,97.9066,9.152000000000044,0.543859649122807,29.6,26.7,2.5320000000000107
Bahrain,2023,MAG,31.0,3.0,2.0,SOFT,98.593,49.199999999999996,1.6236,96.7516,1.126999999999498,0.543859649122807,29.6,26.7,1.6045000000000158
Bahrain,2023,HUL,31.0,3.0,5.0,HARD,97.891,49.199999999999996,1.6236,96.0496,3.1060000000006767,0.543859649122807,29.6,26.7,0.21640000000000725
Bahrain,2023,PER,32.0,2.0,17.0,SOFT,97.722,47.4,1.5642,95.82119999999999,13.97400000000016,0.5614035087719298,29.6,26.7,0.43079999999999075
Bahrain,2023,LEC,32.0,2.0,19.0,HARD,98.948,47.4,1.5642,97.04719999999999,8.222999999999956,0.5614035087719298,29.6,26.7,1.655799999999985
Bahrain,2023,NOR,31.0,4.0,4.0,MEDIUM,97.768,49.199999999999996,1.6236,95.92660000000001,12.755999999999403,0.543859649122807,29.6,26.7,0.3260000000000076
Bahrain,2023,ALO,32.0,2.0,18.0,HARD,97.871,47.4,1.5642,95.97019999999999,15.0,0.5614035087719298,29.6,26.7,1.105099999999993
Bahrain,2023,HAM,32.0,3.0,2.0,HARD,97.563,47.4,1.5642,95.6622,15.0,0.5614035087719298,29.6,26.7,0.45699999999999363
Bahrain,2023,STR,32.0,3.0,2.0,HARD,96.546,47.4,1.5642,94.6452,6.381999999999607,0.5614035087719298,29.6,26.7,-0.6969999999999885
Bahrain,2023,BOT,32.0,3.0,3.0,HARD,97.675,47.4,1.5642,95.7742,10.844000000000051,0.5614035087719298,29.6,26.7,-0.01300000000000523
Bahrain,2023,ALB,32.0,3.0,6.0,HARD,97.919,47.4,1.5642,96.0182,4.4190000000007785,0.5614035087719298,29.6,26.7,-0.0011999999999972033
Bahrain,2023,GAS,32.0,3.0,7.0,HARD,98.012,47.4,1.5642,96.1112,0.8479999999999563,0.5614035087719298,29.6,26.7,0.04039999999999111
Bahrain,2023,TSU,32.0,3.0,6.0,HARD,98.017,47.4,1.5642,96.11619999999999,0.7199999999993452,0.5614035087719298,29.6,26.7,0.09649999999999181
Bahrain,2023,SAR,32.0,3.0,2.0,HARD,97.613,47.4,1.5642,95.7122,9.989000000000487,0.5614035087719298,29.6,26.7,-0.07280000000000086
Bahrain,2023,DEV,32.0,3.0,5.0,HARD,97.902,47.4,1.5642,96.0012,1.6649999999999636,0.5614035087719298,29.6,26.7,-0.20019999999999527
Bahrain,2023,VER,33.0,2.0,19.0,SOFT,97.686,45.6,1.5048000000000001,95.7258,15.0,0.5789473684210527,29.6,26.7,0.25500000000000966
Bahrain,2023,MAG,32.0,3.0,3.0,SOFT,97.644,47.4,1.5642,95.7432,10.02099999999973,0.5614035087719298,29.6,26.7,0.6555000000000177
Bahrain,2023,HUL,32.0,3.0,6.0,HARD,97.806,47.4,1.5642,95.9052,3.268000000000029,0.5614035087719298,29.6,26.7,0.1313999999999993
Bahrain,2023,PER,33.0,2.0,18.0,SOFT,97.869,45.6,1.5048000000000001,95.9088,14.157000000000153,0.5789473684210527,29.6,26.7,0.5777999999999963
Bahrain,2023,NOR,32.0,4.0,5.0,MEDIUM,98.111,47.4,1.5642,96.2102,13.060999999999694,0.5614035087719298,29.6,26.7,0.6690000000000111
Bahrain,2023,ALO,33.0,2.0,19.0,HARD,97.769,45.6,1.5048000000000001,95.8088,15.0,0.5789473684210527,29.6,26.7,1.0031000000000034
Bahrain,2023,SAI,33.0,3.0,2.0,HARD,97.548,45.6,1.5048000000000001,95.5878,15.0,0.5789473684210527,29.6,26.7,0.1478000000000037
Bahrain,2023,HAM,33.0,3.0,3.0,HARD,97.549,45.6,1.5048000000000001,95.5888,3.368000000000393,0.5789473684210527,29.6,26.7,0.44299999999999784
Bahrain,2023,STR,33.0,3.0,3.0,HARD,97.21,45.6,1.5048000000000001,95.2498,6.042999999999665,0.5789473684210527,29.6,26.7,-0.03300000000000125
Bahrain,2023,RUS,33.0,3.0,2.0,HARD,97.221,45.6,1.5048000000000001,95.2608,1.1090000000003783,0.5789473684210527,29.6,26.7,-0.14859999999998763
Bahrain,2023,BOT,33.0,3.0,4.0,HARD,97.775,45.6,1.5048000000000001,95.8148,10.300000000000182,0.5789473684210527,29.6,26.7,0.0870000000000033
Bahrain,2023,ALB,33.0,3.0,7.0,HARD,98.104,45.6,1.5048000000000001,96.1438,4.7479999999995925,0.5789473684210527,29.6,26.7,0.18380000000000507
Bahrain,2023,GAS,33.0,3.0,8.0,HARD,97.974,45.6,1.5048000000000001,96.0138,0.7179999999998472,0.5789473684210527,29.6,26.7,0.0023999999999944066
Bahrain,2023,TSU,33.0,3.0,7.0,HARD,98.094,45.6,1.5048000000000001,96.1338,0.8400000000001455,0.5789473684210527,29.6,26.7,0.17349999999999
Bahrain,2023,SAR,33.0,3.0,3.0,HARD,97.862,45.6,1.5048000000000001,95.9018,9.757000000000517,0.5789473684210527,29.6,26.6,0.17619999999999436
Bahrain,2023,DEV,33.0,3.0,6.0,HARD,97.933,45.6,1.5048000000000001,95.9728,1.7359999999998763,0.5789473684210527,29.6,26.6,-0.16919999999998936
Bahrain,2023,VER,34.0,2.0,20.0,SOFT,97.839,43.8,1.4454,95.8194,15.0,0.5964912280701754,29.6,26.6,0.40800000000000125
Bahrain,2023,MAG,33.0,3.0,4.0,SOFT,97.097,45.6,1.5048000000000001,95.1368,9.18499999999949,0.5789473684210527,29.6,26.6,0.10850000000000648
Bahrain,2023,HUL,33.0,3.0,7.0,HARD,97.761,45.6,1.5048000000000001,95.8008,3.9320000000006985,0.5789473684210527,29.6,26.6,0.08639999999999759
Bahrain,2023,NOR,33.0,4.0,6.0,MEDIUM,97.52,45.6,1.5048000000000001,95.5598,12.819999999999709,0.5789473684210527,29.6,26.6,0.07800000000000296
Bahrain,2023,SAI,34.0,3.0,3.0,HARD,97.475,43.8,1.4454,95.4554,15.0,0.5964912280701754,29.6,26.6,0.0747999999999962
Bahrain,2023,HAM,34.0,3.0,4.0,HARD,98.135,43.8,1.4454,96.11540000000001,4.028000000000247,0.5964912280701754,29.6,26.6,1.0289999999999964
Bahrain,2023,STR,34.0,3.0,4.0,HARD,97.168,43.8,1.4454,95.14840000000001,5.076000000000022,0.5964912280701754,29.6,26.6,-0.07499999999998863
Bahrain,2023,RUS,34.0,3.0,3.0,HARD,97.311,43.8,1.4454,95.29140000000001,1.251999999999498,0.5964912280701754,29.6,26.6,-0.05859999999998422
Bahrain,2023,BOT,34.0,3.0,5.0,HARD,97.774,43.8,1.4454,95.7544,10.76299999999992,0.5964912280701754,29.6,26.6,0.08599999999999852
Bahrain,2023,ALB,34.0,3.0,8.0,HARD,97.961,43.8,1.4454,95.9414,4.9350000000004,0.5964912280701754,29.6,26.6,0.04080000000000439
Bahrain,2023,GAS,34.0,3.0,9.0,HARD,98.022,43.8,1.4454,96.00240000000001,0.7789999999995416,0.5964912280701754,29.6,26.6,0.050399999999996226
Bahrain,2023,TSU,34.0,3.0,8.0,HARD,98.13,43.8,1.4454,96.1104,0.9480000000003201,0.5964912280701754,29.6,26.6,0.20949999999999136
Bahrain,2023,SAR,34.0,3.0,4.0,HARD,97.902,43.8,1.4454,95.8824,9.529000000000451,0.5964912280701754,29.6,26.6,0.21620000000000061
Bahrain,2023,DEV,34.0,3.0,7.0,HARD,98.266,43.8,1.4454,96.24640000000001,2.0999999999994543,0.5964912280701754,29.6,26.6,0.16380000000000905
Bahrain,2023,VER,35.0,2.0,21.0,SOFT,97.85,42.0,1.3860000000000001,95.771,15.0,0.6140350877192983,29.6,26.6,0.41899999999999693
Bahrain,2023,ZHO,34.0,3.0,5.0,SOFT,97.037,43.8,1.4454,95.01740000000001,3.6660000000001673,0.5964912280701754,29.6,26.6,-0.7929999999999922
Bahrain,2023,MAG,34.0,3.0,5.0,SOFT,97.528,43.8,1.4454,95.50840000000001,4.780999999999949,0.5964912280701754,29.6,26.6,0.5395000000000181
Bahrain,2023,HUL,34.0,3.0,8.0,HARD,97.895,43.8,1.4454,95.8754,4.298999999999978,0.5964912280701754,29.6,26.7,0.22039999999999793
Bahrain,2023,NOR,34.0,4.0,7.0,MEDIUM,97.987,43.8,1.4454,95.9674,12.912000000000262,0.5964912280701754,29.6,26.7,0.5450000000000017
Bahrain,2023,LEC,35.0,3.0,2.0,HARD,98.073,42.0,1.3860000000000001,95.994,15.0,0.6140350877192983,29.6,26.7,0.7807999999999851
Bahrain,2023,OCO,34.0,4.0,2.0,HARD,96.797,43.8,1.4454,94.7774,15.0,0.5964912280701754,29.6,26.7,-0.41899999999999693
Bahrain,2023,SAI,35.0,3.0,4.0,HARD,97.441,42.0,1.3860000000000001,95.36200000000001,8.469000000000051,0.6140350877192983,29.6,26.7,0.04080000000000439
Bahrain,2023,HAM,35.0,3.0,5.0,HARD,96.831,42.0,1.3860000000000001,94.75200000000001,3.418000000000575,0.6140350877192983,29.6,26.7,-0.2750000000000057
Bahrain,2023,STR,35.0,3.0,5.0,HARD,97.521,42.0,1.3860000000000001,95.44200000000001,5.765999999999622,0.6140350877192983,29.6,26.7,0.2780000000000058
Bahrain,2023,RUS,35.0,3.0,4.0,HARD,97.592,42.0,1.3860000000000001,95.513,1.3230000000003201,0.6140350877192983,29.6,26.7,0.22240000000000748
Bahrain,2023,BOT,35.0,3.0,6.0,HARD,97.817,42.0,1.3860000000000001,95.738,10.987999999999374,0.6140350877192983,29.6,26.6,0.12899999999999068
Bahrain,2023,ALB,35.0,3.0,9.0,HARD,97.984,42.0,1.3860000000000001,95.905,5.102000000000771,0.6140350877192983,29.6,26.6,0.06380000000000052
Bahrain,2023,GAS,35.0,3.0,10.0,HARD,98.088,42.0,1.3860000000000001,96.009,0.8829999999998108,0.6140350877192983,29.6,26.6,0.11639999999998452
Bahrain,2023,TSU,35.0,3.0,9.0,HARD,98.163,42.0,1.3860000000000001,96.084,1.0230000000001382,0.6140350877192983,29.6,26.6,0.2424999999999926
Bahrain,2023,SAR,35.0,3.0,5.0,HARD,98.029,42.0,1.3860000000000001,95.95,9.394999999999527,0.6140350877192983,29.6,26.6,0.34319999999999595
Bahrain,2023,DEV,35.0,3.0,8.0,HARD,98.123,42.0,1.3860000000000001,96.04400000000001,2.1940000000004147,0.6140350877192983,29.6,26.6,0.020800000000008367
Bahrain,2023,ZHO,35.0,3.0,6.0,SOFT,97.55,42.0,1.3860000000000001,95.471,3.092999999999847,0.6140350877192983,29.6,26.6,-0.28000000000000114
Bahrain,2023,MAG,35.0,3.0,6.0,SOFT,97.46,42.0,1.3860000000000001,95.381,4.6909999999998035,0.6140350877192983,29.6,26.6,0.471500000000006
Bahrain,2023,HUL,35.0,3.0,9.0,HARD,98.093,42.0,1.3860000000000001,96.01400000000001,4.931999999999789,0.6140350877192983,29.6,26.6,0.41840000000000543
Bahrain,2023,NOR,35.0,4.0,8.0,MEDIUM,97.87,42.0,1.3860000000000001,95.79100000000001,12.689000000000306,0.6140350877192983,29.6,26.6,0.4280000000000115
Bahrain,2023,PER,36.0,3.0,2.0,HARD,96.82,40.2,1.3266000000000002,94.68159999999999,15.0,0.631578947368421,29.6,26.6,0.3891999999999882
Bahrain,2023,LEC,36.0,3.0,3.0,HARD,97.313,40.2,1.3266000000000002,95.1746,10.248999999999796,0.631578947368421,29.6,26.6,0.020799999999994156
Bahrain,2023,OCO,35.0,4.0,3.0,HARD,96.964,42.0,1.3860000000000001,94.885,15.0,0.6140350877192983,29.6,26.6,-0.25199999999999534
Bahrain,2023,SAI,36.0,3.0,5.0,HARD,97.706,40.2,1.3266000000000002,95.5676,8.86200000000008,0.631578947368421,29.6,26.6,0.30580000000000496
Bahrain,2023,HAM,36.0,3.0,6.0,HARD,96.546,40.2,1.3266000000000002,94.4076,2.257999999999811,0.631578947368421,29.6,26.6,-0.5600000000000023
Bahrain,2023,ALO,36.0,3.0,2.0,HARD,96.156,40.2,1.3266000000000002,94.0176,0.5780000000004293,0.631578947368421,29.6,26.6,-0.6098999999999961
Bahrain,2023,STR,36.0,3.0,6.0,HARD,97.72,40.2,1.3266000000000002,95.5816,6.36200000000008,0.631578947368421,29.6,26.6,0.47700000000000387
Bahrain,2023,RUS,36.0,3.0,5.0,HARD,97.607,40.2,1.3266000000000002,95.4686,1.2100000000000364,0.631578947368421,29.6,26.6,0.23740000000000805
Bahrain,2023,BOT,36.0,3.0,7.0,HARD,97.827,40.2,1.3266000000000002,95.6886,11.207999999999629,0.631578947368421,29.6,26.6,0.1389999999999958
Bahrain,2023,ALB,36.0,3.0,10.0,HARD,98.176,40.2,1.3266000000000002,96.0376,5.451000000000022,0.631578947368421,29.6,26.6,0.2558000000000078
Bahrain,2023,GAS,36.0,3.0,11.0,HARD,98.184,40.2,1.3266000000000002,96.0456,0.8910000000005311,0.631578947368421,29.6,26.6,0.21239999999998815
Bahrain,2023,TSU,36.0,3.0,10.0,HARD,98.059,40.2,1.3266000000000002,95.9206,0.8979999999992287,0.631578947368421,29.6,26.6,0.1384999999999934
Bahrain,2023,SAR,36.0,3.0,6.0,HARD,97.717,40.2,1.3266000000000002,95.5786,9.053000000000793,0.631578947368421,29.5,26.6,0.03119999999999834
Bahrain,2023,DEV,36.0,3.0,9.0,HARD,98.206,40.2,1.3266000000000002,96.0676,2.6829999999999927,0.631578947368421,29.5,26.6,0.10380000000000678
Bahrain,2023,ZHO,36.0,3.0,7.0,SOFT,97.957,40.2,1.3266000000000002,95.81859999999999,2.8439999999991414,0.631578947368421,29.5,26.6,0.12699999999999534
Bahrain,2023,MAG,36.0,3.0,7.0,SOFT,97.754,40.2,1.3266000000000002,95.6156,4.488000000000284,0.631578947368421,29.5,26.6,0.7655000000000172
Bahrain,2023,HUL,36.0,3.0,10.0,HARD,98.245,40.2,1.3266000000000002,96.1066,5.4229999999997744,0.631578947368421,29.5,26.6,0.5704000000000065
Bahrain,2023,NOR,36.0,4.0,9.0,MEDIUM,99.886,40.2,1.3266000000000002,97.74759999999999,14.329999999999927,0.631578947368421,29.5,26.6,2.4440000000000026
Bahrain,2023,PER,37.0,3.0,3.0,HARD,96.344,38.39999999999999,1.2671999999999999,94.1462,15.0,0.6491228070175439,29.5,26.6,-0.08680000000001087
Bahrain,2023,LEC,37.0,3.0,4.0,HARD,97.17,38.39999999999999,1.2671999999999999,94.9722,11.074999999999818,0.6491228070175439,29.5,26.6,-0.12220000000000653
Bahrain,2023,OCO,36.0,4.0,4.0,HARD,97.364,40.2,1.3266000000000002,95.2256,15.0,0.631578947368421,29.5,26.6,0.14800000000001035
Bahrain,2023,SAI,37.0,3.0,6.0,HARD,97.13,38.39999999999999,1.2671999999999999,94.9322,8.822000000000116,0.6491228070175439,29.5,26.5,-0.27020000000000266
Bahrain,2023,HAM,37.0,3.0,7.0,HARD,97.388,38.39999999999999,1.2671999999999999,95.1902,2.5159999999996217,0.6491228070175439,29.5,26.5,0.2819999999999965
Bahrain,2023,ALO,37.0,3.0,3.0,HARD,97.431,38.39999999999999,1.2671999999999999,95.2332,0.6210000000000946,0.6491228070175439,29.5,26.5,0.6650999999999954
Bahrain,2023,STR,37.0,3.0,7.0,HARD,97.68,38.39999999999999,1.2671999999999999,95.4822,6.610999999999876,0.6491228070175439,29.5,26.5,0.4370000000000118
Bahrain,2023,RUS,37.0,3.0,6.0,HARD,97.822,38.39999999999999,1.2671999999999999,95.6242,1.3520000000007713,0.6491228070175439,29.5,26.5,0.45240000000001146
Bahrain,2023,BOT,37.0,3.0,8.0,HARD,97.774,38.39999999999999,1.2671999999999999,95.5762,11.159999999999854,0.6491228070175439,29.5,26.5,0.08599999999999852
Bahrain,2023,ALB,37.0,3.0,11.0,HARD,98.038,38.39999999999999,1.2671999999999999,95.8402,5.7150000000001455,0.6491228070175439,29.5,26.5,0.11780000000000257
Bahrain,2023,GAS,37.0,3.0,12.0,HARD,98.133,38.39999999999999,1.2671999999999999,95.9352,0.9859999999998763,0.6491228070175439,29.5,26.5,0.16139999999998622
Bahrain,2023,TSU,37.0,3.0,11.0,HARD,98.075,38.39999999999999,1.2671999999999999,95.8772,0.8400000000001455,0.6491228070175439,29.5,26.5,0.15449999999999875
Bahrain,2023,SAR,37.0,3.0,7.0,HARD,97.831,38.39999999999999,1.2671999999999999,95.6332,8.808999999999287,0.6491228070175439,29.5,26.5,0.14520000000000266
Bahrain,2023,DEV,37.0,3.0,10.0,HARD,98.423,38.39999999999999,1.2671999999999999,96.2252,3.2750000000005457,0.6491228070175439,29.5,26.5,0.3208000000000055
Bahrain,2023,ZHO,37.0,3.0,8.0,SOFT,98.003,38.39999999999999,1.2671999999999999,95.8052,2.423999999999978,0.6491228070175439,29.5,26.5,0.17300000000000182
Bahrain,2023,MAG,37.0,3.0,8.0,SOFT,97.998,38.39999999999999,1.2671999999999999,95.8002,4.483000000000175,0.6491228070175439,29.5,26.5,1.009500000000017
Bahrain,2023,HUL,37.0,3.0,11.0,HARD,98.108,38.39999999999999,1.2671999999999999,95.9102,5.532999999999447,0.6491228070175439,29.5,26.5,0.433400000000006
Bahrain,2023,VER,38.0,3.0,2.0,HARD,96.297,36.599999999999994,1.2077999999999998,94.0398,15.0,0.6666666666666666,29.5,26.5,-0.017499999999998295
Bahrain,2023,PER,38.0,3.0,4.0,HARD,96.431,36.599999999999994,1.2077999999999998,94.1738,11.782999999999447,0.6666666666666666,29.5,26.5,0.00019999999999242846
Bahrain,2023,LEC,38.0,3.0,5.0,HARD,97.17,36.599999999999994,1.2077999999999998,94.9128,11.814000000000306,0.6666666666666666,29.5,26.5,-0.12220000000000653
Bahrain,2023,OCO,37.0,4.0,5.0,HARD,97.338,38.39999999999999,1.2671999999999999,95.1402,15.0,0.6491228070175439,29.5,26.5,0.12199999999999989
Bahrain,2023,SAI,38.0,3.0,7.0,HARD,97.444,36.599999999999994,1.2077999999999998,95.1868,9.096000000000458,0.6666666666666666,29.5,26.5,0.0438000000000045
Bahrain,2023,ALO,38.0,3.0,4.0,HARD,97.002,36.599999999999994,1.2077999999999998,94.7448,2.694999999999709,0.6666666666666666,29.5,26.5,0.23609999999999332
Bahrain,2023,HAM,38.0,3.0,8.0,HARD,98.304,36.599999999999994,1.2077999999999998,96.0468,0.6809999999995853,0.6666666666666666,29.5,26.5,1.1979999999999933
Bahrain,2023,STR,38.0,3.0,8.0,HARD,97.274,36.599999999999994,1.2077999999999998,95.0168,6.2020000000002256,0.6666666666666666,29.5,26.5,0.03100000000000591
Bahrain,2023,RUS,38.0,3.0,7.0,HARD,97.66,36.599999999999994,1.2077999999999998,95.4028,1.7380000000002838,0.6666666666666666,29.5,26.5,0.2904000000000053
Bahrain,2023,BOT,38.0,3.0,9.0,HARD,97.658,36.599999999999994,1.2077999999999998,95.4008,11.157999999999447,0.6666666666666666,29.5,26.5,-0.030000000000001137
Bahrain,2023,ALB,38.0,3.0,12.0,HARD,98.33,36.599999999999994,1.2077999999999998,96.0728,6.387000000000626,0.6666666666666666,29.5,26.5,0.40980000000000416
Bahrain,2023,GAS,38.0,3.0,13.0,HARD,98.108,36.599999999999994,1.2077999999999998,95.8508,0.7640000000001237,0.6666666666666666,29.5,26.5,0.13639999999999475
Bahrain,2023,TSU,38.0,3.0,12.0,HARD,98.084,36.599999999999994,1.2077999999999998,95.8268,0.8159999999998035,0.6666666666666666,29.5,26.5,0.1634999999999991
Bahrain,2023,SAR,38.0,3.0,8.0,HARD,98.015,36.599999999999994,1.2077999999999998,95.7578,8.739999999999782,0.6666666666666666,29.5,26.5,0.32920000000000016
Bahrain,2023,DEV,38.0,3.0,11.0,HARD,98.379,36.599999999999994,1.2077999999999998,96.12180000000001,3.6390000000001237,0.6666666666666666,29.5,26.5,0.2768000000000086
Bahrain,2023,ZHO,38.0,3.0,9.0,SOFT,98.422,36.599999999999994,1.2077999999999998,96.1648,2.4669999999996435,0.6666666666666666,29.5,26.5,0.5919999999999987
Bahrain,2023,MAG,38.0,3.0,9.0,SOFT,98.303,36.599999999999994,1.2077999999999998,96.0458,4.3640000000004875,0.6666666666666666,29.5,26.5,1.3145000000000095
Bahrain,2023,HUL,38.0,3.0,12.0,HARD,98.191,36.599999999999994,1.2077999999999998,95.9338,5.420999999999367,0.6666666666666666,29.5,26.5,0.5164000000000044
Bahrain,2023,VER,39.0,3.0,3.0,HARD,96.446,34.8,1.1483999999999999,94.1294,15.0,0.6842105263157895,29.5,26.5,0.13150000000000261
Bahrain,2023,PER,39.0,3.0,5.0,HARD,96.429,34.8,1.1483999999999999,94.11240000000001,11.765999999999622,0.6842105263157895,29.5,26.5,-0.0018000000000029104
Bahrain,2023,LEC,39.0,3.0,6.0,HARD,97.287,34.8,1.1483999999999999,94.97040000000001,12.67200000000048,0.6842105263157895,29.5,26.5,-0.005200000000002092
Bahrain,2023,OCO,38.0,4.0,6.0,HARD,97.216,36.599999999999994,1.2077999999999998,94.9588,15.0,0.6666666666666666,29.5,26.5,0.0
Bahrain,2023,SAI,39.0,3.0,8.0,HARD,97.403,34.8,1.1483999999999999,95.08640000000001,9.211999999999534,0.6842105263157895,29.5,26.5,0.0028000000000076852
Bahrain,2023,ALO,39.0,3.0,5.0,HARD,97.243,34.8,1.1483999999999999,94.9264,2.5349999999998545,0.6842105263157895,29.5,26.5,0.477099999999993
Bahrain,2023,HAM,39.0,3.0,9.0,HARD,97.478,34.8,1.1483999999999999,95.1614,0.9160000000001673,0.6842105263157895,29.5,26.5,0.3719999999999857
Bahrain,2023,STR,39.0,3.0,9.0,HARD,97.456,34.8,1.1483999999999999,95.13940000000001,6.180000000000291,0.6842105263157895,29.5,26.5,0.21300000000000807
Bahrain,2023,RUS,39.0,3.0,8.0,HARD,97.495,34.8,1.1483999999999999,95.17840000000001,1.7770000000000437,0.6842105263157895,29.5,26.5,0.12540000000001328
Bahrain,2023,BOT,39.0,3.0,10.0,HARD,97.784,34.8,1.1483999999999999,95.46740000000001,11.447000000000116,0.6842105263157895,29.5,26.5,0.09600000000000364
Bahrain,2023,ALB,39.0,3.0,13.0,HARD,98.346,34.8,1.1483999999999999,96.02940000000001,6.948999999999614,0.6842105263157895,29.5,26.5,0.4258000000000095
Bahrain,2023,GAS,39.0,3.0,14.0,HARD,98.537,34.8,1.1483999999999999,96.22040000000001,0.9549999999999272,0.6842105263157895,29.5,26.5,0.5653999999999968
Bahrain,2023,TSU,39.0,3.0,13.0,HARD,98.419,34.8,1.1483999999999999,96.1024,0.6980000000003201,0.6842105263157895,29.5,26.5,0.49849999999999284
Bahrain,2023,SAR,39.0,3.0,9.0,HARD,97.971,34.8,1.1483999999999999,95.65440000000001,8.292000000000371,0.6842105263157895,29.5,26.5,0.28520000000000323
Bahrain,2023,DEV,39.0,3.0,12.0,HARD,98.535,34.8,1.1483999999999999,96.2184,4.20299999999952,0.6842105263157895,29.5,26.5,0.4328000000000003
Bahrain,2023,ZHO,39.0,3.0,10.0,SOFT,98.368,34.8,1.1483999999999999,96.0514,2.300000000000182,0.6842105263157895,29.5,26.5,0.5379999999999967
Bahrain,2023,MAG,39.0,3.0,10.0,SOFT,98.587,34.8,1.1483999999999999,96.27040000000001,4.582999999999629,0.6842105263157895,29.5,26.5,1.5985000000000156
Bahrain,2023,HUL,39.0,3.0,13.0,HARD,98.184,34.8,1.1483999999999999,95.8674,5.018000000000029,0.6842105263157895,29.5,26.5,0.5093999999999994
Bahrain,2023,VER,40.0,3.0,4.0,HARD,96.942,33.0,1.089,94.56599999999999,15.0,0.7017543859649122,29.5,26.5,0.6274999999999977
Bahrain,2023,PER,40.0,3.0,6.0,HARD,97.114,33.0,1.089,94.738,11.938000000000102,0.7017543859649122,29.5,26.5,0.6831999999999994
Bahrain,2023,SAI,42.0,3.0,11.0,HARD,97.375,29.39999999999999,0.9701999999999997,94.8802,15.0,0.7368421052631579,29.3,26.4,-0.025199999999998113
Bahrain,2023,ALO,42.0,3.0,8.0,HARD,96.334,29.39999999999999,0.9701999999999997,93.8392,1.3919999999998254,0.7368421052631579,29.3,26.4,-0.43189999999999884
Bahrain,2023,HAM,42.0,3.0,12.0,HARD,97.061,29.39999999999999,0.9701999999999997,94.56620000000001,1.7070000000003347,0.7368421052631579,29.3,26.4,-0.045000000000001705
Bahrain,2023,NOR,41.0,5.0,4.0,HARD,96.705,31.200000000000003,1.0296,94.2696,15.0,0.7192982456140351,29.3,26.4,0.018000000000000682
Bahrain,2023,STR,42.0,3.0,12.0,HARD,97.298,29.39999999999999,0.9701999999999997,94.8032,7.157000000000153,0.7368421052631579,29.3,26.4,0.05500000000000682
Bahrain,2023,RUS,42.0,3.0,11.0,HARD,97.035,29.39999999999999,0.9701999999999997,94.5402,1.1669999999994616,0.7368421052631579,29.3,26.4,-0.3345999999999947
Bahrain,2023,BOT,42.0,3.0,13.0,HARD,97.736,29.39999999999999,0.9701999999999997,95.2412,13.42700000000059,0.7368421052631579,29.3,26.4,0.04800000000000182
Bahrain,2023,GAS,42.0,4.0,2.0,SOFT,95.068,29.39999999999999,0.9701999999999997,92.5732,15.0,0.7368421052631579,29.3,26.4,-0.883899999999997
Bahrain,2023,ALB,42.0,4.0,2.0,SOFT,97.211,29.39999999999999,0.9701999999999997,94.7162,1.7730000000001382,0.7368421052631579,29.3,26.4,-0.3171999999999997
Bahrain,2023,TSU,42.0,4.0,5.0,SOFT,96.637,29.39999999999999,0.9701999999999997,94.1422,3.375,0.7368421052631579,29.3,26.4,-0.3854000000000042
Bahrain,2023,DEV,42.0,3.0,15.0,HARD,99.873,29.39999999999999,0.9701999999999997,97.3782,2.501999999999498,0.7368421052631579,29.3,26.4,1.7708000000000084
Bahrain,2023,ZHO,42.0,3.0,13.0,SOFT,99.904,29.39999999999999,0.9701999999999997,97.4092,0.38400000000001455,0.7368421052631579,29.3,26.4,2.073999999999998
Bahrain,2023,VER,43.0,3.0,7.0,HARD,96.89,27.599999999999994,0.9107999999999998,94.3358,15.0,0.7543859649122807,29.3,26.4,0.5755000000000052
Bahrain,2023,MAG,42.0,4.0,2.0,SOFT,96.471,29.39999999999999,0.9701999999999997,93.9762,12.497000000000298,0.7368421052631579,29.3,26.4,-0.5174999999999841
Bahrain,2023,PER,43.0,3.0,9.0,HARD,96.554,27.599999999999994,0.9107999999999998,93.99980000000001,9.462000000000444,0.7543859649122807,29.3,26.4,0.12319999999999709
Bahrain,2023,HUL,42.0,4.0,5.0,SOFT,96.616,29.39999999999999,0.9701999999999997,94.1212,8.782999999999447,0.7368421052631579,29.3,26.4,-0.24399999999999977
Bahrain,2023,SAI,43.0,3.0,12.0,HARD,97.294,27.599999999999994,0.9107999999999998,94.7398,15.0,0.7543859649122807,29.2,26.4,-0.10620000000000118
Bahrain,2023,ALO,43.0,3.0,9.0,HARD,96.911,27.599999999999994,0.9107999999999998,94.3568,1.0090000000000146,0.7543859649122807,29.2,26.4,0.14509999999999934
Bahrain,2023,HAM,43.0,3.0,13.0,HARD,97.111,27.599999999999994,0.9107999999999998,94.55680000000001,1.9070000000001528,0.7543859649122807,29.2,26.4,0.0049999999999954525
Bahrain,2023,NOR,42.0,5.0,5.0,HARD,96.668,29.39999999999999,0.9701999999999997,94.17320000000001,15.0,0.7368421052631579,29.2,26.4,-0.018999999999991246
Bahrain,2023,STR,43.0,3.0,13.0,HARD,97.304,27.599999999999994,0.9107999999999998,94.74980000000001,7.350000000000364,0.7543859649122807,29.2,26.4,0.06100000000000705
Bahrain,2023,RUS,43.0,3.0,12.0,HARD,97.48,27.599999999999994,0.9107999999999998,94.92580000000001,1.3429999999998472,0.7543859649122807,29.2,26.4,0.11040000000001271
Bahrain,2023,BOT,43.0,3.0,14.0,HARD,97.813,27.599999999999994,0.9107999999999998,95.25880000000001,13.760000000000218,0.7543859649122807,29.2,26.4,0.125
Bahrain,2023,GAS,43.0,4.0,3.0,SOFT,95.942,27.599999999999994,0.9107999999999998,93.3878,15.0,0.7543859649122807,29.2,26.4,-0.009900000000001796
Bahrain,2023,ALB,43.0,4.0,3.0,SOFT,97.144,27.599999999999994,0.9107999999999998,94.58980000000001,2.9749999999994543,0.7543859649122807,29.2,26.4,-0.38419999999999277
Bahrain,2023,TSU,43.0,4.0,6.0,SOFT,97.028,27.599999999999994,0.9107999999999998,94.47380000000001,3.2590000000000146,0.7543859649122807,29.2,26.4,0.00560000000000116
Bahrain,2023,ZHO,43.0,3.0,14.0,SOFT,98.311,27.599999999999994,0.9107999999999998,95.75680000000001,4.1690000000007785,0.7543859649122807,29.2,26.4,0.48100000000000875
Bahrain,2023,DEV,43.0,3.0,16.0,HARD,100.177,27.599999999999994,0.9107999999999998,97.62280000000001,1.481999999999971,0.7543859649122807,29.2,26.4,2.0748000000000104
Bahrain,2023,SAR,43.0,4.0,3.0,SOFT,96.801,27.599999999999994,0.9107999999999998,94.24680000000001,0.04899999999997817,0.7543859649122807,29.2,26.4,-0.4257999999999953
Bahrain,2023,VER,44.0,3.0,8.0,HARD,96.236,25.799999999999997,0.8513999999999999,93.6224,15.0,0.7719298245614035,29.2,26.4,-0.07849999999999113
Bahrain,2023,MAG,43.0,4.0,3.0,SOFT,96.942,27.599999999999994,0.9107999999999998,94.3878,12.63799999999992,0.7543859649122807,29.2,26.4,-0.04649999999999466
Bahrain,2023,PER,44.0,3.0,10.0,HARD,96.978,25.799999999999997,0.8513999999999999,94.36439999999999,10.204000000000633,0.7719298245614035,29.2,26.4,0.5471999999999895
Bahrain,2023,HUL,43.0,4.0,6.0,SOFT,96.793,27.599999999999994,0.9107999999999998,94.23880000000001,8.634000000000015,0.7543859649122807,29.2,26.4,-0.06699999999999307
Bahrain,2023,SAI,44.0,3.0,13.0,HARD,97.389,25.799999999999997,0.8513999999999999,94.77539999999999,15.0,0.7719298245614035,29.2,26.4,-0.01120000000000232
Bahrain,2023,ALO,44.0,3.0,10.0,HARD,97.022,25.799999999999997,0.8513999999999999,94.4084,0.6419999999998254,0.7719298245614035,29.2,26.4,0.25610000000000355
Bahrain,2023,HAM,44.0,3.0,14.0,HARD,97.048,25.799999999999997,0.8513999999999999,94.4344,1.9329999999999927,0.7719298245614035,29.2,26.4,-0.058000000000006935
Bahrain,2023,NOR,43.0,5.0,6.0,HARD,96.687,27.599999999999994,0.9107999999999998,94.1328,15.0,0.7543859649122807,29.2,26.4,0.0
Bahrain,2023,STR,44.0,3.0,14.0,HARD,97.299,25.799999999999997,0.8513999999999999,94.6854,7.6010000000005675,0.7719298245614035,29.1,26.4,0.056000000000011596
Bahrain,2023,RUS,44.0,3.0,13.0,HARD,97.597,25.799999999999997,0.8513999999999999,94.98339999999999,1.6409999999996217,0.7719298245614035,29.1,26.4,0.22740000000000293
Bahrain,2023,BOT,44.0,3.0,15.0,HARD,97.868,25.799999999999997,0.8513999999999999,95.25439999999999,14.030999999999949,0.7719298245614035,29.1,26.4,0.1799999999999926
Bahrain,2023,GAS,44.0,4.0,4.0,SOFT,95.792,25.799999999999997,0.8513999999999999,93.1784,13.88299999999981,0.7719298245614035,29.1,26.4,-0.15989999999999327
Bahrain,2023,ALB,44.0,4.0,4.0,SOFT,97.327,25.799999999999997,0.8513999999999999,94.7134,4.510000000000218,0.7719298245614035,29.1,26.4,-0.20120000000000005
Bahrain,2023,TSU,44.0,4.0,7.0,SOFT,97.01,25.799999999999997,0.8513999999999999,94.3964,2.9420000000009168,0.7719298245614035,29.1,26.4,-0.012399999999999523
Bahrain,2023,ZHO,44.0,3.0,15.0,SOFT,97.974,25.799999999999997,0.8513999999999999,95.3604,5.132999999999811,0.7719298245614035,29.1,26.4,0.14400000000000546
Bahrain,2023,SAR,44.0,4.0,4.0,SOFT,97.407,25.799999999999997,0.8513999999999999,94.79339999999999,0.9639999999999418,0.7719298245614035,29.1,26.4,0.18019999999999925
Bahrain,2023,DEV,44.0,3.0,17.0,HARD,99.588,25.799999999999997,0.8513999999999999,96.97439999999999,2.131999999999607,0.7719298245614035,29.1,26.4,1.4857999999999976
Bahrain,2023,VER,45.0,3.0,9.0,HARD,97.015,24.0,0.792,94.342,15.0,0.7894736842105263,29.1,26.4,0.7005000000000052
Bahrain,2023,MAG,44.0,4.0,4.0,SOFT,96.588,25.799999999999997,0.8513999999999999,93.97439999999999,9.686999999999898,0.7719298245614035,29.1,26.4,-0.40049999999999386
Bahrain,2023,PER,45.0,3.0,11.0,HARD,96.928,24.0,0.792,94.255,10.11700000000019,0.7894736842105263,29.1,26.4,0.4971999999999923
Bahrain,2023,HUL,44.0,4.0,7.0,SOFT,97.076,25.799999999999997,0.8513999999999999,94.46239999999999,9.121999999999389,0.7719298245614035,29.1,26.4,0.21599999999999397
Bahrain,2023,ALO,45.0,3.0,11.0,HARD,97.931,24.0,0.792,95.258,15.0,0.7894736842105263,29.1,26.4,1.1650999999999954
Bahrain,2023,SAI,45.0,3.0,14.0,HARD,99.561,24.0,0.792,96.888,0.9879999999993743,0.7894736842105263,29.1,26.4,2.160800000000009
Bahrain,2023,HAM,45.0,3.0,15.0,HARD,97.661,24.0,0.792,94.988,0.6750000000010914,0.7894736842105263,29.1,26.4,0.5549999999999926
Bahrain,2023,NOR,44.0,5.0,7.0,HARD,97.219,25.799999999999997,0.8513999999999999,94.60539999999999,15.0,0.7719298245614035,29.1,26.4,0.5319999999999965
Bahrain,2023,STR,45.0,3.0,15.0,HARD,97.222,24.0,0.792,94.54899999999999,7.161999999998443,0.7894736842105263,29.1,26.4,-0.021000000000000796
Bahrain,2023,RUS,45.0,3.0,14.0,HARD,97.316,24.0,0.792,94.643,1.735000000000582,0.7894736842105263,29.1,26.4,-0.05359999999998877
Bahrain,2023,BOT,45.0,3.0,16.0,HARD,97.688,24.0,0.792,95.015,14.403000000000247,0.7894736842105263,29.1,26.4,0.0
Bahrain,2023,GAS,45.0,4.0,5.0,SOFT,96.186,24.0,0.792,93.513,12.380999999999403,0.7894736842105263,29.1,26.4,0.2341000000000122
Bahrain,2023,ALB,45.0,4.0,5.0,SOFT,97.503,24.0,0.792,94.83,5.827000000001135,0.7894736842105263,29.1,26.4,-0.025199999999998113
Bahrain,2023,TSU,45.0,4.0,8.0,SOFT,97.021,24.0,0.792,94.348,2.459999999999127,0.7894736842105263,29.1,26.4,-0.0014000000000038426
Bahrain,2023,ZHO,45.0,3.0,16.0,SOFT,97.95,24.0,0.792,95.277,6.061999999999898,0.7894736842105263,29.1,26.4,0.12000000000000455
Bahrain,2023,SAR,45.0,4.0,5.0,SOFT,97.462,24.0,0.792,94.789,0.4760000000005675,0.7894736842105263,29.1,26.4,0.23520000000000607
Bahrain,2023,DEV,45.0,3.0,18.0,HARD,98.889,24.0,0.792,96.216,3.558999999999287,0.7894736842105263,29.1,26.4,0.7867999999999995
Bahrain,2023,VER,46.0,3.0,10.0,HARD,96.701,22.200000000000003,0.7326000000000001,93.9686,15.0,0.8070175438596491,29.1,26.4,0.38649999999999807
Bahrain,2023,MAG,45.0,4.0,5.0,SOFT,97.126,24.0,0.792,94.453,7.924000000000888,0.7894736842105263,29.1,26.4,0.13750000000001705
Bahrain,2023,PER,46.0,3.0,12.0,HARD,97.257,22.200000000000003,0.7326000000000001,94.5246,10.673000000000684,0.8070175438596491,29.1,26.4,0.8262
Bahrain,2023,HUL,45.0,4.0,8.0,SOFT,97.314,24.0,0.792,94.64099999999999,9.30999999999949,0.7894736842105263,29.1,26.4,0.4539999999999935
Bahrain,2023,ALO,46.0,3.0,12.0,HARD,97.087,22.200000000000003,0.7326000000000001,94.3546,15.0,0.8070175438596491,29.0,26.4,0.3211000000000013
Bahrain,2023,SAI,46.0,3.0,15.0,HARD,97.844,22.200000000000003,0.7326000000000001,95.1116,1.7450000000008004,0.8070175438596491,29.0,26.4,0.443799999999996
Bahrain,2023,HAM,46.0,3.0,16.0,HARD,97.779,22.200000000000003,0.7326000000000001,95.0466,0.6099999999987631,0.8070175438596491,29.0,26.4,0.6729999999999876
Bahrain,2023,NOR,45.0,5.0,8.0,HARD,97.426,24.0,0.792,94.753,15.0,0.7894736842105263,29.0,26.4,0.7390000000000043
Bahrain,2023,STR,46.0,3.0,16.0,HARD,97.562,22.200000000000003,0.7326000000000001,94.8296,6.945000000001528,0.8070175438596491,29.0,26.4,0.3190000000000026
Bahrain,2023,RUS,46.0,3.0,15.0,HARD,97.571,22.200000000000003,0.7326000000000001,94.8386,1.7439999999987776,0.8070175438596491,29.0,26.4,0.20140000000000668
Bahrain,2023,BOT,46.0,3.0,17.0,HARD,97.83,22.200000000000003,0.7326000000000001,95.0976,14.662000000000262,0.8070175438596491,29.0,26.4,0.1419999999999959
Bahrain,2023,GAS,46.0,4.0,6.0,SOFT,96.041,22.200000000000003,0.7326000000000001,93.3086,10.592000000000553,0.8070175438596491,29.0,26.4,0.08910000000000196
Bahrain,2023,ALB,46.0,4.0,6.0,SOFT,97.577,22.200000000000003,0.7326000000000001,94.8446,7.362999999999374,0.8070175438596491,29.0,26.4,0.048799999999999955
Bahrain,2023,TSU,46.0,4.0,9.0,SOFT,97.258,22.200000000000003,0.7326000000000001,94.5256,2.1409999999996217,0.8070175438596491,29.0,26.4,0.23559999999999093
Bahrain,2023,ZHO,46.0,3.0,17.0,SOFT,98.336,22.200000000000003,0.7326000000000001,95.6036,7.140000000001237,0.8070175438596491,29.0,26.4,0.5060000000000002
Bahrain,2023,SAR,46.0,4.0,6.0,SOFT,98.441,22.200000000000003,0.7326000000000001,95.7086,0.581000000000131,0.8070175438596491,29.0,26.4,1.2142000000000053
Bahrain,2023,DEV,46.0,3.0,19.0,HARD,98.871,22.200000000000003,0.7326000000000001,96.1386,3.988999999999578,0.8070175438596491,29.0,26.4,0.7687999999999988
Bahrain,2023,VER,47.0,3.0,11.0,HARD,97.009,20.39999999999999,0.6731999999999998,94.2172,15.0,0.8245614035087719,29.0,26.4,0.694500000000005
Bahrain,2023,MAG,46.0,4.0,6.0,SOFT,97.589,22.200000000000003,0.7326000000000001,94.8566,6.641999999999825,0.8070175438596491,29.0,26.4,0.6005000000000109
Bahrain,2023,PER,47.0,3.0,13.0,HARD,96.661,20.39999999999999,0.6731999999999998,93.8692,10.325000000000728,0.8245614035087719,29.0,26.4,0.2301999999999964
Bahrain,2023,HUL,46.0,4.0,9.0,SOFT,99.972,22.200000000000003,0.7326000000000001,97.2396,11.692999999999302,0.8070175438596491,29.0,26.4,3.1119999999999948
Bahrain,2023,ALO,47.0,3.0,13.0,HARD,97.326,20.39999999999999,0.6731999999999998,94.5342,15.0,0.8245614035087719,29.0,26.4,0.5600999999999914
Bahrain,2023,SAI,47.0,3.0,16.0,HARD,98.222,20.39999999999999,0.6731999999999998,95.4302,2.6409999999996217,0.8245614035087719,29.0,26.4,0.8217999999999961
Bahrain,2023,HAM,47.0,3.0,17.0,HARD,98.517,20.39999999999999,0.6731999999999998,95.7252,0.9049999999988358,0.8245614035087719,29.0,26.4,1.4109999999999872
Bahrain,2023,NOR,46.0,5.0,9.0,HARD,97.656,22.200000000000003,0.7326000000000001,94.92360000000001,15.0,0.8070175438596491,29.0,26.4,0.9690000000000083
Bahrain,2023,STR,47.0,3.0,17.0,HARD,97.257,20.39999999999999,0.6731999999999998,94.46520000000001,5.68500000000131,0.8245614035087719,29.0,26.4,0.014000000000010004
Bahrain,2023,RUS,47.0,3.0,16.0,HARD,97.432,20.39999999999999,0.6731999999999998,94.64020000000001,1.918999999999869,0.8245614035087719,29.0,26.4,0.06240000000001089
Bahrain,2023,BOT,47.0,3.0,18.0,HARD,97.815,20.39999999999999,0.6731999999999998,95.0232,15.0,0.8245614035087719,29.0,26.4,0.12699999999999534
Bahrain,2023,GAS,47.0,4.0,7.0,SOFT,96.12,20.39999999999999,0.6731999999999998,93.32820000000001,8.896999999999025,0.8245614035087719,29.0,26.4,0.16810000000000969
Bahrain,2023,ALB,47.0,4.0,7.0,SOFT,97.545,20.39999999999999,0.6731999999999998,94.7532,8.788000000000466,0.8245614035087719,29.0,26.4,0.01680000000000348
Bahrain,2023,TSU,47.0,4.0,10.0,SOFT,97.359,20.39999999999999,0.6731999999999998,94.5672,1.9549999999999272,0.8245614035087719,29.0,26.4,0.33659999999999
Bahrain,2023,SAR,47.0,4.0,7.0,SOFT,97.227,20.39999999999999,0.6731999999999998,94.43520000000001,7.588999999999942,0.8245614035087719,29.0,26.4,0.0002000000000066393
Bahrain,2023,ZHO,47.0,3.0,18.0,SOFT,99.553,20.39999999999999,0.6731999999999998,96.7612,1.7450000000008004,0.8245614035087719,29.0,26.4,1.722999999999999
Bahrain,2023,DEV,47.0,3.0,20.0,HARD,98.921,20.39999999999999,0.6731999999999998,96.12920000000001,3.938000000000102,0.8245614035087719,29.0,26.4,0.8188000000000102
Bahrain,2023,VER,48.0,3.0,12.0,HARD,96.918,18.599999999999994,0.6137999999999998,94.0668,15.0,0.8421052631578947,29.0,26.4,0.603500000000011
Bahrain,2023,MAG,47.0,4.0,7.0,SOFT,97.629,20.39999999999999,0.6731999999999998,94.83720000000001,5.349999999998545,0.8245614035087719,29.0,26.4,0.6405000000000172
Bahrain,2023,PER,48.0,3.0,14.0,HARD,96.859,18.599999999999994,0.6137999999999998,94.00779999999999,10.265999999999622,0.8421052631578947,29.0,26.4,0.4281999999999897
Bahrain,2023,HUL,47.0,4.0,10.0,SOFT,96.806,20.39999999999999,0.6731999999999998,94.0142,10.8700000000008,0.8245614035087719,29.0,26.3,-0.054000000000002046
Bahrain,2023,ALO,48.0,3.0,14.0,HARD,96.783,18.599999999999994,0.6137999999999998,93.9318,15.0,0.8421052631578947,29.0,26.3,0.017099999999999227
Bahrain,2023,SAI,48.0,3.0,17.0,HARD,97.897,18.599999999999994,0.6137999999999998,95.0458,3.7549999999991996,0.8421052631578947,29.0,26.3,0.49680000000000746
Bahrain,2023,HAM,48.0,3.0,18.0,HARD,97.844,18.599999999999994,0.6137999999999998,94.99279999999999,0.8520000000007713,0.8421052631578947,29.0,26.3,0.7379999999999853
Bahrain,2023,STR,48.0,3.0,18.0,HARD,97.448,18.599999999999994,0.6137999999999998,94.59679999999999,5.289000000000669,0.8421052631578947,29.0,26.3,0.2049999999999983
Bahrain,2023,RUS,48.0,3.0,17.0,HARD,97.52,18.599999999999994,0.6137999999999998,94.66879999999999,1.9909999999999854,0.8421052631578947,29.0,26.3,0.15040000000000475
Bahrain,2023,BOT,48.0,3.0,19.0,HARD,97.5,18.599999999999994,0.6137999999999998,94.6488,15.0,0.8421052631578947,29.0,26.3,-0.1880000000000024
Bahrain,2023,GAS,48.0,4.0,8.0,SOFT,96.368,18.599999999999994,0.6137999999999998,93.51679999999999,7.764999999999418,0.8421052631578947,29.0,26.3,0.41610000000000014
Bahrain,2023,ALB,48.0,4.0,8.0,SOFT,97.684,18.599999999999994,0.6137999999999998,94.83279999999999,10.10399999999936,0.8421052631578947,29.0,26.4,0.15579999999999927
Bahrain,2023,TSU,48.0,4.0,11.0,SOFT,97.238,18.599999999999994,0.6137999999999998,94.3868,1.5090000000000146,0.8421052631578947,29.0,26.4,0.2155999999999949
Bahrain,2023,SAR,48.0,4.0,8.0,SOFT,97.068,18.599999999999994,0.6137999999999998,94.21679999999999,7.419000000001688,0.8421052631578947,29.0,26.4,-0.15879999999999939
Bahrain,2023,ZHO,48.0,3.0,19.0,SOFT,98.596,18.599999999999994,0.6137999999999998,95.7448,3.2729999999992287,0.8421052631578947,29.0,26.4,0.7660000000000053
Bahrain,2023,VER,49.0,3.0,13.0,HARD,96.962,16.799999999999997,0.5543999999999999,94.0514,15.0,0.8596491228070176,29.0,26.4,0.647500000000008
Bahrain,2023,DEV,48.0,3.0,21.0,HARD,100.441,18.599999999999994,0.6137999999999998,97.5898,5.782999999999447,0.8421052631578947,29.0,26.4,2.338800000000006
Bahrain,2023,MAG,48.0,4.0,8.0,SOFT,97.607,18.599999999999994,0.6137999999999998,94.7558,2.5159999999996217,0.8421052631578947,29.0,26.4,0.6185000000000116
Bahrain,2023,PER,49.0,3.0,15.0,HARD,97.049,16.799999999999997,0.5543999999999999,94.1384,10.352999999999156,0.8596491228070176,29.0,26.4,0.6182000000000016
Bahrain,2023,HUL,48.0,4.0,11.0,SOFT,97.086,18.599999999999994,0.6137999999999998,94.23479999999999,10.34900000000016,0.8421052631578947,29.0,26.4,0.2259999999999991
Bahrain,2023,ALO,49.0,3.0,15.0,HARD,96.726,16.799999999999997,0.5543999999999999,93.8154,15.0,0.8596491228070176,29.0,26.4,-0.03990000000000293
Bahrain,2023,SAI,49.0,3.0,18.0,HARD,97.765,16.799999999999997,0.5543999999999999,94.8544,4.793999999999869,0.8596491228070176,29.0,26.3,0.36480000000000246
Bahrain,2023,HAM,49.0,3.0,19.0,HARD,97.954,16.799999999999997,0.5543999999999999,95.04339999999999,1.0409999999992579,0.8596491228070176,29.0,26.3,0.8479999999999848
Bahrain,2023,STR,49.0,3.0,19.0,HARD,97.551,16.799999999999997,0.5543999999999999,94.6404,4.886000000000422,0.8596491228070176,29.0,26.3,0.30800000000000693
Bahrain,2023,RUS,49.0,3.0,18.0,HARD,97.718,16.799999999999997,0.5543999999999999,94.8074,2.157999999999447,0.8596491228070176,29.0,26.3,0.34840000000001226
Bahrain,2023,BOT,49.0,3.0,20.0,HARD,97.85,16.799999999999997,0.5543999999999999,94.93939999999999,15.0,0.8596491228070176,29.0,26.3,0.16199999999999193
Bahrain,2023,GAS,49.0,4.0,9.0,SOFT,96.803,16.799999999999997,0.5543999999999999,93.8924,6.717999999998938,0.8596491228070176,29.0,26.3,0.8511000000000024
Bahrain,2023,ALB,49.0,4.0,9.0,SOFT,97.609,16.799999999999997,0.5543999999999999,94.69839999999999,10.909999999999854,0.8596491228070176,29.0,26.3,0.08079999999999643
Bahrain,2023,TSU,49.0,4.0,12.0,SOFT,97.528,16.799999999999997,0.5543999999999999,94.6174,1.4279999999998836,0.8596491228070176,29.0,26.3,0.5056000000000012
Bahrain,2023,SAR,49.0,4.0,9.0,SOFT,97.225,16.799999999999997,0.5543999999999999,94.31439999999999,7.1159999999999854,0.8596491228070176,29.0,26.3,-0.0018000000000029104
Bahrain,2023,ZHO,49.0,3.0,20.0,SOFT,98.628,16.799999999999997,0.5543999999999999,95.7174,4.676000000001295,0.8596491228070176,29.0,26.3,0.7980000000000018
Bahrain,2023,VER,50.0,3.0,14.0,HARD,97.25,15.0,0.495,94.28,15.0,0.8771929824561403,29.0,26.3,0.9355000000000047
Bahrain,2023,DEV,49.0,3.0,22.0,HARD,98.985,16.799999999999997,0.5543999999999999,96.0744,6.139999999999418,0.8596491228070176,29.0,26.3,0.8828000000000031
Bahrain,2023,MAG,49.0,4.0,9.0,SOFT,97.739,16.799999999999997,0.5543999999999999,94.8284,1.2700000000004366,0.8596491228070176,29.0,26.3,0.7505000000000166
Bahrain,2023,PER,50.0,3.0,16.0,HARD,97.731,15.0,0.495,94.761,10.833999999998923,0.8771929824561403,29.0,26.3,1.3001999999999896
Bahrain,2023,HUL,49.0,4.0,12.0,SOFT,97.077,16.799999999999997,0.5543999999999999,94.1664,9.686999999999898,0.8596491228070176,29.0,26.3,0.21699999999999875
Bahrain,2023,ALO,50.0,3.0,16.0,HARD,96.331,15.0,0.495,93.361,15.0,0.8771929824561403,29.0,26.3,-0.43489999999999895
Bahrain,2023,SAI,50.0,3.0,19.0,HARD,97.604,15.0,0.495,94.634,6.066999999999098,0.8771929824561403,29.0,26.3,0.2038000000000011
Bahrain,2023,HAM,50.0,3.0,20.0,HARD,97.77,15.0,0.495,94.8,1.2070000000003347,0.8771929824561403,29.0,26.3,0.6639999999999873
Bahrain,2023,STR,50.0,3.0,20.0,HARD,97.388,15.0,0.495,94.418,4.503999999998996,0.8771929824561403,29.0,26.3,0.14500000000001023
Bahrain,2023,RUS,50.0,3.0,19.0,HARD,97.383,15.0,0.495,94.413,2.1530000000002474,0.8771929824561403,29.0,26.3,0.013400000000004297
Bahrain,2023,BOT,50.0,3.0,21.0,HARD,97.71,15.0,0.495,94.74,15.0,0.8771929824561403,28.9,26.3,0.02199999999999136
Bahrain,2023,GAS,50.0,4.0,10.0,SOFT,96.551,15.0,0.495,93.581,5.558999999999287,0.8771929824561403,28.9,26.3,0.5991000000000071
Bahrain,2023,NOR,49.0,6.0,6.0,SOFT,99.08,16.799999999999997,0.5543999999999999,96.1694,15.0,0.8596491228070176,28.9,26.3,2.9609999999999985
Bahrain,2023,ALB,50.0,4.0,10.0,SOFT,97.695,15.0,0.495,94.725,12.054000000000087,0.8771929824561403,28.9,26.3,0.16679999999999495
Bahrain,2023,TSU,50.0,4.0,13.0,SOFT,97.624,15.0,0.495,94.654,1.356999999999971,0.8771929824561403,28.9,26.3,0.6015999999999906
Bahrain,2023,SAR,50.0,4.0,10.0,SOFT,97.29,15.0,0.495,94.32000000000001,6.782000000001062,0.8771929824561403,28.9,26.3,0.06320000000000903
Bahrain,2023,VER,51.0,3.0,15.0,HARD,97.427,13.200000000000003,0.4356000000000001,94.39760000000001,15.0,0.8947368421052632,28.9,26.3,1.1125000000000114
Bahrain,2023,ZHO,50.0,3.0,21.0,SOFT,99.893,15.0,0.495,96.923,7.279000000000451,0.8771929824561403,28.9,26.3,2.0630000000000024
Bahrain,2023,DEV,50.0,3.0,23.0,HARD,99.089,15.0,0.495,96.119,5.335999999999331,0.8771929824561403,28.9,26.3,0.9868000000000023
Bahrain,2023,MAG,50.0,4.0,10.0,SOFT,98.315,15.0,0.495,95.345,0.4959999999991851,0.8771929824561403,28.9,26.3,1.32650000000001
Bahrain,2023,PER,51.0,3.0,17.0,HARD,97.049,13.200000000000003,0.4356000000000001,94.01960000000001,10.456000000000131,0.8947368421052632,28.9,26.3,0.6182000000000016
Bahrain,2023,HUL,50.0,4.0,13.0,SOFT,97.242,15.0,0.495,94.272,8.614000000001397,0.8771929824561403,28.9,26.3,0.382000000000005
Bahrain,2023,ALO,51.0,3.0,17.0,HARD,96.96,13.200000000000003,0.4356000000000001,93.9306,15.0,0.8947368421052632,28.9,26.3,0.19409999999999172
Bahrain,2023,SAI,51.0,3.0,20.0,HARD,97.672,13.200000000000003,0.4356000000000001,94.6426,6.779000000000451,0.8947368421052632,28.9,26.3,0.27179999999999893
Bahrain,2023,HAM,51.0,3.0,21.0,HARD,98.014,13.200000000000003,0.4356000000000001,94.9846,1.5489999999990687,0.8947368421052632,28.9,26.3,0.907999999999987
Bahrain,2023,STR,51.0,3.0,21.0,HARD,97.866,13.200000000000003,0.4356000000000001,94.8366,4.355999999999767,0.8947368421052632,28.9,26.3,0.6230000000000047
Bahrain,2023,RUS,51.0,3.0,20.0,HARD,97.825,13.200000000000003,0.4356000000000001,94.79560000000001,2.1120000000009895,0.8947368421052632,28.9,26.3,0.4554000000000116
Bahrain,2023,BOT,51.0,3.0,22.0,HARD,97.816,13.200000000000003,0.4356000000000001,94.7866,15.0,0.8947368421052632,28.9,26.3,0.1280000000000001
Bahrain,2023,GAS,51.0,4.0,11.0,SOFT,96.635,13.200000000000003,0.4356000000000001,93.60560000000001,4.377999999998792,0.8947368421052632,28.9,26.3,0.6831000000000103
Bahrain,2023,NOR,50.0,6.0,7.0,SOFT,95.257,15.0,0.495,92.287,15.0,0.8771929824561403,28.9,26.3,-0.8619999999999948
Bahrain,2023,ALB,51.0,4.0,11.0,SOFT,97.727,13.200000000000003,0.4356000000000001,94.69760000000001,13.14600000000064,0.8947368421052632,28.9,26.3,0.19880000000000564
Bahrain,2023,TSU,51.0,4.0,14.0,SOFT,97.706,13.200000000000003,0.4356000000000001,94.67660000000001,1.3359999999993306,0.8947368421052632,28.9,26.3,0.6835999999999984
Bahrain,2023,SAR,51.0,4.0,11.0,SOFT,97.472,13.200000000000003,0.4356000000000001,94.4426,6.548000000000684,0.8947368421052632,28.9,26.3,0.24519999999999698
Bahrain,2023,VER,52.0,3.0,16.0,HARD,96.919,11.399999999999991,0.37619999999999976,93.83019999999999,15.0,0.9122807017543859,28.9,26.3,0.6045000000000016
Bahrain,2023,ZHO,51.0,3.0,22.0,SOFT,98.719,13.200000000000003,0.4356000000000001,95.6896,8.52599999999984,0.8947368421052632,28.9,26.3,0.8889999999999958
Bahrain,2023,MAG,51.0,4.0,11.0,SOFT,98.157,13.200000000000003,0.4356000000000001,95.1276,5.270000000000437,0.8947368421052632,28.9,26.3,1.1685000000000088
Bahrain,2023,DEV,51.0,3.0,24.0,HARD,100.475,13.200000000000003,0.4356000000000001,97.4456,1.8220000000001164,0.8947368421052632,28.9,26.3,2.372799999999998
Bahrain,2023,PER,52.0,3.0,18.0,HARD,97.062,11.399999999999991,0.37619999999999976,93.97319999999999,10.59900000000016,0.9122807017543859,28.9,26.3,0.6311999999999927
Bahrain,2023,HUL,51.0,4.0,14.0,SOFT,97.306,13.200000000000003,0.4356000000000001,94.2766,5.940999999998894,0.8947368421052632,28.9,26.3,0.44599999999999795
Bahrain,2023,ALO,52.0,3.0,18.0,HARD,97.01,11.399999999999991,0.37619999999999976,93.9212,15.0,0.9122807017543859,28.9,26.3,0.2441000000000031
Bahrain,2023,SAI,52.0,3.0,21.0,HARD,97.49,11.399999999999991,0.37619999999999976,94.40119999999999,7.2590000000000146,0.9122807017543859,28.9,26.3,0.08979999999999677
Bahrain,2023,HAM,52.0,3.0,22.0,HARD,97.803,11.399999999999991,0.37619999999999976,94.71419999999999,1.8619999999991705,0.9122807017543859,28.9,26.3,0.6969999999999885
Bahrain,2023,STR,52.0,3.0,22.0,HARD,97.579,11.399999999999991,0.37619999999999976,94.49019999999999,4.132000000001426,0.9122807017543859,28.8,26.3,0.3359999999999985
Bahrain,2023,RUS,52.0,3.0,21.0,HARD,97.589,11.399999999999991,0.37619999999999976,94.50019999999999,2.121999999999389,0.9122807017543859,28.8,26.3,0.21940000000000737
Bahrain,2023,BOT,52.0,3.0,23.0,HARD,97.947,11.399999999999991,0.37619999999999976,94.8582,15.0,0.9122807017543859,28.8,26.3,0.25900000000000034
Bahrain,2023,GAS,52.0,4.0,12.0,SOFT,96.891,11.399999999999991,0.37619999999999976,93.8022,3.3220000000001164,0.9122807017543859,28.8,26.3,0.9391000000000105
Bahrain,2023,NOR,51.0,6.0,8.0,SOFT,95.822,13.200000000000003,0.4356000000000001,92.79260000000001,15.0,0.8947368421052632,28.8,26.3,-0.29699999999999704
Bahrain,2023,ALB,52.0,4.0,12.0,SOFT,97.861,11.399999999999991,0.37619999999999976,94.7722,14.115999999999985,0.9122807017543859,28.8,26.3,0.332800000000006
Bahrain,2023,TSU,52.0,4.0,15.0,SOFT,97.59,11.399999999999991,0.37619999999999976,94.5012,1.0649999999986903,0.9122807017543859,28.8,26.3,0.5675999999999988
Bahrain,2023,SAR,52.0,4.0,12.0,SOFT,97.456,11.399999999999991,0.37619999999999976,94.3672,6.414000000000669,0.9122807017543859,28.8,26.3,0.22920000000000584
Bahrain,2023,VER,53.0,3.0,17.0,HARD,96.89,9.599999999999994,0.3167999999999998,93.7418,15.0,0.9298245614035088,28.8,26.3,0.5755000000000052
Bahrain,2023,ZHO,52.0,3.0,23.0,SOFT,98.713,11.399999999999991,0.37619999999999976,95.62419999999999,9.782999999999447,0.9122807017543859,28.8,26.3,0.8829999999999956
Bahrain,2023,MAG,52.0,4.0,12.0,SOFT,97.963,11.399999999999991,0.37619999999999976,94.87419999999999,4.520000000000437,0.9122807017543859,28.8,26.3,0.9745000000000061
Bahrain,2023,PER,53.0,3.0,19.0,HARD,97.345,9.599999999999994,0.3167999999999998,94.1968,11.054000000000087,0.9298245614035088,28.8,26.3,0.9141999999999939
Bahrain,2023,DEV,52.0,3.0,25.0,HARD,100.33,11.399999999999991,0.37619999999999976,97.24119999999999,4.189000000000306,0.9122807017543859,28.8,26.3,2.227800000000002
Bahrain,2023,HUL,52.0,4.0,15.0,SOFT,97.917,11.399999999999991,0.37619999999999976,94.8282,3.5280000000002474,0.9122807017543859,28.8,26.3,1.0570000000000022
Bahrain,2023,ALO,53.0,3.0,19.0,HARD,97.01,9.599999999999994,0.3167999999999998,93.8618,15.0,0.9298245614035088,28.8,26.3,0.2441000000000031
Bahrain,2023,SAI,53.0,3.0,22.0,HARD,97.66,9.599999999999994,0.3167999999999998,94.5118,7.908999999999651,0.9298245614035088,28.8,26.3,0.2597999999999985
Bahrain,2023,HAM,53.0,3.0,23.0,HARD,97.988,9.599999999999994,0.3167999999999998,94.8398,2.1900000000005093,0.9298245614035088,28.8,26.3,0.8819999999999908
Bahrain,2023,STR,53.0,3.0,23.0,HARD,98.379,9.599999999999994,0.3167999999999998,95.2308,4.522999999999229,0.9298245614035088,28.8,26.3,1.13600000000001
Bahrain,2023,RUS,53.0,3.0,22.0,HARD,97.841,9.599999999999994,0.3167999999999998,94.69279999999999,1.5840000000007421,0.9298245614035088,28.8,26.3,0.4714000000000027
Bahrain,2023,BOT,53.0,3.0,24.0,HARD,97.856,9.599999999999994,0.3167999999999998,94.70779999999999,15.0,0.9298245614035088,28.8,26.3,0.16799999999999216
Bahrain,2023,GAS,53.0,4.0,13.0,SOFT,96.979,9.599999999999994,0.3167999999999998,93.8308,2.444999999999709,0.9298245614035088,28.8,26.2,1.0271000000000043
Bahrain,2023,NOR,52.0,6.0,9.0,SOFT,96.152,11.399999999999991,0.37619999999999976,93.0632,15.0,0.9122807017543859,28.8,26.2,0.03300000000000125
Bahrain,2023,ALB,53.0,4.0,13.0,SOFT,97.778,9.599999999999994,0.3167999999999998,94.6298,14.914999999999054,0.9298245614035088,28.8,26.2,0.24980000000000757
Bahrain,2023,TSU,53.0,4.0,16.0,SOFT,97.675,9.599999999999994,0.3167999999999998,94.5268,0.9620000000013533,0.9298245614035088,28.8,26.2,0.6525999999999925
Bahrain,2023,SAR,53.0,4.0,13.0,SOFT,97.662,9.599999999999994,0.3167999999999998,94.5138,6.40099999999984,0.9298245614035088,28.8,26.2,0.4352000000000089
Bahrain,2023,VER,54.0,3.0,18.0,HARD,96.678,7.799999999999997,0.2573999999999999,93.4704,15.0,0.9473684210526315,28.8,26.2,0.36350000000000193
Bahrain,2023,ZHO,53.0,3.0,24.0,SOFT,98.634,9.599999999999994,0.3167999999999998,95.4858,10.7549999999992,0.9298245614035088,28.8,26.2,0.804000000000002
Bahrain,2023,MAG,53.0,4.0,13.0,SOFT,97.982,9.599999999999994,0.3167999999999998,94.8338,3.868000000000393,0.9298245614035088,28.8,26.2,0.9935000000000116
Bahrain,2023,PER,54.0,3.0,20.0,HARD,97.296,7.799999999999997,0.2573999999999999,94.08840000000001,11.67200000000048,0.9473684210526315,28.8,26.2,0.8652000000000015
Bahrain,2023,DEV,53.0,3.0,26.0,HARD,99.15,9.599999999999994,0.3167999999999998,96.0018,5.356999999999971,0.9298245614035088,28.8,26.2,1.0478000000000094
Bahrain,2023,HUL,53.0,4.0,16.0,SOFT,98.067,9.599999999999994,0.3167999999999998,94.91879999999999,2.444999999999709,0.9298245614035088,28.8,26.2,1.2069999999999936
Bahrain,2023,ALO,54.0,3.0,20.0,HARD,97.599,7.799999999999997,0.2573999999999999,94.3914,15.0,0.9473684210526315,28.8,26.3,0.8331000000000017
Bahrain,2023,SAI,54.0,3.0,23.0,HARD,97.694,7.799999999999997,0.2573999999999999,94.4864,8.003999999998996,0.9473684210526315,28.8,26.3,0.2938000000000045
Bahrain,2023,HAM,54.0,3.0,24.0,HARD,98.076,7.799999999999997,0.2573999999999999,94.8684,2.5720000000001164,0.9473684210526315,28.8,26.3,0.9699999999999847
Bahrain,2023,STR,54.0,3.0,24.0,HARD,97.597,7.799999999999997,0.2573999999999999,94.3894,4.043999999999869,0.9473684210526315,28.8,26.3,0.3539999999999992
Bahrain,2023,RUS,54.0,3.0,23.0,HARD,97.923,7.799999999999997,0.2573999999999999,94.7154,1.9099999999998545,0.9473684210526315,28.8,26.3,0.5534000000000106
Bahrain,2023,BOT,54.0,3.0,25.0,HARD,97.738,7.799999999999997,0.2573999999999999,94.5304,15.0,0.9473684210526315,28.8,26.3,0.04999999999999716
Bahrain,2023,GAS,54.0,4.0,14.0,SOFT,97.222,7.799999999999997,0.2573999999999999,94.0144,1.9290000000000873,0.9473684210526315,28.8,26.3,1.2700999999999993
Bahrain,2023,NOR,53.0,6.0,10.0,SOFT,96.5,9.599999999999994,0.3167999999999998,93.3518,15.0,0.9298245614035088,28.8,26.3,0.3810000000000002
Bahrain,2023,ALB,54.0,4.0,14.0,SOFT,97.78,7.799999999999997,0.2573999999999999,94.5724,15.0,0.9473684210526315,28.8,26.3,0.2518000000000029
Bahrain,2023,TSU,54.0,4.0,17.0,SOFT,97.72,7.799999999999997,0.2573999999999999,94.5124,0.9020000000000437,0.9473684210526315,28.8,26.3,0.6975999999999942
Bahrain,2023,SAR,54.0,4.0,14.0,SOFT,97.936,7.799999999999997,0.2573999999999999,94.72840000000001,6.617000000000189,0.9473684210526315,28.8,26.2,0.7092000000000098
Bahrain,2023,VER,55.0,3.0,19.0,HARD,96.322,6.0,0.198,93.055,15.0,0.9649122807017544,28.8,26.2,0.00750000000000739
Bahrain,2023,PER,55.0,3.0,21.0,HARD,97.092,6.0,0.198,93.825,12.442000000000917,0.9649122807017544,28.8,26.2,0.6611999999999938
Bahrain,2023,MAG,54.0,4.0,14.0,SOFT,99.651,7.799999999999997,0.2573999999999999,96.4434,15.0,0.9473684210526315,28.8,26.2,2.6625000000000085
Bahrain,2023,DEV,54.0,3.0,27.0,HARD,98.885,7.799999999999997,0.2573999999999999,95.6774,4.591000000000349,0.9473684210526315,28.8,26.2,0.7828000000000088
Bahrain,2023,HUL,54.0,4.0,17.0,SOFT,98.458,7.799999999999997,0.2573999999999999,95.2504,2.018000000000029,0.9473684210526315,28.8,26.2,1.597999999999999
Bahrain,2023,ALO,55.0,3.0,21.0,HARD,97.662,6.0,0.198,94.39500000000001,15.0,0.9649122807017544,28.8,26.2,0.8961000000000041
Bahrain,2023,SAI,55.0,3.0,24.0,HARD,97.821,6.0,0.198,94.554,8.162999999998647,0.9649122807017544,28.8,26.2,0.42079999999999984
Bahrain,2023,HAM,55.0,3.0,25.0,HARD,97.955,6.0,0.198,94.688,2.706000000000131,0.9649122807017544,28.8,26.2,0.8489999999999895
Bahrain,2023,STR,55.0,3.0,25.0,HARD,97.701,6.0,0.198,94.434,3.790000000000873,0.9649122807017544,28.8,26.2,0.4579999999999984
Bahrain,2023,RUS,55.0,3.0,24.0,HARD,97.86,6.0,0.198,94.593,2.0689999999995052,0.9649122807017544,28.8,26.2,0.49040000000000816
Bahrain,2023,BOT,55.0,3.0,26.0,HARD,97.807,6.0,0.198,94.54,15.0,0.9649122807017544,28.7,26.3,0.11899999999999977
Bahrain,2023,GAS,55.0,4.0,15.0,SOFT,97.559,6.0,0.198,94.292,1.6809999999986758,0.9649122807017544,28.7,26.3,1.6071000000000026
Bahrain,2023,ALB,55.0,4.0,15.0,SOFT,97.803,6.0,0.198,94.536,15.0,0.9649122807017544,28.7,26.3,0.27479999999999905
Bahrain,2023,TSU,55.0,4.0,18.0,SOFT,97.945,6.0,0.198,94.678,1.043999999999869,0.9649122807017544,28.7,26.3,0.9225999999999885
Bahrain,2023,SAR,55.0,4.0,15.0,SOFT,98.316,6.0,0.198,95.049,6.988000000001193,0.9649122807017544,28.7,26.3,1.0892000000000053
Bahrain,2023,VER,56.0,3.0,20.0,HARD,97.205,5.0,0.165,93.905,15.0,0.9824561403508771,28.7,26.3,0.890500000000003
Bahrain,2023,PER,56.0,3.0,22.0,HARD,96.565,5.0,0.165,93.265,11.802000000001499,0.9824561403508771,28.7,26.3,0.13419999999999277
Bahrain,2023,MAG,55.0,4.0,15.0,SOFT,98.446,6.0,0.198,95.179,15.0,0.9649122807017544,28.7,26.3,1.4575000000000102
Bahrain,2023,DEV,55.0,3.0,28.0,HARD,99.239,6.0,0.198,95.97200000000001,5.3840000000000146,0.9649122807017544,28.7,26.3,1.136800000000008
Bahrain,2023,HUL,55.0,4.0,18.0,SOFT,98.564,6.0,0.198,95.297,1.3430000000007567,0.9649122807017544,28.7,26.3,1.7039999999999935
Bahrain,2023,ALO,56.0,3.0,22.0,HARD,97.473,5.0,0.165,94.173,15.0,0.9824561403508771,28.7,26.3,0.707099999999997
Bahrain,2023,SAI,56.0,3.0,25.0,HARD,98.126,5.0,0.165,94.82600000000001,8.815999999998894,0.9824561403508771,28.7,26.3,0.7258000000000067
Bahrain,2023,HAM,56.0,3.0,26.0,HARD,98.111,5.0,0.165,94.811,2.691000000000713,0.9824561403508771,28.7,26.3,1.0049999999999955
Bahrain,2023,STR,56.0,3.0,26.0,HARD,98.11,5.0,0.165,94.81,3.7889999999988504,0.9824561403508771,28.7,26.3,0.8670000000000044
Bahrain,2023,RUS,56.0,3.0,25.0,HARD,97.636,5.0,0.165,94.336,1.5950000000011642,0.9824561403508771,28.7,26.3,0.2664000000000044
Bahrain,2023,BOT,56.0,3.0,27.0,HARD,98.16,5.0,0.165,94.86,15.0,0.9824561403508771,28.7,26.3,0.4719999999999942
Bahrain,2023,GAS,56.0,4.0,16.0,SOFT,97.845,5.0,0.165,94.545,1.3659999999999854,0.9824561403508771,28.7,26.3,1.893100000000004
Bahrain,2023,ALB,56.0,4.0,16.0,SOFT,98.159,5.0,0.165,94.85900000000001,15.0,0.9824561403508771,28.7,26.3,0.6308000000000078
Bahrain,2023,TSU,56.0,4.0,19.0,SOFT,98.102,5.0,0.165,94.802,0.9870000000009895,0.9824561403508771,28.7,26.3,1.0795999999999992
Bahrain,2023,VER,57.0,3.0,21.0,HARD,96.373,5.0,0.165,93.07300000000001,15.0,1.0,28.7,26.3,0.05850000000000932
Bahrain,2023,SAR,56.0,4.0,16.0,SOFT,99.626,5.0,0.165,96.32600000000001,8.511999999998807,0.9824561403508771,28.7,26.3,2.3992000000000075
Bahrain,2023,PER,57.0,3.0,23.0,HARD,96.558,5.0,0.165,93.25800000000001,11.98699999999917,1.0,28.7,26.3,0.12720000000000198
Bahrain,2023,MAG,56.0,4.0,16.0,SOFT,98.779,5.0,0.165,95.479,15.0,0.9824561403508771,28.7,26.3,1.7905000000000086
Bahrain,2023,DEV,56.0,3.0,29.0,HARD,99.161,5.0,0.165,95.861,5.765999999999622,0.9824561403508771,28.7,26.3,1.058800000000005
Bahrain,2023,HUL,56.0,4.0,19.0,SOFT,99.206,5.0,0.165,95.906,1.3880000000008295,0.9824561403508771,28.7,26.3,2.3460000000000036
Bahrain,2023,ALO,57.0,3.0,23.0,HARD,97.422,5.0,0.165,94.122,15.0,1.0,28.7,26.3,0.656099999999995
Bahrain,2023,SAI,57.0,3.0,26.0,HARD,98.021,5.0,0.165,94.721,9.415000000000873,1.0,28.7,26.3,0.6208000000000027
Bahrain,2023,HAM,57.0,3.0,27.0,HARD,98.255,5.0,0.165,94.955,2.9249999999992724,1.0,28.7,26.3,1.1489999999999867
Bahrain,2023,STR,57.0,3.0,27.0,HARD,97.991,5.0,0.165,94.691,3.524999999999636,1.0,28.7,26.3,0.7480000000000047
Bahrain,2023,RUS,57.0,3.0,26.0,HARD,97.767,5.0,0.165,94.467,1.371000000001004,1.0,28.7,26.3,0.39740000000000464
Bahrain,2023,BOT,57.0,3.0,28.0,HARD,98.407,5.0,0.165,95.107,15.0,1.0,28.7,26.3,0.7189999999999941
Bahrain,2023,GAS,57.0,4.0,17.0,SOFT,98.147,5.0,0.165,94.84700000000001,1.1059999999997672,1.0,28.7,26.3,2.1951000000000107
Bahrain,2023,ALB,57.0,4.0,17.0,SOFT,98.137,5.0,0.165,94.837,15.0,1.0,28.7,26.3,0.6088000000000022
Bahrain,2023,TSU,57.0,4.0,20.0,SOFT,98.246,5.0,0.165,94.946,1.095999999999549,1.0,28.7,26.3,1.2235999999999905
Spain,2023,VER,2.0,1.0,2.0,MEDIUM,80.402,101.4,3.3462000000000005,80.28320000000001,15.0,0.030303030303030304,33.0,22.4,0.4479000000000042
Spain,2023,SAI,2.0,1.0,5.0,SOFT,80.852,101.4,3.3462000000000005,80.73320000000001,1.5289999999999964,0.030303030303030304,33.0,22.4,0.19379999999999598
Spain,2023,STR,2.0,1.0,5.0,SOFT,80.967,101.4,3.3462000000000005,80.8482,0.8400000000001455,0.030303030303030304,33.0,22.4,0.5704999999999956
Spain,2023,HAM,2.0,1.0,5.0,SOFT,81.678,101.4,3.3462000000000005,81.5592,1.3479999999999563,0.030303030303030304,33.0,22.4,3.992199999999997
Spain,2023,OCO,2.0,1.0,5.0,SOFT,82.0,101.4,3.3462000000000005,81.8812,1.074999999999818,0.030303030303030304,33.0,22.4,1.061000000000007
Spain,2023,ALO,2.0,1.0,5.0,SOFT,81.792,101.4,3.3462000000000005,81.67320000000001,0.7020000000002256,0.030303030303030304,33.0,22.4,1.7353999999999985
Spain,2023,RUS,2.0,1.0,2.0,SOFT,81.934,101.4,3.3462000000000005,81.8152,0.6369999999997162,0.030303030303030304,33.0,22.4,3.7972000000000037
Spain,2023,HUL,2.0,1.0,5.0,SOFT,81.912,101.4,3.3462000000000005,81.79320000000001,0.5770000000002256,0.030303030303030304,33.0,22.4,0.2845000000000084
Spain,2023,ZHO,2.0,1.0,2.0,SOFT,81.832,101.4,3.3462000000000005,81.7132,0.2689999999997781,0.030303030303030304,33.0,22.4,0.9339999999999975
Spain,2023,PER,2.0,1.0,2.0,MEDIUM,81.724,101.4,3.3462000000000005,81.60520000000001,0.7650000000003274,0.030303030303030304,33.0,22.4,1.1198000000000121
Spain,2023,PIA,2.0,1.0,4.0,SOFT,82.916,101.4,3.3462000000000005,82.7972,0.9119999999998072,0.030303030303030304,33.0,22.4,1.792599999999993
Spain,2023,TSU,2.0,1.0,2.0,SOFT,82.459,101.4,3.3462000000000005,82.34020000000001,0.31199999999989814,0.030303030303030304,33.0,22.4,1.3204999999999956
Spain,2023,MAG,2.0,1.0,2.0,SOFT,82.725,101.4,3.3462000000000005,82.6062,0.6150000000002365,0.030303030303030304,33.0,22.4,1.2657999999999987
Spain,2023,GAS,2.0,1.0,5.0,SOFT,82.874,101.4,3.3462000000000005,82.7552,0.4989999999997963,0.030303030303030304,33.0,22.4,1.7305999999999955
Spain,2023,DEV,2.0,1.0,2.0,SOFT,83.068,101.4,3.3462000000000005,82.9492,0.4479999999998654,0.030303030303030304,33.0,22.4,1.4792000000000058
Spain,2023,ALB,2.0,1.0,2.0,SOFT,83.056,101.4,3.3462000000000005,82.9372,0.46600000000034925,0.030303030303030304,33.0,22.4,1.1957000000000022
Spain,2023,BOT,2.0,1.0,2.0,SOFT,83.122,101.4,3.3462000000000005,83.0032,0.45100000000002183,0.030303030303030304,33.0,22.4,1.0476000000000028
Spain,2023,SAR,2.0,1.0,2.0,MEDIUM,82.426,101.4,3.3462000000000005,82.30720000000001,0.944999999999709,0.030303030303030304,33.0,22.4,0.44079999999999586
Spain,2023,LEC,2.0,1.0,2.0,HARD,82.029,101.4,3.3462000000000005,81.9102,1.0920000000000982,0.030303030303030304,33.0,22.4,3.410599999999988
Spain,2023,VER,3.0,1.0,3.0,MEDIUM,80.499,99.6,3.2868,80.32079999999999,15.0,0.045454545454545456,32.7,22.5,0.5448999999999984
Spain,2023,SAI,3.0,1.0,6.0,SOFT,80.571,99.6,3.2868,80.3928,1.6010000000001128,0.045454545454545456,32.7,22.5,-0.08720000000000994
Spain,2023,STR,3.0,1.0,6.0,SOFT,80.868,99.6,3.2868,80.68979999999999,1.137000000000171,0.045454545454545456,32.7,22.5,0.4714999999999918
Spain,2023,HAM,3.0,1.0,6.0,SOFT,80.839,99.6,3.2868,80.6608,1.31899999999996,0.045454545454545456,32.7,22.5,3.1531999999999982
Spain,2023,OCO,3.0,1.0,6.0,SOFT,81.445,99.6,3.2868,81.26679999999999,1.68100000000004,0.045454545454545456,32.7,22.5,0.5060000000000002
Spain,2023,ALO,3.0,1.0,6.0,SOFT,81.574,99.6,3.2868,81.3958,0.831000000000131,0.045454545454545456,32.7,22.5,1.517399999999995
Spain,2023,RUS,3.0,1.0,3.0,SOFT,81.637,99.6,3.2868,81.4588,0.6999999999998181,0.045454545454545456,32.7,22.5,3.5002000000000066
Spain,2023,HUL,3.0,1.0,6.0,SOFT,81.892,99.6,3.2868,81.71379999999999,0.83199999999988,0.045454545454545456,32.7,22.5,0.2644999999999982
Spain,2023,ZHO,3.0,1.0,3.0,SOFT,81.997,99.6,3.2868,81.8188,0.374000000000251,0.045454545454545456,32.7,22.5,1.0990000000000038
Spain,2023,PER,3.0,1.0,3.0,MEDIUM,81.953,99.6,3.2868,81.7748,0.7210000000000036,0.045454545454545456,32.7,22.5,1.3488000000000113
Spain,2023,TSU,3.0,1.0,3.0,SOFT,81.587,99.6,3.2868,81.4088,0.8579999999997199,0.045454545454545456,32.7,22.5,0.4484999999999957
Spain,2023,PIA,3.0,1.0,5.0,SOFT,82.404,99.6,3.2868,82.22579999999999,0.5050000000001091,0.045454545454545456,32.7,22.5,1.2805999999999926
Spain,2023,MAG,3.0,1.0,3.0,SOFT,81.836,99.6,3.2868,81.6578,0.3589999999999236,0.045454545454545456,32.7,22.5,0.3768000000000029
Spain,2023,GAS,3.0,1.0,6.0,SOFT,81.972,99.6,3.2868,81.79379999999999,0.6350000000002183,0.045454545454545456,32.7,22.5,0.8285999999999945
Spain,2023,DEV,3.0,1.0,3.0,SOFT,82.007,99.6,3.2868,81.8288,0.4829999999997199,0.045454545454545456,32.7,22.5,0.418200000000013
Spain,2023,ALB,3.0,1.0,3.0,SOFT,82.115,99.6,3.2868,81.93679999999999,0.5740000000000691,0.045454545454545456,32.7,22.5,0.2546999999999997
Spain,2023,BOT,3.0,1.0,3.0,SOFT,82.033,99.6,3.2868,81.8548,0.3690000000001419,0.045454545454545456,32.7,22.5,-0.041399999999995885
Spain,2023,SAR,3.0,1.0,3.0,MEDIUM,82.124,99.6,3.2868,81.94579999999999,1.0360000000000582,0.045454545454545456,32.7,22.5,0.13879999999998915
Spain,2023,LEC,3.0,1.0,3.0,HARD,81.469,99.6,3.2868,81.29079999999999,0.43699999999989814,0.045454545454545456,32.7,22.5,2.850599999999986
Spain,2023,NOR,3.0,2.0,2.0,HARD,80.072,99.6,3.2868,79.8938,15.0,0.045454545454545456,32.6,22.4,-0.13519999999999754
Spain,2023,VER,4.0,1.0,4.0,MEDIUM,80.346,97.8,3.2274000000000003,80.1084,15.0,0.06060606060606061,32.6,22.4,0.3919000000000068
Spain,2023,SAI,4.0,1.0,7.0,SOFT,80.815,97.8,3.2274000000000003,80.5774,2.0700000000001637,0.06060606060606061,32.6,22.4,0.15679999999998984
Spain,2023,STR,4.0,1.0,7.0,SOFT,80.996,97.8,3.2274000000000003,80.7584,1.318000000000211,0.06060606060606061,32.6,22.4,0.5994999999999919
Spain,2023,HAM,4.0,1.0,7.0,SOFT,80.962,97.8,3.2274000000000003,80.7244,1.2849999999998545,0.06060606060606061,32.6,22.4,3.276200000000003
Spain,2023,OCO,4.0,1.0,7.0,SOFT,80.939,97.8,3.2274000000000003,80.70139999999999,1.6579999999999018,0.06060606060606061,32.6,22.4,0.0
Spain,2023,ALO,4.0,1.0,7.0,SOFT,80.717,97.8,3.2274000000000003,80.4794,0.6089999999999236,0.06060606060606061,32.6,22.4,0.6603999999999957
Spain,2023,RUS,4.0,1.0,4.0,SOFT,81.087,97.8,3.2274000000000003,80.8494,1.0700000000001637,0.06060606060606061,32.6,22.4,2.9502000000000095
Spain,2023,HUL,4.0,1.0,7.0,SOFT,81.363,97.8,3.2274000000000003,81.1254,1.1080000000001746,0.06060606060606061,32.6,22.4,-0.2644999999999982
Spain,2023,ZHO,4.0,1.0,4.0,SOFT,81.232,97.8,3.2274000000000003,80.9944,0.24299999999993815,0.06060606060606061,32.6,22.4,0.3340000000000032
Spain,2023,PER,4.0,1.0,4.0,MEDIUM,80.936,97.8,3.2274000000000003,80.6984,0.42499999999972715,0.06060606060606061,32.6,22.4,0.3318000000000154
Spain,2023,TSU,4.0,1.0,4.0,SOFT,81.03,97.8,3.2274000000000003,80.7924,0.9520000000002256,0.06060606060606061,32.6,22.4,-0.10850000000000648
Spain,2023,PIA,4.0,1.0,6.0,SOFT,81.271,97.8,3.2274000000000003,81.0334,0.7460000000000946,0.06060606060606061,32.6,22.4,0.14759999999999707
Spain,2023,MAG,4.0,1.0,4.0,SOFT,82.097,97.8,3.2274000000000003,81.8594,1.1849999999999454,0.06060606060606061,32.6,22.4,0.6377999999999986
Spain,2023,GAS,4.0,1.0,7.0,SOFT,81.884,97.8,3.2274000000000003,81.6464,0.42200000000002547,0.06060606060606061,32.6,22.4,0.7406000000000006
Spain,2023,DEV,4.0,1.0,4.0,SOFT,81.717,97.8,3.2274000000000003,81.4794,0.31599999999980355,0.06060606060606061,32.6,22.4,0.12820000000000675
Spain,2023,ALB,4.0,1.0,4.0,SOFT,81.84,97.8,3.2274000000000003,81.6024,0.6970000000001164,0.06060606060606061,32.6,22.4,-0.02029999999999177
Spain,2023,BOT,4.0,1.0,4.0,SOFT,82.24,97.8,3.2274000000000003,82.0024,0.7689999999997781,0.06060606060606061,32.6,22.4,0.16559999999999775
Spain,2023,LEC,4.0,1.0,4.0,HARD,81.854,97.8,3.2274000000000003,81.6164,1.086999999999989,0.06060606060606061,32.6,22.4,3.235599999999991
Spain,2023,SAR,4.0,1.0,4.0,MEDIUM,83.489,97.8,3.2274000000000003,83.2514,1.1980000000003201,0.06060606060606061,32.6,22.4,1.5037999999999982
Spain,2023,NOR,4.0,2.0,3.0,HARD,80.051,97.8,3.2274000000000003,79.8134,15.0,0.06060606060606061,32.6,22.4,-0.15619999999999834
Spain,2023,VER,5.0,1.0,5.0,MEDIUM,80.283,96.0,3.168,79.986,15.0,0.07575757575757576,33.0,22.4,0.3289000000000044
Spain,2023,SAI,5.0,1.0,8.0,SOFT,80.935,96.0,3.168,80.638,2.722000000000662,0.07575757575757576,33.0,22.4,0.2767999999999944
Spain,2023,STR,5.0,1.0,8.0,SOFT,80.854,96.0,3.168,80.557,1.2369999999991705,0.07575757575757576,33.0,22.4,0.457499999999996
Spain,2023,HAM,5.0,1.0,8.0,SOFT,80.755,96.0,3.168,80.458,1.186000000000604,0.07575757575757576,33.0,22.4,3.069199999999995
Spain,2023,OCO,5.0,1.0,8.0,SOFT,80.792,96.0,3.168,80.495,1.694999999999709,0.07575757575757576,33.0,22.4,-0.14699999999999136
Spain,2023,ALO,5.0,1.0,8.0,SOFT,81.289,96.0,3.168,80.992,1.1059999999997672,0.07575757575757576,33.0,22.4,1.2323999999999984
Spain,2023,RUS,5.0,1.0,5.0,SOFT,80.975,96.0,3.168,80.678,0.7560000000003129,0.07575757575757576,33.0,22.4,2.8382000000000005
Spain,2023,ZHO,5.0,1.0,5.0,SOFT,80.397,96.0,3.168,80.10000000000001,0.7730000000001382,0.07575757575757576,33.0,22.4,-0.5009999999999906
Spain,2023,HUL,5.0,1.0,8.0,SOFT,81.972,96.0,3.168,81.675,1.3320000000003347,0.07575757575757576,33.0,22.4,0.3444999999999965
Spain,2023,PER,5.0,1.0,5.0,MEDIUM,81.824,96.0,3.168,81.527,0.5199999999995271,0.07575757575757576,33.0,22.4,1.2198000000000064
Spain,2023,TSU,5.0,1.0,5.0,SOFT,81.647,96.0,3.168,81.35000000000001,0.7749999999996362,0.07575757575757576,33.0,22.4,0.508499999999998
Spain,2023,PIA,5.0,1.0,7.0,SOFT,81.546,96.0,3.168,81.24900000000001,0.6450000000004366,0.07575757575757576,33.0,22.4,0.42260000000000275
Spain,2023,MAG,5.0,1.0,5.0,SOFT,81.294,96.0,3.168,80.997,0.9329999999999927,0.07575757575757576,33.0,22.4,-0.16519999999999868
Spain,2023,GAS,5.0,1.0,8.0,SOFT,81.453,96.0,3.168,81.156,0.581000000000131,0.07575757575757576,33.0,22.4,0.3096000000000032
Spain,2023,DEV,5.0,1.0,5.0,SOFT,81.6,96.0,3.168,81.303,0.46299999999973807,0.07575757575757576,33.0,22.4,0.01120000000000232
Spain,2023,ALB,5.0,1.0,5.0,SOFT,81.845,96.0,3.168,81.548,0.9420000000000073,0.07575757575757576,33.0,22.4,-0.015299999999996317
Spain,2023,LEC,5.0,1.0,5.0,HARD,81.631,96.0,3.168,81.334,1.6419999999998254,0.07575757575757576,33.0,22.4,3.012599999999992
Spain,2023,SAR,5.0,1.0,5.0,MEDIUM,82.011,96.0,3.168,81.714,1.5780000000004293,0.07575757575757576,33.0,22.4,0.02579999999998961
Spain,2023,NOR,5.0,2.0,4.0,HARD,80.241,96.0,3.168,79.944,15.0,0.07575757575757576,33.0,22.4,0.033799999999999386
Spain,2023,VER,6.0,1.0,6.0,MEDIUM,80.402,94.2,3.1086,80.04560000000001,15.0,0.09090909090909091,32.5,22.4,0.4479000000000042
Spain,2023,SAI,6.0,1.0,9.0,SOFT,80.784,94.2,3.1086,80.42760000000001,3.104000000000269,0.09090909090909091,32.5,22.4,0.12579999999999814
Spain,2023,STR,6.0,1.0,9.0,SOFT,81.033,94.2,3.1086,80.67660000000001,1.4859999999998763,0.09090909090909091,32.5,22.4,0.6364999999999981
Spain,2023,HAM,6.0,1.0,9.0,SOFT,80.705,94.2,3.1086,80.3486,0.8580000000001746,0.09090909090909091,32.5,22.4,3.019199999999998
Spain,2023,OCO,6.0,1.0,9.0,SOFT,81.314,94.2,3.1086,80.9576,2.3040000000000873,0.09090909090909091,32.5,22.4,0.375
Spain,2023,ALO,6.0,1.0,9.0,SOFT,81.631,94.2,3.1086,81.2746,1.4229999999997744,0.09090909090909091,32.5,22.4,1.5743999999999971
Spain,2023,RUS,6.0,1.0,6.0,SOFT,81.33,94.2,3.1086,80.9736,0.45499999999992724,0.09090909090909091,32.5,22.4,3.1932000000000045
Spain,2023,ZHO,6.0,1.0,6.0,SOFT,81.514,94.2,3.1086,81.1576,0.9570000000003347,0.09090909090909091,32.5,22.4,0.6159999999999997
Spain,2023,PER,6.0,1.0,6.0,MEDIUM,80.908,94.2,3.1086,80.55160000000001,1.2460000000000946,0.09090909090909091,32.5,22.4,0.3038000000000096
Spain,2023,HUL,6.0,1.0,9.0,SOFT,82.738,94.2,3.1086,82.3816,1.3099999999994907,0.09090909090909091,32.5,22.4,1.1105000000000018
Spain,2023,TSU,6.0,1.0,6.0,SOFT,81.842,94.2,3.1086,81.4856,0.39900000000034197,0.09090909090909091,32.5,22.4,0.7034999999999911
Spain,2023,PIA,6.0,1.0,8.0,SOFT,81.696,94.2,3.1086,81.3396,0.4989999999997963,0.09090909090909091,32.5,22.4,0.5725999999999942
Spain,2023,MAG,6.0,1.0,6.0,SOFT,81.593,94.2,3.1086,81.23660000000001,0.8299999999999272,0.09090909090909091,32.5,22.4,0.1338000000000079
Spain,2023,GAS,6.0,1.0,9.0,SOFT,81.432,94.2,3.1086,81.07560000000001,0.42000000000007276,0.09090909090909091,32.5,22.4,0.2886000000000024
Spain,2023,DEV,6.0,1.0,6.0,SOFT,81.572,94.2,3.1086,81.21560000000001,0.6030000000000655,0.09090909090909091,32.5,22.4,-0.016799999999989268
Spain,2023,ALB,6.0,1.0,6.0,SOFT,81.896,94.2,3.1086,81.53960000000001,1.2659999999996217,0.09090909090909091,32.5,22.4,0.035700000000005616
Spain,2023,LEC,6.0,1.0,6.0,HARD,80.827,94.2,3.1086,80.4706,0.5730000000003201,0.09090909090909091,32.5,22.4,2.20859999999999
Spain,2023,SAR,6.0,1.0,6.0,MEDIUM,81.665,94.2,3.1086,81.30860000000001,2.4160000000001673,0.09090909090909091,32.5,22.4,-0.3201999999999998
Spain,2023,NOR,6.0,2.0,5.0,HARD,81.022,94.2,3.1086,80.66560000000001,15.0,0.09090909090909091,32.2,22.3,0.8148000000000053
Spain,2023,VER,7.0,1.0,7.0,MEDIUM,80.476,92.4,3.0492000000000004,80.0602,15.0,0.10606060606060606,32.2,22.3,0.5219000000000023
Spain,2023,SAI,7.0,1.0,10.0,SOFT,80.644,92.4,3.0492000000000004,80.2282,3.2719999999999345,0.10606060606060606,32.2,22.3,-0.014200000000002433
Spain,2023,STR,7.0,1.0,10.0,SOFT,80.883,92.4,3.0492000000000004,80.46719999999999,1.7249999999994543,0.10606060606060606,32.2,22.3,0.4864999999999924
Spain,2023,HAM,7.0,1.0,10.0,SOFT,80.488,92.4,3.0492000000000004,80.0722,0.46300000000064756,0.10606060606060606,32.2,22.3,2.802199999999999
Spain,2023,OCO,7.0,1.0,10.0,SOFT,80.963,92.4,3.0492000000000004,80.54719999999999,2.7789999999995416,0.10606060606060606,32.2,22.3,0.02400000000000091
Spain,2023,RUS,7.0,1.0,7.0,SOFT,80.516,92.4,3.0492000000000004,80.1002,1.4310000000004948,0.10606060606060606,32.2,22.3,2.3792000000000115
Spain,2023,ALO,7.0,1.0,10.0,SOFT,82.087,92.4,3.0492000000000004,81.6712,1.1159999999999854,0.10606060606060606,32.2,22.3,2.0304
Spain,2023,ZHO,7.0,1.0,7.0,SOFT,81.494,92.4,3.0492000000000004,81.0782,0.8189999999995052,0.10606060606060606,32.2,22.3,0.5960000000000036
Spain,2023,PER,7.0,1.0,7.0,MEDIUM,81.245,92.4,3.0492000000000004,80.8292,0.9970000000002983,0.10606060606060606,32.2,22.3,0.6408000000000129
Spain,2023,TSU,7.0,1.0,7.0,SOFT,81.268,92.4,3.0492000000000004,80.8522,1.731999999999971,0.10606060606060606,32.2,22.3,0.12949999999999307
Spain,2023,HUL,7.0,1.0,10.0,SOFT,82.775,92.4,3.0492000000000004,82.3592,1.1080000000001746,0.10606060606060606,32.2,22.3,1.147500000000008
Spain,2023,PIA,7.0,1.0,9.0,SOFT,82.246,92.4,3.0492000000000004,81.83019999999999,0.36899999999968713,0.10606060606060606,32.2,22.3,1.1225999999999914
Spain,2023,MAG,7.0,1.0,7.0,SOFT,82.354,92.4,3.0492000000000004,81.9382,0.9380000000001019,0.10606060606060606,32.2,22.3,0.8948000000000036
Spain,2023,GAS,7.0,1.0,10.0,SOFT,82.22,92.4,3.0492000000000004,81.8042,0.2860000000000582,0.10606060606060606,32.2,22.3,1.0765999999999991
Spain,2023,DEV,7.0,1.0,7.0,SOFT,82.165,92.4,3.0492000000000004,81.7492,0.5479999999997744,0.10606060606060606,32.2,22.3,0.5762000000000143
Spain,2023,LEC,7.0,1.0,7.0,HARD,81.403,92.4,3.0492000000000004,80.9872,1.0770000000002256,0.10606060606060606,32.2,22.3,2.7845999999999975
Spain,2023,ALB,7.0,1.0,7.0,SOFT,83.182,92.4,3.0492000000000004,82.7662,1.206000000000131,0.10606060606060606,32.2,22.3,1.321700000000007
Spain,2023,SAR,7.0,1.0,7.0,MEDIUM,82.229,92.4,3.0492000000000004,81.8132,2.036000000000058,0.10606060606060606,32.2,22.3,0.24379999999999313
Spain,2023,BOT,7.0,2.0,2.0,HARD,80.188,92.4,3.0492000000000004,79.7722,15.0,0.10606060606060606,32.2,22.3,0.9204000000000008
Spain,2023,NOR,7.0,2.0,6.0,HARD,80.818,92.4,3.0492000000000004,80.4022,2.9600000000000364,0.10606060606060606,32.2,22.3,0.6107999999999976
Spain,2023,VER,8.0,1.0,8.0,MEDIUM,79.894,90.6,2.9898,79.4188,15.0,0.12121212121212122,31.6,22.2,-0.06009999999999138
Spain,2023,SAI,8.0,1.0,11.0,SOFT,80.83,90.6,2.9898,80.3548,4.208000000000538,0.12121212121212122,31.6,22.2,0.1717999999999904
Spain,2023,HAM,8.0,1.0,11.0,SOFT,80.478,90.6,2.9898,80.0028,1.83600000000024,0.12121212121212122,31.6,22.2,2.792199999999994
Spain,2023,STR,8.0,1.0,11.0,SOFT,82.382,90.6,2.9898,81.9068,1.4409999999998035,0.12121212121212122,31.6,22.2,1.9855000000000018
Spain,2023,OCO,8.0,1.0,11.0,SOFT,81.397,90.6,2.9898,80.9218,2.256999999999607,0.12121212121212122,31.6,22.2,0.4580000000000126
Spain,2023,RUS,8.0,1.0,8.0,SOFT,81.159,90.6,2.9898,80.6838,1.193000000000211,0.12121212121212122,31.6,22.2,3.022200000000012
Spain,2023,ALO,8.0,1.0,11.0,SOFT,81.776,90.6,2.9898,81.3008,1.7330000000001746,0.12121212121212122,31.6,22.2,1.7193999999999932
Spain,2023,ZHO,8.0,1.0,8.0,SOFT,81.705,90.6,2.9898,81.2298,0.7479999999995925,0.12121212121212122,31.6,22.2,0.8070000000000022
Spain,2023,PER,8.0,1.0,8.0,MEDIUM,81.102,90.6,2.9898,80.6268,0.39400000000023283,0.12121212121212122,31.6,22.2,0.49780000000001223
Spain,2023,TSU,8.0,1.0,8.0,SOFT,81.185,90.6,2.9898,80.7098,1.8149999999995998,0.12121212121212122,31.6,22.2,0.04649999999999466
Spain,2023,PIA,8.0,1.0,10.0,SOFT,81.83,90.6,2.9898,81.3548,2.1220000000002983,0.12121212121212122,31.6,22.2,0.7065999999999946
Spain,2023,MAG,8.0,1.0,8.0,SOFT,82.486,90.6,2.9898,82.0108,1.594000000000051,0.12121212121212122,31.6,22.2,1.0268000000000086
Spain,2023,GAS,8.0,1.0,11.0,SOFT,82.579,90.6,2.9898,82.10379999999999,0.3789999999999054,0.12121212121212122,31.6,22.2,1.4355999999999938
Spain,2023,DEV,8.0,1.0,8.0,SOFT,82.489,90.6,2.9898,82.0138,0.4580000000005384,0.12121212121212122,31.6,22.2,0.9002000000000123
Spain,2023,LEC,8.0,1.0,8.0,HARD,82.182,90.6,2.9898,81.7068,0.7699999999995271,0.12121212121212122,31.6,22.2,3.563599999999994
Spain,2023,ALB,8.0,1.0,8.0,SOFT,82.386,90.6,2.9898,81.9108,1.4099999999998545,0.12121212121212122,31.6,22.2,0.5257000000000005
Spain,2023,SAR,8.0,1.0,8.0,MEDIUM,82.16,90.6,2.9898,81.6848,1.8100000000004002,0.12121212121212122,31.6,22.2,0.17479999999999052
Spain,2023,BOT,8.0,2.0,3.0,HARD,79.955,90.6,2.9898,79.4798,15.0,0.12121212121212122,31.6,22.2,0.6873999999999967
Spain,2023,NOR,8.0,2.0,7.0,HARD,80.807,90.6,2.9898,80.3318,3.811999999999898,0.12121212121212122,31.6,22.2,0.5998000000000019
Spain,2023,VER,9.0,1.0,9.0,MEDIUM,80.282,88.8,2.9304,79.7474,15.0,0.13636363636363635,31.8,22.2,0.32789999999999964
Spain,2023,SAI,9.0,1.0,12.0,SOFT,80.734,88.8,2.9304,80.1994,4.6599999999998545,0.13636363636363635,31.8,22.2,0.07579999999998677
Spain,2023,HAM,9.0,1.0,12.0,SOFT,80.812,88.8,2.9304,80.2774,1.9140000000006694,0.13636363636363635,31.8,22.2,3.126199999999997
Spain,2023,STR,9.0,1.0,12.0,SOFT,81.36,88.8,2.9304,80.8254,1.988999999999578,0.13636363636363635,31.8,22.2,0.9634999999999962
Spain,2023,OCO,9.0,1.0,12.0,SOFT,81.378,88.8,2.9304,80.8434,2.2750000000005457,0.13636363636363635,31.8,22.2,0.43900000000000716
Spain,2023,RUS,9.0,1.0,9.0,SOFT,81.032,88.8,2.9304,80.4974,0.8469999999997526,0.13636363636363635,31.8,22.2,2.8952000000000027
Spain,2023,ALO,9.0,1.0,12.0,SOFT,81.35,88.8,2.9304,80.8154,2.050999999999476,0.13636363636363635,31.8,22.2,1.2933999999999912
Spain,2023,PER,9.0,1.0,9.0,MEDIUM,81.01,88.8,2.9304,80.47540000000001,0.8020000000005894,0.13636363636363635,31.8,22.2,0.4058000000000135
Spain,2023,TSU,9.0,1.0,9.0,SOFT,81.451,88.8,2.9304,80.9164,2.2559999999994034,0.13636363636363635,31.8,22.2,0.3124999999999858
Spain,2023,PIA,9.0,1.0,11.0,SOFT,81.69,88.8,2.9304,81.1554,2.3609999999998763,0.13636363636363635,31.8,22.2,0.566599999999994
Spain,2023,MAG,9.0,1.0,9.0,SOFT,81.53,88.8,2.9304,80.9954,1.4340000000001965,0.13636363636363635,31.8,22.2,0.07080000000000553
Spain,2023,GAS,9.0,1.0,12.0,SOFT,81.563,88.8,2.9304,81.0284,0.41200000000026193,0.13636363636363635,31.8,22.2,0.41960000000000264
Spain,2023,LEC,9.0,1.0,9.0,HARD,81.739,88.8,2.9304,81.2044,1.4039999999995416,0.13636363636363635,31.8,22.2,3.120599999999996
Spain,2023,ALB,9.0,1.0,9.0,SOFT,82.443,88.8,2.9304,81.9084,2.1140000000004875,0.13636363636363635,31.8,22.2,0.5827000000000027
Spain,2023,SAR,9.0,1.0,9.0,MEDIUM,82.317,88.8,2.9304,81.7824,1.6840000000001965,0.13636363636363635,31.8,22.2,0.331799999999987
Spain,2023,BOT,9.0,2.0,4.0,HARD,80.485,88.8,2.9304,79.9504,14.389999999999418,0.13636363636363635,31.9,22.1,1.2173999999999978
Spain,2023,NOR,9.0,2.0,8.0,HARD,81.17,88.8,2.9304,80.6354,4.497000000000298,0.13636363636363635,31.9,22.1,0.9628000000000014
Spain,2023,VER,10.0,1.0,10.0,MEDIUM,80.334,87.0,2.871,79.74000000000001,15.0,0.15151515151515152,31.9,22.1,0.37990000000000634
Spain,2023,SAI,10.0,1.0,13.0,SOFT,80.933,87.0,2.871,80.33900000000001,5.2590000000000146,0.15151515151515152,31.9,22.1,0.27479999999999905
Spain,2023,HAM,10.0,1.0,13.0,SOFT,80.71,87.0,2.871,80.116,1.691000000000713,0.15151515151515152,31.9,22.1,3.0241999999999933
Spain,2023,STR,10.0,1.0,13.0,SOFT,81.263,87.0,2.871,80.66900000000001,2.5419999999994616,0.15151515151515152,31.9,22.1,0.866500000000002
Spain,2023,OCO,10.0,1.0,13.0,SOFT,81.475,87.0,2.871,80.881,2.48700000000008,0.15151515151515152,31.9,22.1,0.5360000000000014
Spain,2023,RUS,10.0,1.0,10.0,SOFT,81.255,87.0,2.871,80.661,0.6270000000004075,0.15151515151515152,31.9,22.1,3.1182000000000016
Spain,2023,ALO,10.0,1.0,13.0,SOFT,81.34,87.0,2.871,80.74600000000001,2.1359999999995125,0.15151515151515152,31.8,22.0,1.2834000000000003
Spain,2023,PER,10.0,1.0,10.0,MEDIUM,81.266,87.0,2.871,80.67200000000001,0.7280000000000655,0.15151515151515152,31.8,22.0,0.6618000000000137
Spain,2023,PIA,10.0,1.0,12.0,SOFT,81.408,87.0,2.871,80.81400000000001,4.7590000000000146,0.15151515151515152,31.8,22.0,0.2845999999999975
Spain,2023,GAS,10.0,1.0,13.0,SOFT,81.41,87.0,2.871,80.816,1.8479999999999563,0.15151515151515152,31.8,22.0,0.26659999999999684
Spain,2023,LEC,10.0,1.0,10.0,HARD,81.828,87.0,2.871,81.23400000000001,1.8220000000001164,0.15151515151515152,31.8,22.0,3.2095999999999947
Spain,2023,ALB,10.0,1.0,10.0,SOFT,82.507,87.0,2.871,81.91300000000001,2.7929999999996653,0.15151515151515152,31.8,22.0,0.6467000000000098
Spain,2023,SAR,10.0,1.0,10.0,MEDIUM,82.595,87.0,2.871,82.001,1.7719999999999345,0.15151515151515152,31.8,22.0,0.6097999999999928
Spain,2023,HUL,10.0,2.0,2.0,MEDIUM,80.101,87.0,2.871,79.507,12.231000000000677,0.15151515151515152,31.8,22.0,1.209399999999988
Spain,2023,BOT,10.0,2.0,5.0,HARD,82.633,87.0,2.871,82.039,2.1970000000001164,0.15151515151515152,31.8,22.0,3.365399999999994
Spain,2023,NOR,10.0,2.0,9.0,HARD,82.136,87.0,2.871,81.542,4.0,0.15151515151515152,31.8,22.0,1.9287999999999954
Spain,2023,VER,11.0,1.0,11.0,MEDIUM,80.52,85.2,2.8116000000000003,79.86659999999999,15.0,0.16666666666666666,31.5,22.0,0.5658999999999992
Spain,2023,SAI,11.0,1.0,14.0,SOFT,80.73,85.2,2.8116000000000003,80.0766,5.469000000000051,0.16666666666666666,31.5,22.0,0.07179999999999609
Spain,2023,HAM,11.0,1.0,14.0,SOFT,80.646,85.2,2.8116000000000003,79.9926,1.606999999999971,0.16666666666666666,31.5,22.0,2.9602000000000004
Spain,2023,STR,11.0,1.0,14.0,SOFT,81.371,85.2,2.8116000000000003,80.71759999999999,3.2669999999998254,0.16666666666666666,31.5,22.0,0.9744999999999919
Spain,2023,RUS,11.0,1.0,11.0,SOFT,80.747,85.2,2.8116000000000003,80.0936,2.4899999999997817,0.16666666666666666,31.5,22.0,2.610200000000006
Spain,2023,OCO,11.0,1.0,14.0,SOFT,82.763,85.2,2.8116000000000003,82.1096,1.3890000000001237,0.16666666666666666,31.5,22.0,1.8240000000000123
Spain,2023,ALO,11.0,1.0,14.0,SOFT,81.575,85.2,2.8116000000000003,80.9216,1.574999999999818,0.16666666666666666,31.5,22.0,1.5183999999999997
Spain,2023,PER,11.0,1.0,11.0,MEDIUM,81.616,85.2,2.8116000000000003,80.9626,0.7690000000002328,0.16666666666666666,31.5,22.0,1.011800000000008
Spain,2023,PIA,11.0,1.0,13.0,SOFT,81.025,85.2,2.8116000000000003,80.3716,4.168000000000575,0.16666666666666666,31.5,22.0,-0.09839999999999804
Spain,2023,GAS,11.0,1.0,14.0,SOFT,81.06,85.2,2.8116000000000003,80.4066,1.8829999999998108,0.16666666666666666,31.5,22.0,-0.08339999999999748
Spain,2023,LEC,11.0,1.0,11.0,HARD,80.84,85.2,2.8116000000000003,80.1866,1.6019999999998618,0.16666666666666666,31.5,22.0,2.221599999999995
Spain,2023,ALB,11.0,1.0,11.0,SOFT,82.274,85.2,2.8116000000000003,81.6206,4.226999999999862,0.16666666666666666,31.5,22.0,0.41370000000000573
Spain,2023,SAR,11.0,1.0,11.0,MEDIUM,82.45,85.2,2.8116000000000003,81.7966,1.9480000000003201,0.16666666666666666,31.5,22.0,0.46479999999999677
Spain,2023,HUL,11.0,2.0,3.0,MEDIUM,79.527,85.2,2.8116000000000003,78.8736,9.307999999999993,0.16666666666666666,31.5,22.0,0.63539999999999
Spain,2023,ZHO,11.0,2.0,2.0,HARD,81.174,85.2,2.8116000000000003,80.5206,1.0299999999997453,0.16666666666666666,31.5,22.0,2.126100000000008
Spain,2023,BOT,11.0,2.0,6.0,HARD,81.56,85.2,2.8116000000000003,80.9066,3.199999999999818,0.16666666666666666,31.5,22.0,2.2924000000000007
Spain,2023,DEV,11.0,2.0,2.0,HARD,80.705,85.2,2.8116000000000003,80.0516,1.5340000000005602,0.16666666666666666,31.5,22.0,0.2043999999999926
Spain,2023,NOR,11.0,2.0,10.0,HARD,81.956,85.2,2.8116000000000003,81.3026,2.8619999999991705,0.16666666666666666,31.5,22.0,1.7488000000000028
Spain,2023,VER,12.0,1.0,12.0,MEDIUM,80.442,83.4,2.7522,79.72919999999999,15.0,0.18181818181818182,31.5,22.1,0.4878999999999962
Spain,2023,SAI,12.0,1.0,15.0,SOFT,80.851,83.4,2.7522,80.1382,5.877999999999702,0.18181818181818182,31.5,22.1,0.1927999999999912
Spain,2023,HAM,12.0,1.0,15.0,SOFT,80.504,83.4,2.7522,79.7912,1.2600000000002183,0.18181818181818182,31.5,22.1,2.8182000000000045
Spain,2023,STR,12.0,1.0,15.0,SOFT,81.31,83.4,2.7522,80.5972,4.07300000000032,0.18181818181818182,31.5,22.1,0.9134999999999991
Spain,2023,RUS,12.0,1.0,12.0,SOFT,81.264,83.4,2.7522,80.5512,2.4439999999995052,0.18181818181818182,31.5,22.1,3.127200000000002
Spain,2023,OCO,12.0,1.0,15.0,SOFT,81.696,83.4,2.7522,80.9832,1.8209999999999127,0.18181818181818182,31.5,22.1,0.757000000000005
Spain,2023,ALO,12.0,1.0,15.0,SOFT,81.291,83.4,2.7522,80.5782,1.1700000000000728,0.18181818181818182,31.5,22.1,1.2343999999999937
Spain,2023,PER,12.0,1.0,12.0,MEDIUM,81.597,83.4,2.7522,80.88419999999999,1.074999999999818,0.18181818181818182,31.5,22.1,0.9928000000000026
Spain,2023,PIA,12.0,1.0,14.0,SOFT,80.997,83.4,2.7522,80.2842,3.568000000000211,0.18181818181818182,31.5,22.1,-0.12640000000000384
Spain,2023,GAS,12.0,1.0,15.0,SOFT,81.058,83.4,2.7522,80.3452,1.9440000000004147,0.18181818181818182,31.5,22.1,-0.08539999999999281
Spain,2023,LEC,12.0,1.0,12.0,HARD,81.504,83.4,2.7522,80.7912,2.0479999999997744,0.18181818181818182,31.5,22.1,2.8855999999999966
Spain,2023,ALB,12.0,1.0,12.0,SOFT,82.189,83.4,2.7522,81.47619999999999,4.912000000000262,0.18181818181818182,31.5,22.1,0.32869999999999777
Spain,2023,SAR,12.0,1.0,12.0,MEDIUM,82.16,83.4,2.7522,81.4472,1.918999999999869,0.18181818181818182,31.5,22.1,0.17479999999999052
Spain,2023,HUL,12.0,2.0,4.0,MEDIUM,80.114,83.4,2.7522,79.4012,7.261999999999716,0.18181818181818182,31.7,22.1,1.2223999999999933
Spain,2023,ZHO,12.0,2.0,3.0,HARD,79.955,83.4,2.7522,79.2422,0.8710000000000946,0.18181818181818182,31.7,22.1,0.9070999999999998
Spain,2023,TSU,12.0,2.0,2.0,HARD,80.243,83.4,2.7522,79.5302,0.9600000000000364,0.18181818181818182,31.7,22.1,0.020899999999997476
Spain,2023,BOT,12.0,2.0,7.0,HARD,81.19,83.4,2.7522,80.4772,3.475000000000364,0.18181818181818182,31.7,22.1,1.9223999999999961
Spain,2023,MAG,12.0,2.0,2.0,MEDIUM,80.176,83.4,2.7522,79.4632,0.9510000000000218,0.18181818181818182,31.7,22.1,1.2862999999999971
Spain,2023,DEV,12.0,2.0,3.0,HARD,81.357,83.4,2.7522,80.6442,0.75,0.18181818181818182,31.7,22.1,0.8563999999999936
Spain,2023,NOR,12.0,2.0,11.0,HARD,81.641,83.4,2.7522,80.9282,3.145999999999731,0.18181818181818182,31.7,22.1,1.433800000000005
Spain,2023,VER,13.0,1.0,13.0,MEDIUM,80.178,81.6,2.6928,79.4058,15.0,0.19696969696969696,31.7,22.1,0.22390000000000043
Spain,2023,SAI,13.0,1.0,16.0,SOFT,80.715,81.6,2.6928,79.9428,6.414999999999964,0.19696969696969696,31.7,22.1,0.05679999999999552
Spain,2023,HAM,13.0,1.0,16.0,SOFT,80.552,81.6,2.6928,79.77980000000001,1.0969999999997526,0.19696969696969696,31.7,22.1,2.8662000000000063
Spain,2023,STR,13.0,1.0,16.0,SOFT,81.364,81.6,2.6928,80.5918,4.885000000000218,0.19696969696969696,31.7,22.1,0.9675000000000011
Spain,2023,RUS,13.0,1.0,13.0,SOFT,80.872,81.6,2.6928,80.0998,1.9520000000002256,0.19696969696969696,31.7,22.0,2.735200000000006
Spain,2023,ALO,13.0,1.0,16.0,SOFT,81.325,81.6,2.6928,80.5528,3.4439999999995052,0.19696969696969696,31.7,22.0,1.2683999999999997
Spain,2023,PER,13.0,1.0,13.0,MEDIUM,81.592,81.6,2.6928,80.8198,1.342000000000553,0.19696969696969696,31.7,22.0,0.9878000000000071
Spain,2023,PIA,13.0,1.0,15.0,SOFT,81.498,81.6,2.6928,80.7258,3.47400000000016,0.19696969696969696,31.7,22.0,0.37460000000000093
Spain,2023,GAS,13.0,1.0,16.0,SOFT,81.318,81.6,2.6928,80.5458,1.7639999999992142,0.19696969696969696,31.7,22.0,0.1745999999999981
Spain,2023,LEC,13.0,1.0,13.0,HARD,81.797,81.6,2.6928,81.0248,2.5270000000000437,0.19696969696969696,31.7,22.0,3.1785999999999888
Spain,2023,ALB,13.0,1.0,13.0,SOFT,82.081,81.6,2.6928,81.3088,5.196000000000822,0.19696969696969696,31.7,22.0,0.2207000000000079
Spain,2023,SAR,13.0,1.0,13.0,MEDIUM,81.968,81.6,2.6928,81.1958,1.8059999999995853,0.19696969696969696,31.7,22.0,-0.017200000000002547
Spain,2023,HUL,13.0,2.0,5.0,MEDIUM,80.356,81.6,2.6928,79.5838,5.649999999999636,0.19696969696969696,31.7,22.0,1.4643999999999835
Spain,2023,ZHO,13.0,2.0,4.0,HARD,79.948,81.6,2.6928,79.1758,0.46300000000064756,0.19696969696969696,31.7,22.0,0.9000999999999948
Spain,2023,TSU,13.0,2.0,3.0,HARD,79.767,81.6,2.6928,78.9948,0.7789999999995416,0.19696969696969696,31.7,22.0,-0.4551000000000016
Spain,2023,BOT,13.0,2.0,8.0,HARD,80.805,81.6,2.6928,80.03280000000001,4.51299999999992,0.19696969696969696,31.7,22.0,1.5374000000000052
Spain,2023,MAG,13.0,2.0,3.0,MEDIUM,80.504,81.6,2.6928,79.7318,0.6500000000005457,0.19696969696969696,31.7,22.0,1.6143
Spain,2023,DEV,13.0,2.0,4.0,HARD,80.553,81.6,2.6928,79.7808,0.7989999999999782,0.19696969696969696,31.7,22.0,0.052399999999991564
Spain,2023,NOR,13.0,2.0,12.0,HARD,81.744,81.6,2.6928,80.9718,4.336999999999534,0.19696969696969696,31.7,22.0,1.5367999999999995
Spain,2023,VER,14.0,1.0,14.0,MEDIUM,80.378,79.8,2.6334,79.5464,15.0,0.21212121212121213,31.9,22.1,0.4239000000000033
Spain,2023,SAI,14.0,1.0,17.0,SOFT,81.054,79.8,2.6334,80.22240000000001,7.091000000000349,0.21212121212121213,31.9,22.1,0.39579999999999416
Spain,2023,HAM,14.0,1.0,17.0,SOFT,80.785,79.8,2.6334,79.9534,0.8280000000004293,0.21212121212121213,31.9,22.1,3.099199999999996
Spain,2023,RUS,14.0,1.0,14.0,SOFT,80.855,79.8,2.6334,80.02340000000001,6.906999999999243,0.21212121212121213,31.9,22.1,2.71820000000001
Spain,2023,ALO,14.0,1.0,17.0,SOFT,80.876,79.8,2.6334,80.04440000000001,3.4650000000001455,0.21212121212121213,31.9,22.1,0.8194000000000017
Spain,2023,PER,14.0,1.0,14.0,MEDIUM,81.329,79.8,2.6334,80.4974,1.7950000000000728,0.21212121212121213,31.9,22.1,0.7248000000000019
Spain,2023,PIA,14.0,1.0,16.0,SOFT,81.29,79.8,2.6334,80.45840000000001,3.4350000000004,0.21212121212121213,31.9,22.1,0.16660000000000252
Spain,2023,GAS,14.0,1.0,17.0,SOFT,81.307,79.8,2.6334,80.47540000000001,1.780999999999949,0.21212121212121213,31.9,22.1,0.1636000000000024
Spain,2023,LEC,14.0,1.0,14.0,HARD,81.732,79.8,2.6334,80.9004,2.951999999999316,0.21212121212121213,31.9,22.1,3.113599999999991
Spain,2023,ALB,14.0,1.0,14.0,SOFT,82.137,79.8,2.6334,81.3054,5.6010000000005675,0.21212121212121213,31.9,22.1,0.2767000000000053
Spain,2023,SAR,14.0,1.0,14.0,MEDIUM,82.188,79.8,2.6334,81.35640000000001,1.856999999999971,0.21212121212121213,31.9,22.1,0.20279999999999632
Spain,2023,HUL,14.0,2.0,6.0,MEDIUM,82.119,79.8,2.6334,81.2874,5.581000000000131,0.21212121212121213,31.9,22.1,3.2273999999999887
Spain,2023,TSU,14.0,2.0,4.0,HARD,81.161,79.8,2.6334,80.3294,0.28399999999965075,0.21212121212121213,31.9,22.1,0.9389000000000038
Spain,2023,ZHO,14.0,2.0,5.0,HARD,82.523,79.8,2.6334,81.6914,0.5830000000005384,0.21212121212121213,31.9,22.1,3.4750999999999976
Spain,2023,MAG,14.0,2.0,4.0,MEDIUM,80.706,79.8,2.6334,79.87440000000001,4.125,0.21212121212121213,31.9,22.1,1.8162999999999982
Spain,2023,BOT,14.0,2.0,9.0,HARD,82.361,79.8,2.6334,81.52940000000001,1.0049999999991996,0.21212121212121213,31.9,22.1,3.0934000000000026
Spain,2023,DEV,14.0,2.0,5.0,HARD,81.363,79.8,2.6334,80.5314,0.45100000000002183,0.21212121212121213,31.9,22.1,0.8623999999999938
Spain,2023,NOR,14.0,2.0,13.0,HARD,81.093,79.8,2.6334,80.26140000000001,4.067000000000007,0.21212121212121213,31.9,22.1,0.8858000000000033
Spain,2023,VER,15.0,1.0,15.0,MEDIUM,80.282,78.0,2.5740000000000003,79.39099999999999,15.0,0.22727272727272727,31.2,22.1,0.32789999999999964
Spain,2023,HAM,15.0,1.0,18.0,SOFT,80.865,78.0,2.5740000000000003,79.97399999999999,8.502000000000407,0.22727272727272727,31.2,22.1,3.1791999999999945
Spain,2023,RUS,15.0,1.0,15.0,SOFT,80.677,78.0,2.5740000000000003,79.786,6.719000000000051,0.22727272727272727,31.2,22.1,2.540200000000013
Spain,2023,ALO,15.0,1.0,18.0,SOFT,81.169,78.0,2.5740000000000003,80.27799999999999,3.956999999999425,0.22727272727272727,31.2,22.1,1.1123999999999938
Spain,2023,PER,15.0,1.0,15.0,MEDIUM,81.327,78.0,2.5740000000000003,80.43599999999999,1.9530000000004293,0.22727272727272727,31.2,22.1,0.7228000000000065
Spain,2023,PIA,15.0,1.0,17.0,SOFT,81.369,78.0,2.5740000000000003,80.478,3.4769999999998618,0.22727272727272727,31.2,22.1,0.24559999999999604
Spain,2023,GAS,15.0,1.0,18.0,SOFT,81.36,78.0,2.5740000000000003,80.469,1.7719999999999345,0.22727272727272727,31.2,22.1,0.21659999999999968
Spain,2023,LEC,15.0,1.0,15.0,HARD,81.545,78.0,2.5740000000000003,80.654,3.1369999999997162,0.22727272727272727,31.2,22.1,2.9265999999999934
Spain,2023,ALB,15.0,1.0,15.0,SOFT,82.189,78.0,2.5740000000000003,81.29799999999999,6.2450000000008,0.22727272727272727,31.2,22.1,0.32869999999999777
Spain,2023,SAR,15.0,1.0,15.0,MEDIUM,82.998,78.0,2.5740000000000003,82.107,2.665999999999258,0.22727272727272727,31.2,22.1,1.0127999999999986
Spain,2023,OCO,15.0,2.0,2.0,MEDIUM,80.523,78.0,2.5740000000000003,79.63199999999999,1.1330000000007203,0.22727272727272727,31.2,22.1,0.20550000000000068
Spain,2023,TSU,15.0,2.0,5.0,HARD,80.161,78.0,2.5740000000000003,79.27,1.894999999999527,0.22727272727272727,31.2,22.1,-0.06109999999999616
Spain,2023,HUL,15.0,2.0,7.0,MEDIUM,81.677,78.0,2.5740000000000003,80.786,1.231999999999971,0.22727272727272727,31.2,22.1,2.7853999999999957
Spain,2023,ZHO,15.0,2.0,6.0,HARD,81.185,78.0,2.5740000000000003,80.294,0.375,0.22727272727272727,31.2,22.1,2.1371000000000038
Spain,2023,MAG,15.0,2.0,5.0,MEDIUM,81.069,78.0,2.5740000000000003,80.178,4.0090000000000146,0.22727272727272727,31.2,22.1,2.179299999999998
Spain,2023,DEV,15.0,2.0,6.0,HARD,80.776,78.0,2.5740000000000003,79.88499999999999,1.1630000000004657,0.22727272727272727,31.2,22.1,0.27539999999999054
Spain,2023,BOT,15.0,2.0,10.0,HARD,82.934,78.0,2.5740000000000003,82.04299999999999,1.7069999999994252,0.22727272727272727,31.2,22.1,3.666399999999996
Spain,2023,NOR,15.0,2.0,14.0,HARD,81.359,78.0,2.5740000000000003,80.46799999999999,2.943000000000211,0.22727272727272727,31.2,22.1,1.1517999999999944
Spain,2023,VER,16.0,1.0,16.0,MEDIUM,80.186,76.2,2.5146,79.2356,15.0,0.24242424242424243,31.2,22.1,0.2319000000000102
Spain,2023,HAM,16.0,1.0,19.0,SOFT,79.733,76.2,2.5146,78.7826,8.048999999999978,0.24242424242424243,31.2,22.1,2.0472000000000037
Spain,2023,RUS,16.0,1.0,16.0,SOFT,80.646,76.2,2.5146,79.6956,7.631999999999607,0.24242424242424243,31.3,22.1,2.509200000000007
Spain,2023,ALO,16.0,1.0,19.0,SOFT,81.15,76.2,2.5146,80.1996,4.46100000000024,0.24242424242424243,31.3,22.1,1.0934000000000026
Spain,2023,PER,16.0,1.0,16.0,MEDIUM,81.033,76.2,2.5146,80.0826,1.8359999999993306,0.24242424242424243,31.3,22.1,0.4288000000000096
Spain,2023,PIA,16.0,1.0,18.0,SOFT,81.715,76.2,2.5146,80.7646,4.15900000000056,0.24242424242424243,31.3,22.1,0.5915999999999997
Spain,2023,GAS,16.0,1.0,19.0,SOFT,81.543,76.2,2.5146,80.5926,1.5999999999994543,0.24242424242424243,31.3,22.1,0.3996000000000066
Spain,2023,STR,16.0,2.0,5.0,SOFT,80.907,76.2,2.5146,79.9566,10.155000000000655,0.24242424242424243,31.3,22.1,0.5104999999999933
Spain,2023,OCO,16.0,2.0,3.0,MEDIUM,80.865,76.2,2.5146,79.9146,2.3479999999999563,0.24242424242424243,31.3,22.1,0.5474999999999994
Spain,2023,SAR,16.0,1.0,16.0,MEDIUM,82.913,76.2,2.5146,81.9626,0.9149999999999636,0.24242424242424243,31.3,22.1,0.9277999999999906
Spain,2023,TSU,16.0,2.0,6.0,HARD,80.377,76.2,2.5146,79.4266,0.4920000000001892,0.24242424242424243,31.3,22.1,0.15489999999999782
Spain,2023,ZHO,16.0,2.0,7.0,HARD,80.906,76.2,2.5146,79.9556,2.1359999999995125,0.24242424242424243,31.3,22.1,1.8581000000000074
Spain,2023,HUL,16.0,2.0,8.0,MEDIUM,83.239,76.2,2.5146,82.2886,1.9580000000005384,0.24242424242424243,31.3,22.1,4.347399999999993
Spain,2023,MAG,16.0,2.0,6.0,MEDIUM,81.119,76.2,2.5146,80.1686,2.263999999999214,0.24242424242424243,31.3,22.1,2.229299999999995
Spain,2023,DEV,16.0,2.0,7.0,HARD,81.022,76.2,2.5146,80.0716,1.066000000000713,0.24242424242424243,31.3,22.1,0.5213999999999999
Spain,2023,BOT,16.0,2.0,11.0,HARD,81.922,76.2,2.5146,80.9716,2.606999999999971,0.24242424242424243,31.3,22.1,2.6543999999999954
Spain,2023,NOR,16.0,2.0,15.0,HARD,81.782,76.2,2.5146,80.8316,2.8029999999998836,0.24242424242424243,31.3,22.1,1.5747999999999962
Spain,2023,VER,17.0,1.0,17.0,MEDIUM,80.344,74.4,2.4552000000000005,79.3342,15.0,0.25757575757575757,31.0,22.1,0.38989999999999725
Spain,2023,HAM,17.0,1.0,20.0,SOFT,80.253,74.4,2.4552000000000005,79.2432,7.958000000000538,0.25757575757575757,31.0,22.1,2.5671999999999997
Spain,2023,RUS,17.0,1.0,17.0,SOFT,80.503,74.4,2.4552000000000005,79.4932,7.881999999999607,0.25757575757575757,31.0,22.1,2.3662000000000063
Spain,2023,ALO,17.0,1.0,20.0,SOFT,81.193,74.4,2.4552000000000005,80.1832,5.15099999999984,0.25757575757575757,31.0,22.1,1.1363999999999947
Spain,2023,PER,17.0,1.0,17.0,MEDIUM,81.115,74.4,2.4552000000000005,80.1052,1.7580000000007203,0.25757575757575757,31.0,22.1,0.5108000000000033
Spain,2023,GAS,17.0,1.0,20.0,SOFT,81.554,74.4,2.4552000000000005,80.5442,6.197999999999411,0.25757575757575757,31.0,22.1,0.4106000000000023
Spain,2023,SAI,17.0,2.0,2.0,MEDIUM,80.165,74.4,2.4552000000000005,79.15520000000001,1.5570000000006985,0.25757575757575757,31.0,22.1,0.10090000000000998
Spain,2023,STR,17.0,2.0,6.0,SOFT,80.283,74.4,2.4552000000000005,79.2732,7.326999999999316,0.25757575757575757,31.0,22.1,-0.11350000000000193
Spain,2023,OCO,17.0,2.0,4.0,MEDIUM,80.556,74.4,2.4552000000000005,79.5462,2.6210000000000946,0.25757575757575757,31.0,22.1,0.23850000000000193
Spain,2023,TSU,17.0,2.0,7.0,HARD,80.998,74.4,2.4552000000000005,79.9882,1.84900000000016,0.25757575757575757,31.0,22.1,0.7759000000000071
Spain,2023,ZHO,17.0,2.0,8.0,HARD,80.815,74.4,2.4552000000000005,79.8052,1.9530000000004293,0.25757575757575757,31.0,22.1,1.7670999999999992
Spain,2023,HUL,17.0,2.0,9.0,MEDIUM,81.467,74.4,2.4552000000000005,80.4572,2.6099999999996726,0.25757575757575757,31.0,22.1,2.5753999999999877
Spain,2023,MAG,17.0,2.0,7.0,MEDIUM,81.203,74.4,2.4552000000000005,80.1932,2.0,0.25757575757575757,31.0,22.1,2.313299999999998
Spain,2023,DEV,17.0,2.0,8.0,HARD,80.808,74.4,2.4552000000000005,79.79820000000001,0.6710000000002765,0.25757575757575757,31.0,22.1,0.30740000000000123
Spain,2023,BOT,17.0,2.0,12.0,HARD,81.789,74.4,2.4552000000000005,80.7792,3.587999999999738,0.25757575757575757,30.9,22.1,2.5214
Spain,2023,NOR,17.0,2.0,16.0,HARD,82.536,74.4,2.4552000000000005,81.5262,3.550000000000182,0.25757575757575757,30.9,22.1,2.328800000000001
Spain,2023,VER,18.0,1.0,18.0,MEDIUM,80.258,72.6,2.3958,79.1888,15.0,0.2727272727272727,30.9,22.1,0.3038999999999987
Spain,2023,HAM,18.0,1.0,21.0,SOFT,80.172,72.6,2.3958,79.1028,7.871999999999389,0.2727272727272727,30.9,22.1,2.4861999999999966
Spain,2023,RUS,18.0,1.0,18.0,SOFT,80.521,72.6,2.3958,79.4518,8.231000000000677,0.2727272727272727,30.9,22.1,2.384200000000007
Spain,2023,ALO,18.0,1.0,21.0,SOFT,81.147,72.6,2.3958,80.07780000000001,5.777000000000044,0.2727272727272727,30.9,22.1,1.0904000000000025
Spain,2023,PER,18.0,1.0,18.0,MEDIUM,80.824,72.6,2.3958,79.7548,1.4349999999994907,0.2727272727272727,30.9,22.1,0.21980000000000643
Spain,2023,GAS,18.0,1.0,21.0,SOFT,81.199,72.6,2.3958,80.1298,6.57300000000032,0.2727272727272727,30.9,22.1,0.05559999999999832
Spain,2023,SAI,18.0,2.0,3.0,MEDIUM,79.981,72.6,2.3958,78.9118,0.3389999999999418,0.2727272727272727,30.9,22.1,-0.08310000000000173
Spain,2023,STR,18.0,2.0,7.0,SOFT,80.392,72.6,2.3958,79.3228,7.738000000000284,0.2727272727272727,31.2,22.1,-0.004500000000007276
Spain,2023,OCO,18.0,2.0,5.0,MEDIUM,80.376,72.6,2.3958,79.30680000000001,2.6049999999995634,0.2727272727272727,31.2,22.1,0.05850000000000932
Spain,2023,TSU,18.0,2.0,8.0,HARD,80.223,72.6,2.3958,79.1538,1.6959999999999127,0.2727272727272727,31.2,22.1,0.0009000000000014552
Spain,2023,ZHO,18.0,2.0,9.0,HARD,80.568,72.6,2.3958,79.4988,2.2979999999997744,0.2727272727272727,31.2,22.1,1.5200999999999993
Spain,2023,HUL,18.0,2.0,10.0,MEDIUM,81.335,72.6,2.3958,80.2658,3.3770000000004075,0.2727272727272727,31.2,22.1,2.4433999999999827
Spain,2023,MAG,18.0,2.0,8.0,MEDIUM,81.031,72.6,2.3958,79.96180000000001,1.6959999999999127,0.2727272727272727,31.2,22.1,2.141300000000001
Spain,2023,DEV,18.0,2.0,9.0,HARD,81.221,72.6,2.3958,80.15180000000001,0.8609999999998763,0.2727272727272727,31.2,22.1,0.7203999999999979
Spain,2023,BOT,18.0,2.0,13.0,HARD,81.419,72.6,2.3958,80.3498,3.786000000000058,0.2727272727272727,31.2,22.1,2.1513999999999953
Spain,2023,LEC,18.0,2.0,2.0,SOFT,80.94,72.6,2.3958,79.8708,1.52599999999984,0.2727272727272727,31.2,22.1,0.7154000000000025
Spain,2023,NOR,18.0,2.0,17.0,HARD,81.694,72.6,2.3958,80.62480000000001,2.298999999999978,0.2727272727272727,31.2,22.1,1.4868000000000023
Spain,2023,ALB,18.0,2.0,2.0,HARD,80.754,72.6,2.3958,79.68480000000001,6.636000000000422,0.2727272727272727,31.2,22.1,0.01659999999999684
Spain,2023,VER,19.0,1.0,19.0,MEDIUM,80.068,70.8,2.3364,78.93939999999999,15.0,0.2878787878787879,31.2,22.1,0.113900000000001
Spain,2023,HAM,19.0,1.0,22.0,SOFT,80.324,70.8,2.3364,79.19539999999999,8.128000000000611,0.2878787878787879,31.2,22.1,2.6381999999999977
Spain,2023,RUS,19.0,1.0,19.0,SOFT,80.742,70.8,2.3364,79.6134,8.648999999999432,0.2878787878787879,31.5,22.0,2.6052000000000106
Spain,2023,PER,19.0,1.0,19.0,MEDIUM,81.128,70.8,2.3364,79.9994,7.597999999999956,0.2878787878787879,31.5,22.0,0.5238000000000085
Spain,2023,SAI,19.0,2.0,4.0,MEDIUM,79.832,70.8,2.3364,78.70339999999999,5.6159999999999854,0.2878787878787879,31.5,22.0,-0.23210000000000264
Spain,2023,STR,19.0,2.0,8.0,SOFT,80.33,70.8,2.3364,79.20139999999999,8.236000000000786,0.2878787878787879,31.5,22.0,-0.06650000000000489
Spain,2023,OCO,19.0,2.0,6.0,MEDIUM,80.395,70.8,2.3364,79.26639999999999,2.6700000000000728,0.2878787878787879,31.5,22.0,0.07750000000000057
Spain,2023,TSU,19.0,2.0,9.0,HARD,80.222,70.8,2.3364,79.09339999999999,1.5229999999992287,0.2878787878787879,31.5,22.0,-0.00010000000000331966
Spain,2023,ZHO,19.0,2.0,10.0,HARD,80.49,70.8,2.3364,79.36139999999999,2.566000000000713,0.2878787878787879,31.5,22.0,1.4420999999999964
Spain,2023,HUL,19.0,2.0,11.0,MEDIUM,81.164,70.8,2.3364,80.0354,4.050999999999476,0.2878787878787879,31.5,22.0,2.2723999999999904
Spain,2023,PIA,19.0,2.0,2.0,HARD,79.785,70.8,2.3364,78.65639999999999,1.4420000000000073,0.2878787878787879,31.5,22.0,-0.5433000000000021
Spain,2023,MAG,19.0,2.0,9.0,MEDIUM,81.719,70.8,2.3364,80.59039999999999,0.8090000000001965,0.2878787878787879,31.5,22.0,2.8292999999999893
Spain,2023,DEV,19.0,2.0,10.0,HARD,81.571,70.8,2.3364,80.44239999999999,0.7129999999997381,0.2878787878787879,31.5,22.0,1.0703999999999922
Spain,2023,BOT,19.0,2.0,14.0,HARD,81.578,70.8,2.3364,80.4494,3.793000000000575,0.2878787878787879,31.5,22.0,2.3104000000000013
Spain,2023,LEC,19.0,2.0,3.0,SOFT,80.553,70.8,2.3364,79.42439999999999,0.5009999999992942,0.2878787878787879,31.5,22.0,0.328400000000002
Spain,2023,NOR,19.0,2.0,18.0,HARD,81.746,70.8,2.3364,80.61739999999999,3.492000000000189,0.2878787878787879,31.5,22.0,1.5387999999999948
Spain,2023,ALB,19.0,2.0,3.0,HARD,80.593,70.8,2.3364,79.4644,5.483000000000175,0.2878787878787879,31.5,22.0,-0.14440000000000452
Spain,2023,SAR,19.0,2.0,2.0,HARD,80.458,70.8,2.3364,79.32939999999999,3.9979999999995925,0.2878787878787879,31.5,22.0,0.8263999999999925
Spain,2023,VER,20.0,1.0,20.0,MEDIUM,79.988,69.0,2.277,78.8,15.0,0.30303030303030304,31.4,22.1,0.033900000000002706
Spain,2023,HAM,20.0,1.0,23.0,SOFT,80.527,69.0,2.277,79.339,8.667000000000371,0.30303030303030304,31.4,22.1,2.8412000000000006
Spain,2023,RUS,20.0,1.0,20.0,SOFT,80.523,69.0,2.277,79.335,8.644999999999527,0.30303030303030304,31.4,22.1,2.3862000000000023
Spain,2023,PER,20.0,1.0,20.0,MEDIUM,80.547,69.0,2.277,79.359,7.622000000000298,0.30303030303030304,31.4,22.1,-0.05719999999999459
Spain,2023,SAI,20.0,2.0,5.0,MEDIUM,80.249,69.0,2.277,79.06099999999999,5.318000000000211,0.30303030303030304,31.4,22.1,0.18489999999999895
Spain,2023,STR,20.0,2.0,9.0,SOFT,80.496,69.0,2.277,79.30799999999999,8.483000000000175,0.30303030303030304,31.4,22.1,0.09949999999999193
Spain,2023,OCO,20.0,2.0,7.0,MEDIUM,80.623,69.0,2.277,79.435,2.7969999999995707,0.30303030303030304,31.4,22.1,0.3055000000000092
Spain,2023,TSU,20.0,2.0,10.0,HARD,80.262,69.0,2.277,79.074,1.162000000000262,0.30303030303030304,31.4,22.1,0.03990000000000293
Spain,2023,ZHO,20.0,2.0,11.0,HARD,80.479,69.0,2.277,79.291,2.782999999999447,0.30303030303030304,31.4,22.1,1.4311000000000007
Spain,2023,HUL,20.0,2.0,12.0,MEDIUM,81.266,69.0,2.277,80.078,4.838000000000648,0.30303030303030304,31.4,22.1,2.3743999999999943
Spain,2023,PIA,20.0,2.0,3.0,HARD,80.115,69.0,2.277,78.92699999999999,0.29099999999925785,0.30303030303030304,31.4,22.1,-0.21330000000000382
Spain,2023,MAG,20.0,2.0,10.0,MEDIUM,81.51,69.0,2.277,80.322,2.204000000000633,0.30303030303030304,31.2,22.1,2.6203000000000003
Spain,2023,DEV,20.0,2.0,11.0,HARD,81.217,69.0,2.277,80.029,0.42000000000007276,0.30303030303030304,31.2,22.1,0.716399999999993
Spain,2023,LEC,20.0,2.0,4.0,SOFT,80.066,69.0,2.277,78.878,3.143000000000029,0.30303030303030304,31.2,22.1,-0.15859999999999275
Spain,2023,BOT,20.0,2.0,15.0,HARD,83.449,69.0,2.277,82.261,2.881999999999607,0.30303030303030304,31.2,22.1,4.1813999999999965
Spain,2023,NOR,20.0,2.0,19.0,HARD,81.428,69.0,2.277,80.24,1.9719999999997526,0.30303030303030304,31.2,22.1,1.220799999999997
Spain,2023,ALB,20.0,2.0,4.0,HARD,80.897,69.0,2.277,79.709,4.9520000000002256,0.30303030303030304,31.2,22.1,0.15959999999999752
Spain,2023,SAR,20.0,2.0,3.0,HARD,80.615,69.0,2.277,79.42699999999999,3.7160000000003492,0.30303030303030304,31.2,22.1,0.983399999999989
Spain,2023,VER,21.0,1.0,21.0,MEDIUM,80.087,67.19999999999999,2.2175999999999996,78.8396,15.0,0.3181818181818182,31.2,22.1,0.13290000000000646
Spain,2023,HAM,21.0,1.0,24.0,SOFT,80.681,67.19999999999999,2.2175999999999996,79.4336,9.260999999999513,0.3181818181818182,31.2,22.1,2.995199999999997
Spain,2023,RUS,21.0,1.0,21.0,SOFT,80.757,67.19999999999999,2.2175999999999996,79.5096,8.721000000000458,0.3181818181818182,31.2,22.1,2.620200000000011
Spain,2023,PER,21.0,1.0,21.0,MEDIUM,80.256,67.19999999999999,2.2175999999999996,79.0086,7.121000000000095,0.3181818181818182,31.2,22.1,-0.3481999999999914
Spain,2023,SAI,21.0,2.0,6.0,MEDIUM,80.164,67.19999999999999,2.2175999999999996,78.9166,5.225999999999658,0.3181818181818182,31.2,22.1,0.0999000000000052
Spain,2023,STR,21.0,2.0,10.0,SOFT,80.457,67.19999999999999,2.2175999999999996,79.2096,8.77599999999984,0.3181818181818182,31.1,22.0,0.06049999999999045
Spain,2023,OCO,21.0,2.0,8.0,MEDIUM,80.646,67.19999999999999,2.2175999999999996,79.3986,2.9859999999998763,0.3181818181818182,31.1,22.0,0.32850000000000534
Spain,2023,TSU,21.0,2.0,11.0,HARD,80.591,67.19999999999999,2.2175999999999996,79.3436,1.106999999999971,0.3181818181818182,31.1,22.0,0.36889999999999645
Spain,2023,ALO,21.0,2.0,5.0,SOFT,80.375,67.19999999999999,2.2175999999999996,79.1276,2.899000000000342,0.3181818181818182,31.1,22.0,0.3183999999999969
Spain,2023,ZHO,21.0,2.0,12.0,HARD,81.619,67.19999999999999,2.2175999999999996,80.3716,0.9120000000002619,0.3181818181818182,31.1,22.0,2.5711000000000013
Spain,2023,PIA,21.0,2.0,4.0,HARD,80.38,67.19999999999999,2.2175999999999996,79.1326,3.889999999999418,0.3181818181818182,31.1,22.0,0.05169999999999675
Spain,2023,HUL,21.0,2.0,13.0,MEDIUM,81.964,67.19999999999999,2.2175999999999996,80.7166,1.2930000000005748,0.3181818181818182,31.1,22.0,3.0723999999999876
Spain,2023,MAG,21.0,2.0,11.0,MEDIUM,81.662,67.19999999999999,2.2175999999999996,80.41460000000001,2.1929999999993015,0.3181818181818182,31.1,22.0,2.7723000000000013
Spain,2023,DEV,21.0,2.0,12.0,HARD,81.642,67.19999999999999,2.2175999999999996,80.3946,0.4000000000005457,0.3181818181818182,31.1,22.0,1.1413999999999902
Spain,2023,GAS,21.0,2.0,2.0,MEDIUM,79.437,67.19999999999999,2.2175999999999996,78.1896,1.3260000000000218,0.3181818181818182,31.1,22.0,-0.15900000000000603
Spain,2023,LEC,21.0,2.0,5.0,SOFT,81.325,67.19999999999999,2.2175999999999996,80.0776,1.5,0.3181818181818182,31.1,22.0,1.1004000000000076
Spain,2023,BOT,21.0,2.0,16.0,HARD,81.727,67.19999999999999,2.2175999999999996,80.4796,3.2839999999996508,0.3181818181818182,31.1,22.0,2.4594000000000023
Spain,2023,NOR,21.0,2.0,20.0,HARD,81.589,67.19999999999999,2.2175999999999996,80.3416,1.8339999999998327,0.3181818181818182,31.1,22.0,1.3817999999999984
Spain,2023,ALB,21.0,2.0,5.0,HARD,80.981,67.19999999999999,2.2175999999999996,79.7336,4.344000000000051,0.3181818181818182,31.1,22.0,0.2435999999999865
Spain,2023,SAR,21.0,2.0,4.0,HARD,80.676,67.19999999999999,2.2175999999999996,79.4286,3.411000000000058,0.3181818181818182,31.1,22.0,1.044399999999996
Spain,2023,VER,22.0,1.0,22.0,MEDIUM,79.869,65.4,2.1582000000000003,78.5622,15.0,0.3333333333333333,31.1,22.0,-0.08509999999999707
Spain,2023,HAM,22.0,1.0,25.0,SOFT,80.562,65.4,2.1582000000000003,79.2552,9.953999999999724,0.3333333333333333,31.1,22.0,2.876199999999997
Spain,2023,RUS,22.0,1.0,22.0,SOFT,80.724,65.4,2.1582000000000003,79.41720000000001,8.88300000000072,0.3333333333333333,30.7,22.0,2.58720000000001
Spain,2023,PER,22.0,1.0,22.0,MEDIUM,80.315,65.4,2.1582000000000003,79.0082,6.711999999999534,0.3333333333333333,30.7,22.0,-0.2891999999999939
Spain,2023,SAI,22.0,2.0,7.0,MEDIUM,80.272,65.4,2.1582000000000003,78.96520000000001,5.182999999999993,0.3333333333333333,30.7,22.0,0.2079000000000093
Spain,2023,STR,22.0,2.0,11.0,SOFT,80.506,65.4,2.1582000000000003,79.1992,9.010000000000218,0.3333333333333333,30.7,22.0,0.10949999999999704
Spain,2023,OCO,22.0,2.0,9.0,MEDIUM,80.239,65.4,2.1582000000000003,78.93220000000001,2.719000000000051,0.3333333333333333,30.7,22.0,-0.07849999999999113
Spain,2023,TSU,22.0,2.0,12.0,HARD,80.468,65.4,2.1582000000000003,79.16120000000001,1.3359999999993306,0.3333333333333333,30.7,22.0,0.245900000000006
Spain,2023,ALO,22.0,2.0,6.0,SOFT,80.954,65.4,2.1582000000000003,79.6472,3.3850000000002183,0.3333333333333333,30.7,22.0,0.8973999999999904
Spain,2023,ZHO,22.0,2.0,13.0,HARD,81.227,65.4,2.1582000000000003,79.92020000000001,1.1850000000004002,0.3333333333333333,30.7,22.0,2.1791000000000054
Spain,2023,PIA,22.0,2.0,5.0,HARD,80.712,65.4,2.1582000000000003,79.40520000000001,3.375,0.3333333333333333,30.7,22.0,0.3837000000000046
Spain,2023,HUL,22.0,2.0,14.0,MEDIUM,80.991,65.4,2.1582000000000003,79.6842,1.5720000000001164,0.3333333333333333,30.7,22.0,2.0993999999999886
Spain,2023,MAG,22.0,2.0,12.0,MEDIUM,81.631,65.4,2.1582000000000003,80.3242,2.832999999999629,0.3333333333333333,30.7,22.0,2.7412999999999954
Spain,2023,DEV,22.0,2.0,13.0,HARD,81.656,65.4,2.1582000000000003,80.34920000000001,0.4250000000001819,0.3333333333333333,30.7,22.0,1.1554000000000002
Spain,2023,GAS,22.0,2.0,3.0,MEDIUM,80.694,65.4,2.1582000000000003,79.3872,0.363999999999578,0.3333333333333333,30.7,22.0,1.097999999999999
Spain,2023,LEC,22.0,2.0,6.0,SOFT,80.851,65.4,2.1582000000000003,79.5442,1.6570000000001528,0.3333333333333333,30.7,22.0,0.6264000000000038
Spain,2023,BOT,22.0,2.0,17.0,HARD,81.807,65.4,2.1582000000000003,80.5002,4.239999999999782,0.3333333333333333,30.7,22.0,2.5394000000000005
Spain,2023,ALB,22.0,2.0,6.0,HARD,81.195,65.4,2.1582000000000003,79.8882,5.566000000000713,0.3333333333333333,30.7,22.0,0.45759999999998513
Spain,2023,SAR,22.0,2.0,5.0,HARD,80.636,65.4,2.1582000000000003,79.3292,2.8519999999998618,0.3333333333333333,30.7,22.0,1.0043999999999897
Spain,2023,VER,23.0,1.0,23.0,MEDIUM,80.098,63.6,2.0988,78.73179999999999,15.0,0.3484848484848485,30.9,22.0,0.14390000000000214
Spain,2023,HAM,23.0,1.0,26.0,SOFT,80.786,63.6,2.0988,79.4198,10.641999999999825,0.3484848484848485,30.9,22.0,3.100200000000001
Spain,2023,RUS,23.0,1.0,23.0,SOFT,80.794,63.6,2.0988,79.42779999999999,8.891000000000531,0.3484848484848485,30.9,22.0,2.657200000000003
Spain,2023,PER,23.0,1.0,23.0,MEDIUM,80.69,63.6,2.0988,79.32379999999999,6.607999999999265,0.3484848484848485,30.9,22.0,0.0858000000000061
Spain,2023,SAI,23.0,2.0,8.0,MEDIUM,80.479,63.6,2.0988,79.1128,4.972000000000662,0.3484848484848485,30.9,22.0,0.41490000000000293
Spain,2023,STR,23.0,2.0,12.0,SOFT,80.397,63.6,2.0988,79.0308,8.927999999999884,0.3484848484848485,30.9,22.0,0.0005000000000023874
Spain,2023,OCO,23.0,2.0,10.0,MEDIUM,80.539,63.6,2.0988,79.1728,2.8609999999998763,0.3484848484848485,30.9,22.0,0.22150000000000603
Spain,2023,TSU,23.0,2.0,13.0,HARD,80.41,63.6,2.0988,79.04379999999999,1.2070000000003347,0.3484848484848485,30.9,22.0,0.18789999999999907
Spain,2023,ALO,23.0,2.0,7.0,SOFT,80.987,63.6,2.0988,79.62079999999999,3.9619999999995343,0.3484848484848485,30.9,22.0,0.9303999999999917
Spain,2023,ZHO,23.0,2.0,14.0,HARD,81.493,63.6,2.0988,80.12679999999999,1.6909999999998035,0.3484848484848485,30.9,22.0,2.4450999999999965
Spain,2023,PIA,23.0,2.0,6.0,HARD,80.738,63.6,2.0988,79.3718,2.619999999999891,0.3484848484848485,30.9,22.0,0.40970000000000084
Spain,2023,HUL,23.0,2.0,15.0,MEDIUM,81.129,63.6,2.0988,79.7628,1.9630000000006476,0.3484848484848485,30.9,22.0,2.237399999999994
Spain,2023,MAG,23.0,2.0,13.0,MEDIUM,81.847,63.6,2.0988,80.48079999999999,3.550999999999476,0.3484848484848485,30.9,22.0,2.9572999999999894
Spain,2023,GAS,23.0,2.0,4.0,MEDIUM,81.299,63.6,2.0988,79.9328,0.24099999999998545,0.3484848484848485,30.9,22.0,1.703000000000003
Spain,2023,DEV,23.0,2.0,14.0,HARD,82.426,63.6,2.0988,81.0598,0.76299999999992,0.3484848484848485,30.9,22.0,1.9253999999999962
Spain,2023,LEC,23.0,2.0,7.0,SOFT,80.901,63.6,2.0988,79.53479999999999,0.4960000000000946,0.3484848484848485,30.9,22.0,0.676400000000001
Spain,2023,BOT,23.0,2.0,18.0,HARD,81.673,63.6,2.0988,80.3068,5.012000000000626,0.3484848484848485,30.9,22.0,2.4054
Spain,2023,ALB,23.0,2.0,7.0,HARD,81.094,63.6,2.0988,79.72779999999999,4.98700000000008,0.3484848484848485,30.9,22.0,0.35659999999998604
Spain,2023,SAR,23.0,2.0,6.0,HARD,80.672,63.6,2.0988,79.30579999999999,2.4299999999993815,0.3484848484848485,30.9,22.0,1.040399999999991
Spain,2023,VER,24.0,1.0,24.0,MEDIUM,79.946,61.8,2.0394,78.5204,15.0,0.36363636363636365,30.9,22.0,-0.008099999999998886
Spain,2023,RUS,24.0,1.0,24.0,SOFT,81.05,61.8,2.0394,79.6244,15.0,0.36363636363636365,30.9,22.0,2.9132000000000033
Spain,2023,PER,24.0,1.0,24.0,MEDIUM,80.828,61.8,2.0394,79.4024,6.386000000000422,0.36363636363636365,30.9,22.0,0.22380000000001132
Spain,2023,SAI,24.0,2.0,9.0,MEDIUM,80.477,61.8,2.0394,79.0514,4.621000000000095,0.36363636363636365,30.9,22.0,0.4129000000000076
Spain,2023,STR,24.0,2.0,13.0,SOFT,80.44,61.8,2.0394,79.0144,8.890999999999622,0.36363636363636365,31.0,22.0,0.04349999999999454
Spain,2023,OCO,24.0,2.0,11.0,MEDIUM,80.636,61.8,2.0394,79.21039999999999,3.0570000000006985,0.36363636363636365,31.0,22.0,0.3185000000000002
Spain,2023,TSU,24.0,2.0,14.0,HARD,80.6,61.8,2.0394,79.17439999999999,1.170999999999367,0.36363636363636365,31.0,22.0,0.3778999999999968
Spain,2023,ALO,24.0,2.0,8.0,SOFT,80.813,61.8,2.0394,79.3874,4.175000000000182,0.36363636363636365,31.0,22.0,0.7563999999999993
Spain,2023,ZHO,24.0,2.0,15.0,HARD,81.399,61.8,2.0394,79.9734,2.2770000000000437,0.36363636363636365,31.0,22.0,2.3511000000000024
Spain,2023,PIA,24.0,2.0,7.0,HARD,80.973,61.8,2.0394,79.5474,2.1940000000004147,0.36363636363636365,31.0,22.0,0.6447000000000003
Spain,2023,HUL,24.0,2.0,16.0,MEDIUM,81.33,61.8,2.0394,79.9044,2.319999999999709,0.36363636363636365,31.0,22.0,2.4383999999999872
Spain,2023,GAS,24.0,2.0,5.0,MEDIUM,79.647,61.8,2.0394,78.2214,2.108999999999469,0.36363636363636365,31.0,22.0,0.05100000000000193
Spain,2023,DEV,24.0,2.0,15.0,HARD,81.431,61.8,2.0394,80.0054,2.54700000000048,0.36363636363636365,31.0,22.0,0.9303999999999917
Spain,2023,LEC,24.0,2.0,8.0,SOFT,81.588,61.8,2.0394,80.16239999999999,0.6530000000002474,0.36363636363636365,31.0,22.0,1.3633999999999986
Spain,2023,BOT,24.0,2.0,19.0,HARD,81.559,61.8,2.0394,80.1334,4.982999999999265,0.36363636363636365,31.0,22.0,2.291399999999996
Spain,2023,ALB,24.0,2.0,8.0,HARD,81.121,61.8,2.0394,79.69539999999999,4.548999999999978,0.36363636363636365,31.0,22.0,0.38359999999998706
Spain,2023,SAR,24.0,2.0,7.0,HARD,80.994,61.8,2.0394,79.5684,2.303000000000793,0.36363636363636365,31.0,22.0,1.3623999999999938
Spain,2023,VER,25.0,1.0,25.0,MEDIUM,79.973,60.0,1.98,78.488,15.0,0.3787878787878788,31.0,22.0,0.018900000000002137
Spain,2023,NOR,24.0,3.0,2.0,MEDIUM,79.705,61.8,2.0394,78.2794,15.0,0.36363636363636365,31.0,22.0,-0.10949999999999704
Spain,2023,PER,25.0,1.0,25.0,MEDIUM,81.062,60.0,1.98,79.577,15.0,0.3787878787878788,30.9,22.0,0.457800000000006
Spain,2023,SAI,25.0,2.0,10.0,MEDIUM,80.693,60.0,1.98,79.208,4.2520000000004075,0.3787878787878788,30.9,22.0,0.6289000000000016
Spain,2023,STR,25.0,2.0,14.0,SOFT,80.731,60.0,1.98,79.246,8.929000000000087,0.3787878787878788,30.9,22.0,0.33449999999999136
Spain,2023,OCO,25.0,2.0,12.0,MEDIUM,80.534,60.0,1.98,79.049,2.8599999999996726,0.3787878787878788,30.9,22.0,0.21650000000001057
Spain,2023,TSU,25.0,2.0,15.0,HARD,80.643,60.0,1.98,79.158,1.2799999999997453,0.3787878787878788,30.9,22.0,0.42090000000000316
Spain,2023,ALO,25.0,2.0,9.0,SOFT,80.32,60.0,1.98,78.835,3.8519999999998618,0.3787878787878788,30.9,22.0,0.2633999999999901
Spain,2023,ZHO,25.0,2.0,16.0,HARD,81.114,60.0,1.98,79.629,3.0709999999999127,0.3787878787878788,30.9,22.0,2.066100000000006
Spain,2023,PIA,25.0,2.0,8.0,HARD,80.77,60.0,1.98,79.285,1.8500000000003638,0.3787878787878788,30.9,22.0,0.4416999999999973
Spain,2023,HUL,25.0,2.0,17.0,MEDIUM,81.144,60.0,1.98,79.659,2.6940000000004147,0.3787878787878788,30.9,22.0,2.2523999999999944
Spain,2023,GAS,25.0,2.0,6.0,MEDIUM,79.868,60.0,1.98,78.383,0.8329999999996289,0.3787878787878788,30.9,22.0,0.27199999999999136
Spain,2023,DEV,25.0,2.0,16.0,HARD,80.52,60.0,1.98,79.035,3.1989999999996144,0.3787878787878788,30.9,22.0,0.019399999999990314
Spain,2023,LEC,25.0,2.0,9.0,SOFT,80.414,60.0,1.98,78.929,0.5470000000004802,0.3787878787878788,30.9,22.0,0.18940000000000623
Spain,2023,BOT,25.0,2.0,20.0,HARD,81.219,60.0,1.98,79.734,5.787999999999556,0.3787878787878788,30.9,22.0,1.9513999999999925
Spain,2023,ALB,25.0,2.0,9.0,HARD,81.114,60.0,1.98,79.629,4.444000000000415,0.3787878787878788,30.9,22.0,0.37659999999999627
Spain,2023,SAR,25.0,2.0,8.0,HARD,81.033,60.0,1.98,79.548,2.2219999999997526,0.3787878787878788,30.3,21.9,1.4013999999999953
Spain,2023,NOR,25.0,3.0,3.0,MEDIUM,80.056,60.0,1.98,78.571,14.440999999999804,0.3787878787878788,30.3,21.9,0.24150000000000205
Spain,2023,PER,26.0,1.0,26.0,MEDIUM,81.244,58.199999999999996,1.9205999999999999,79.6996,15.0,0.3939393939393939,30.3,21.9,0.6398000000000081
Spain,2023,SAI,26.0,2.0,11.0,MEDIUM,80.315,58.199999999999996,1.9205999999999999,78.7706,3.32300000000032,0.3939393939393939,30.3,21.9,0.25090000000000146
Spain,2023,HAM,26.0,2.0,2.0,MEDIUM,79.629,58.199999999999996,1.9205999999999999,78.08460000000001,1.6580000000003565,0.3939393939393939,30.3,21.9,0.6631
Spain,2023,STR,26.0,2.0,15.0,SOFT,80.533,58.199999999999996,1.9205999999999999,78.9886,7.488999999999578,0.3939393939393939,30.3,21.9,0.13649999999999807
Spain,2023,OCO,26.0,2.0,13.0,MEDIUM,81.411,58.199999999999996,1.9205999999999999,79.8666,3.7380000000002838,0.3939393939393939,30.3,21.9,1.093500000000006
Spain,2023,TSU,26.0,2.0,16.0,HARD,80.999,58.199999999999996,1.9205999999999999,79.4546,0.8679999999994834,0.3939393939393939,30.3,21.9,0.7768999999999977
Spain,2023,ALO,26.0,2.0,10.0,SOFT,80.367,58.199999999999996,1.9205999999999999,78.82260000000001,3.2200000000002547,0.3939393939393939,30.3,21.9,0.31040000000000134
Spain,2023,ZHO,26.0,2.0,17.0,HARD,80.895,58.199999999999996,1.9205999999999999,79.3506,3.59900000000016,0.3939393939393939,30.4,22.0,1.8470999999999975
Spain,2023,PIA,26.0,2.0,9.0,HARD,80.828,58.199999999999996,1.9205999999999999,79.2836,1.7830000000003565,0.3939393939393939,30.4,22.0,0.49970000000000425
Spain,2023,GAS,26.0,2.0,7.0,MEDIUM,80.473,58.199999999999996,1.9205999999999999,78.9286,3.1719999999995707,0.3939393939393939,30.4,22.0,0.8769999999999953
Spain,2023,LEC,26.0,2.0,10.0,SOFT,80.078,58.199999999999996,1.9205999999999999,78.5336,3.350999999999658,0.3939393939393939,30.4,22.0,-0.1465999999999923
Spain,2023,DEV,26.0,2.0,17.0,HARD,81.99,58.199999999999996,1.9205999999999999,80.4456,1.3650000000006912,0.3939393939393939,30.4,22.0,1.4893999999999892
Spain,2023,BOT,26.0,2.0,21.0,HARD,81.205,58.199999999999996,1.9205999999999999,79.6606,5.549999999999272,0.3939393939393939,30.4,22.0,1.9373999999999967
Spain,2023,ALB,26.0,2.0,10.0,HARD,81.02,58.199999999999996,1.9205999999999999,79.4756,4.2590000000000146,0.3939393939393939,30.4,22.0,0.28259999999998797
Spain,2023,SAR,26.0,2.0,9.0,HARD,81.004,58.199999999999996,1.9205999999999999,79.45960000000001,2.206000000000131,0.3939393939393939,30.4,22.0,1.372399999999999
Spain,2023,MAG,26.0,3.0,2.0,HARD,79.412,58.199999999999996,1.9205999999999999,77.86760000000001,10.118000000000393,0.3939393939393939,30.4,22.0,0.07400000000001228
Spain,2023,NOR,26.0,3.0,4.0,MEDIUM,79.975,58.199999999999996,1.9205999999999999,78.4306,3.293999999999869,0.3939393939393939,30.4,22.0,0.16049999999999898
Spain,2023,SAI,27.0,2.0,12.0,MEDIUM,80.333,56.4,1.8612,78.72919999999999,15.0,0.4090909090909091,30.4,22.1,0.26890000000000214
Spain,2023,HAM,27.0,2.0,3.0,MEDIUM,79.186,56.4,1.8612,77.5822,0.5109999999995125,0.4090909090909091,30.4,22.1,0.22010000000000218
Spain,2023,STR,27.0,2.0,16.0,SOFT,80.455,56.4,1.8612,78.85119999999999,8.75799999999981,0.4090909090909091,30.4,22.1,0.05849999999999511
Spain,2023,RUS,27.0,2.0,2.0,MEDIUM,78.878,56.4,1.8612,77.2742,0.29399999999986903,0.4090909090909091,30.4,22.1,-0.21560000000000912
Spain,2023,OCO,27.0,2.0,14.0,MEDIUM,80.39,56.4,1.8612,78.7862,3.3789999999999054,0.4090909090909091,30.4,22.1,0.07250000000000512
Spain,2023,TSU,27.0,2.0,17.0,HARD,80.471,56.4,1.8612,78.8672,0.9490000000005239,0.4090909090909091,30.4,22.1,0.24890000000000612
Spain,2023,ALO,27.0,2.0,11.0,SOFT,80.318,56.4,1.8612,78.71419999999999,3.0670000000000073,0.4090909090909091,30.4,22.1,0.26139999999999475
Spain,2023,ZHO,27.0,2.0,18.0,HARD,80.55,56.4,1.8612,78.94619999999999,3.831000000000131,0.4090909090909091,30.4,22.1,1.5020999999999987
Spain,2023,PIA,27.0,2.0,10.0,HARD,80.618,56.4,1.8612,79.01419999999999,1.850999999999658,0.4090909090909091,30.4,22.1,0.2896999999999963
Spain,2023,GAS,27.0,2.0,8.0,MEDIUM,79.477,56.4,1.8612,77.8732,2.030999999999949,0.4090909090909091,30.4,22.1,-0.11899999999999977
Spain,2023,LEC,27.0,2.0,11.0,SOFT,80.272,56.4,1.8612,78.6682,4.145999999999731,0.4090909090909091,30.4,22.1,0.04740000000001032
Spain,2023,DEV,27.0,2.0,18.0,HARD,80.811,56.4,1.8612,79.2072,1.904000000000451,0.4090909090909091,30.4,22.1,0.31040000000000134
Spain,2023,BOT,27.0,2.0,22.0,HARD,81.15,56.4,1.8612,79.5462,5.889000000000124,0.4090909090909091,30.4,22.1,1.882400000000004
Spain,2023,ALB,27.0,2.0,11.0,HARD,80.762,56.4,1.8612,79.1582,3.8710000000000946,0.4090909090909091,30.4,22.1,0.024599999999992406
Spain,2023,SAR,27.0,2.0,10.0,HARD,80.762,56.4,1.8612,79.1582,2.206000000000131,0.4090909090909091,30.4,22.1,1.1303999999999945
Spain,2023,MAG,27.0,3.0,3.0,HARD,79.009,56.4,1.8612,77.4052,8.364999999999782,0.4090909090909091,30.4,22.1,-0.3289999999999935
Spain,2023,NOR,27.0,3.0,5.0,MEDIUM,79.88,56.4,1.8612,78.27619999999999,4.164999999999964,0.4090909090909091,30.4,22.1,0.06550000000000011
Spain,2023,VER,28.0,2.0,2.0,HARD,78.707,54.6,1.8018,77.04379999999999,15.0,0.42424242424242425,30.5,22.1,-0.08710000000000662
Spain,2023,HAM,28.0,2.0,4.0,MEDIUM,79.161,54.6,1.8018,77.4978,11.707000000000335,0.42424242424242425,30.5,22.1,0.1950999999999965
Spain,2023,SAI,28.0,2.0,13.0,MEDIUM,81.45,54.6,1.8018,79.7868,1.7780000000002474,0.42424242424242425,30.5,22.1,1.3859000000000066
Spain,2023,RUS,28.0,2.0,3.0,MEDIUM,78.264,54.6,1.8018,76.60079999999999,6.376999999999498,0.42424242424242425,30.5,22.1,-0.8296000000000134
Spain,2023,STR,28.0,2.0,17.0,SOFT,81.2,54.6,1.8018,79.5368,2.6419999999998254,0.42424242424242425,30.5,22.1,0.8034999999999997
Spain,2023,OCO,28.0,2.0,15.0,MEDIUM,80.318,54.6,1.8018,78.6548,2.7910000000001673,0.42424242424242425,30.5,22.1,0.0005000000000023874
Spain,2023,TSU,28.0,2.0,18.0,HARD,80.31,54.6,1.8018,78.6468,0.9409999999998035,0.42424242424242425,30.5,22.1,0.08790000000000475
Spain,2023,ALO,28.0,2.0,12.0,SOFT,80.404,54.6,1.8018,78.7408,3.161000000000058,0.42424242424242425,30.5,22.1,0.34739999999999327
Spain,2023,ZHO,28.0,2.0,19.0,HARD,80.946,54.6,1.8018,79.2828,4.373000000000502,0.42424242424242425,30.5,22.1,1.8980999999999995
Spain,2023,PIA,28.0,2.0,11.0,HARD,80.667,54.6,1.8018,79.0038,1.5720000000001164,0.42424242424242425,30.5,22.1,0.3387000000000029
Spain,2023,GAS,28.0,2.0,9.0,MEDIUM,79.996,54.6,1.8018,78.33279999999999,1.3599999999996726,0.42424242424242425,30.5,22.1,0.3999999999999915
Spain,2023,LEC,28.0,2.0,12.0,SOFT,80.495,54.6,1.8018,78.8318,4.645000000000437,0.42424242424242425,30.5,22.1,0.2704000000000093
Spain,2023,DEV,28.0,2.0,19.0,HARD,80.848,54.6,1.8018,79.1848,2.256999999999607,0.42424242424242425,30.5,22.1,0.34739999999999327
Spain,2023,BOT,28.0,2.0,23.0,HARD,81.253,54.6,1.8018,79.5898,6.293999999999869,0.42424242424242425,30.5,22.1,1.9853999999999985
Spain,2023,ALB,28.0,2.0,12.0,HARD,81.033,54.6,1.8018,79.3698,3.65099999999984,0.42424242424242425,30.5,22.1,0.2955999999999932
Spain,2023,SAR,28.0,2.0,11.0,HARD,80.834,54.6,1.8018,79.1708,2.0070000000005166,0.42424242424242425,30.5,22.1,1.2023999999999972
Spain,2023,HUL,28.0,3.0,2.0,HARD,78.959,54.6,1.8018,77.2958,3.918999999999869,0.42424242424242425,30.5,22.1,-0.011799999999993815
Spain,2023,MAG,28.0,3.0,4.0,HARD,79.264,54.6,1.8018,77.60079999999999,2.8760000000002037,0.42424242424242425,30.5,22.1,-0.07399999999999807
Spain,2023,NOR,28.0,3.0,6.0,MEDIUM,80.091,54.6,1.8018,78.42779999999999,4.992000000000189,0.42424242424242425,30.5,22.1,0.27649999999999864
Spain,2023,VER,29.0,2.0,3.0,HARD,78.86,52.8,1.7424,77.1374,15.0,0.4393939393939394,30.5,22.1,0.06589999999999918
Spain,2023,HAM,29.0,2.0,5.0,MEDIUM,79.8,52.8,1.7424,78.0774,12.646999999999935,0.4393939393939394,30.5,22.1,0.8340999999999923
Spain,2023,SAI,29.0,2.0,14.0,MEDIUM,80.687,52.8,1.7424,78.9644,2.6649999999999636,0.4393939393939394,30.5,22.1,0.6229000000000013
Spain,2023,RUS,29.0,2.0,4.0,MEDIUM,79.199,52.8,1.7424,77.4764,4.889000000000124,0.4393939393939394,30.5,22.1,0.10539999999998884
Spain,2023,STR,29.0,2.0,18.0,SOFT,80.575,52.8,1.7424,78.8524,4.018000000000029,0.4393939393939394,30.5,22.1,0.17849999999999966
Spain,2023,OCO,29.0,2.0,16.0,MEDIUM,80.341,52.8,1.7424,78.6184,2.556999999999789,0.4393939393939394,30.5,22.1,0.023499999999998522
Spain,2023,TSU,29.0,2.0,19.0,HARD,80.372,52.8,1.7424,78.6494,0.9719999999997526,0.4393939393939394,30.5,22.1,0.14990000000000236
Spain,2023,ALO,29.0,2.0,13.0,SOFT,80.239,52.8,1.7424,78.5164,3.0280000000002474,0.4393939393939394,30.5,22.1,0.18240000000000123
Spain,2023,PER,29.0,2.0,2.0,HARD,78.645,52.8,1.7424,76.9224,0.7690000000002328,0.4393939393939394,30.5,22.1,-0.14100000000000534
Spain,2023,ZHO,29.0,2.0,20.0,HARD,80.508,52.8,1.7424,78.7854,3.8729999999995925,0.4393939393939394,30.1,22.2,1.460099999999997
Spain,2023,PIA,29.0,2.0,12.0,HARD,80.352,52.8,1.7424,78.6294,1.4160000000001673,0.4393939393939394,30.1,22.2,0.02370000000000516
Spain,2023,GAS,29.0,2.0,10.0,MEDIUM,80.141,52.8,1.7424,78.4184,1.149000000000342,0.4393939393939394,30.1,22.2,0.5450000000000017
Spain,2023,LEC,29.0,2.0,13.0,SOFT,80.348,52.8,1.7424,78.6254,4.851999999999862,0.4393939393939394,30.1,22.2,0.12340000000000373
Spain,2023,DEV,29.0,2.0,20.0,HARD,80.497,52.8,1.7424,78.7744,2.405999999999949,0.4393939393939394,30.1,22.2,-0.0036000000000058208
Spain,2023,BOT,29.0,2.0,24.0,HARD,81.141,52.8,1.7424,79.4184,6.938000000000102,0.4393939393939394,30.1,22.2,1.8734000000000037
Spain,2023,ALB,29.0,2.0,13.0,HARD,80.895,52.8,1.7424,79.1724,3.4049999999997453,0.4393939393939394,30.1,22.2,0.15759999999998797
Spain,2023,SAR,29.0,2.0,12.0,HARD,80.844,52.8,1.7424,79.1214,1.956000000000131,0.4393939393939394,30.1,22.2,1.2123999999999882
Spain,2023,HUL,29.0,3.0,3.0,HARD,78.981,52.8,1.7424,77.2584,2.0559999999995853,0.4393939393939394,30.1,22.2,0.010199999999997544
Spain,2023,MAG,29.0,3.0,5.0,HARD,79.627,52.8,1.7424,77.9044,3.5219999999999345,0.4393939393939394,30.1,22.2,0.2890000000000015
Spain,2023,NOR,29.0,3.0,7.0,MEDIUM,80.076,52.8,1.7424,78.3534,5.4409999999998035,0.4393939393939394,30.1,22.2,0.26149999999999807
Spain,2023,VER,30.0,2.0,4.0,HARD,78.976,51.0,1.683,77.194,15.0,0.45454545454545453,30.1,22.2,0.18189999999999884
Spain,2023,HAM,30.0,2.0,6.0,MEDIUM,79.292,51.0,1.683,77.51,12.962999999999738,0.45454545454545453,30.1,22.2,0.3260999999999967
Spain,2023,SAI,30.0,2.0,15.0,MEDIUM,80.257,51.0,1.683,78.47500000000001,3.630000000000109,0.45454545454545453,30.5,22.1,0.19290000000000873
Spain,2023,RUS,30.0,2.0,5.0,MEDIUM,79.362,51.0,1.683,77.58,3.9940000000005966,0.45454545454545453,30.5,22.1,0.26839999999998554
Spain,2023,STR,30.0,2.0,19.0,SOFT,80.742,51.0,1.683,78.96000000000001,5.397999999999229,0.45454545454545453,30.5,22.1,0.34550000000000125
Spain,2023,OCO,30.0,2.0,17.0,MEDIUM,80.313,51.0,1.683,78.531,2.128000000000611,0.45454545454545453,30.5,22.1,-0.004499999999993065
Spain,2023,TSU,30.0,2.0,20.0,HARD,80.329,51.0,1.683,78.547,0.9879999999993743,0.45454545454545453,30.5,22.1,0.106899999999996
Spain,2023,ALO,30.0,2.0,14.0,SOFT,80.916,51.0,1.683,79.134,3.615000000000691,0.45454545454545453,30.5,22.1,0.8593999999999937
Spain,2023,PER,30.0,2.0,3.0,HARD,80.419,51.0,1.683,78.637,0.2719999999999345,0.45454545454545453,30.5,22.1,1.6329999999999956
Spain,2023,ZHO,30.0,2.0,21.0,HARD,80.405,51.0,1.683,78.623,3.858999999999469,0.45454545454545453,30.5,22.1,1.3571000000000026
Spain,2023,PIA,30.0,2.0,13.0,HARD,80.661,51.0,1.683,78.879,1.6720000000004802,0.45454545454545453,30.5,22.1,0.33270000000000266
Spain,2023,GAS,30.0,2.0,11.0,MEDIUM,80.474,51.0,1.683,78.69200000000001,0.9619999999995343,0.45454545454545453,30.5,22.1,0.8780000000000001
Spain,2023,LEC,30.0,2.0,14.0,SOFT,80.325,51.0,1.683,78.543,4.703000000000429,0.45454545454545453,30.5,22.1,0.1004000000000076
Spain,2023,DEV,30.0,2.0,21.0,HARD,80.46,51.0,1.683,78.678,2.5410000000001673,0.45454545454545453,30.5,22.1,-0.04060000000001196
Spain,2023,BOT,30.0,2.0,25.0,HARD,80.866,51.0,1.683,79.084,7.344000000000051,0.45454545454545453,30.5,22.1,1.598399999999998
Spain,2023,ALB,30.0,2.0,14.0,HARD,80.671,51.0,1.683,78.88900000000001,3.2100000000000364,0.45454545454545453,30.5,22.1,-0.06640000000000157
Spain,2023,SAR,30.0,2.0,13.0,HARD,80.946,51.0,1.683,79.164,2.230999999999767,0.45454545454545453,30.5,22.1,1.314399999999992
Spain,2023,HUL,30.0,3.0,4.0,HARD,79.314,51.0,1.683,77.532,0.42399999999997817,0.45454545454545453,30.5,22.1,0.34319999999999595
Spain,2023,MAG,30.0,3.0,6.0,HARD,79.734,51.0,1.683,77.952,3.9420000000000073,0.45454545454545453,30.5,22.1,0.3960000000000008
Spain,2023,NOR,30.0,3.0,8.0,MEDIUM,80.125,51.0,1.683,78.343,5.831999999999425,0.45454545454545453,30.5,22.1,0.31050000000000466
Spain,2023,VER,31.0,2.0,5.0,HARD,79.165,49.199999999999996,1.6236,77.3236,15.0,0.4696969696969697,30.5,22.1,0.370900000000006
Spain,2023,HAM,31.0,2.0,7.0,MEDIUM,79.483,49.199999999999996,1.6236,77.64160000000001,13.280999999999949,0.4696969696969697,30.5,22.1,0.5170999999999992
Spain,2023,SAI,31.0,2.0,16.0,MEDIUM,80.257,49.199999999999996,1.6236,78.41560000000001,4.404000000000451,0.4696969696969697,30.5,22.1,0.19290000000000873
Spain,2023,RUS,31.0,2.0,6.0,MEDIUM,79.186,49.199999999999996,1.6236,77.34460000000001,2.9229999999997744,0.4696969696969697,30.5,22.1,0.09239999999999782
Spain,2023,STR,31.0,2.0,20.0,SOFT,80.558,49.199999999999996,1.6236,78.7166,6.769999999999527,0.4696969696969697,30.5,22.1,0.16150000000000375
Spain,2023,OCO,31.0,2.0,18.0,MEDIUM,80.502,49.199999999999996,1.6236,78.66059999999999,2.0720000000001164,0.4696969696969697,30.5,22.1,0.1844999999999999
Spain,2023,TSU,31.0,2.0,21.0,HARD,80.595,49.199999999999996,1.6236,78.7536,1.081000000000131,0.4696969696969697,30.5,22.1,0.37290000000000134
Spain,2023,PER,31.0,2.0,4.0,HARD,78.786,49.199999999999996,1.6236,76.94460000000001,2.0780000000004293,0.4696969696969697,30.5,22.1,0.0
Spain,2023,ALO,31.0,2.0,15.0,SOFT,80.892,49.199999999999996,1.6236,79.0506,1.8339999999998327,0.4696969696969697,30.5,22.1,0.8353999999999928
Spain,2023,ZHO,31.0,2.0,22.0,HARD,80.673,49.199999999999996,1.6236,78.83160000000001,3.912000000000262,0.4696969696969697,30.5,22.1,1.6251000000000033
Spain,2023,PIA,31.0,2.0,14.0,HARD,80.469,49.199999999999996,1.6236,78.6276,1.4679999999998472,0.4696969696969697,30.5,22.1,0.14069999999999538
Spain,2023,GAS,31.0,2.0,12.0,MEDIUM,80.393,49.199999999999996,1.6236,78.55160000000001,0.8859999999995125,0.4696969696969697,30.5,22.1,0.796999999999997
Spain,2023,LEC,31.0,2.0,15.0,SOFT,80.296,49.199999999999996,1.6236,78.4546,4.606000000000677,0.4696969696969697,30.5,22.1,0.07140000000001123
Spain,2023,DEV,31.0,2.0,22.0,HARD,80.483,49.199999999999996,1.6236,78.64160000000001,2.727999999999156,0.4696969696969697,30.5,22.1,-0.017600000000001614
Spain,2023,BOT,31.0,2.0,26.0,HARD,80.928,49.199999999999996,1.6236,79.0866,7.789000000000669,0.4696969696969697,30.5,22.1,1.6603999999999957
Spain,2023,ALB,31.0,2.0,15.0,HARD,80.912,49.199999999999996,1.6236,79.07060000000001,3.1939999999995052,0.4696969696969697,30.5,22.1,0.1745999999999981
Spain,2023,HUL,31.0,3.0,5.0,HARD,78.964,49.199999999999996,1.6236,77.1226,0.7070000000003347,0.4696969696969697,30.5,22.1,-0.006799999999998363
Spain,2023,SAR,31.0,2.0,14.0,HARD,82.182,49.199999999999996,1.6236,80.3406,2.793999999999869,0.4696969696969697,30.5,22.1,2.5503999999999962
Spain,2023,MAG,31.0,3.0,7.0,HARD,79.98,49.199999999999996,1.6236,78.1386,2.16399999999976,0.4696969696969697,30.5,22.1,0.6420000000000101
Spain,2023,NOR,31.0,3.0,9.0,MEDIUM,80.117,49.199999999999996,1.6236,78.2756,5.969000000000051,0.4696969696969697,30.5,22.1,0.3025000000000091
Spain,2023,VER,32.0,2.0,6.0,HARD,78.878,47.4,1.5642,76.9772,15.0,0.48484848484848486,30.5,22.1,0.08389999999999986
Spain,2023,HAM,32.0,2.0,8.0,MEDIUM,79.215,47.4,1.5642,77.3142,13.618000000000393,0.48484848484848486,30.5,22.1,0.24909999999999854
Spain,2023,SAI,32.0,2.0,17.0,MEDIUM,80.09,47.4,1.5642,78.1892,5.279000000000451,0.48484848484848486,30.5,22.1,0.02590000000000714
Spain,2023,RUS,32.0,2.0,7.0,MEDIUM,79.302,47.4,1.5642,77.4012,2.134999999999309,0.48484848484848486,30.5,22.1,0.20839999999999748
Spain,2023,STR,32.0,2.0,21.0,SOFT,80.514,47.4,1.5642,78.61319999999999,7.981999999999971,0.48484848484848486,30.5,22.1,0.11749999999999261
Spain,2023,OCO,32.0,2.0,19.0,MEDIUM,80.543,47.4,1.5642,78.6422,2.1010000000005675,0.48484848484848486,30.5,22.1,0.22550000000001091
Spain,2023,TSU,32.0,2.0,22.0,HARD,80.793,47.4,1.5642,78.8922,1.331000000000131,0.48484848484848486,30.5,22.1,0.5709000000000088
Spain,2023,PER,32.0,2.0,5.0,HARD,79.53,47.4,1.5642,77.6292,0.8149999999995998,0.48484848484848486,30.5,22.1,0.7439999999999998
Spain,2023,ALO,32.0,2.0,16.0,SOFT,80.379,47.4,1.5642,78.4782,2.6829999999999927,0.48484848484848486,30.6,22.1,0.3224000000000018
Spain,2023,ZHO,32.0,2.0,23.0,HARD,80.679,47.4,1.5642,78.7782,4.212000000000444,0.48484848484848486,30.6,22.1,1.6311000000000035
Spain,2023,PIA,32.0,2.0,15.0,HARD,80.672,47.4,1.5642,78.7712,1.4609999999993306,0.48484848484848486,30.6,22.1,0.34369999999999834
Spain,2023,GAS,32.0,2.0,13.0,MEDIUM,80.506,47.4,1.5642,78.6052,0.7200000000002547,0.48484848484848486,30.6,22.1,0.9099999999999966
Spain,2023,LEC,32.0,2.0,16.0,SOFT,80.316,47.4,1.5642,78.4152,4.416000000000167,0.48484848484848486,30.6,22.1,0.09140000000000725
Spain,2023,DEV,32.0,2.0,23.0,HARD,80.503,47.4,1.5642,78.6022,2.9149999999999636,0.48484848484848486,30.6,22.1,0.0023999999999944066
Spain,2023,BOT,32.0,2.0,27.0,HARD,81.081,47.4,1.5642,79.1802,8.36700000000019,0.48484848484848486,30.6,22.1,1.8134000000000015
Spain,2023,HUL,32.0,3.0,6.0,HARD,79.493,47.4,1.5642,77.59219999999999,2.3129999999991924,0.48484848484848486,30.6,22.1,0.522199999999998
Spain,2023,ALB,32.0,2.0,16.0,HARD,82.413,47.4,1.5642,80.51219999999999,2.2130000000006476,0.48484848484848486,30.6,22.1,1.6755999999999887
Spain,2023,SAR,32.0,2.0,15.0,HARD,81.19,47.4,1.5642,79.2892,2.2780000000002474,0.48484848484848486,30.6,22.1,1.5583999999999918
Spain,2023,MAG,32.0,3.0,8.0,HARD,80.401,47.4,1.5642,78.50019999999999,1.375,0.48484848484848486,30.6,22.1,1.0630000000000024
Spain,2023,NOR,32.0,3.0,10.0,MEDIUM,79.942,47.4,1.5642,78.04119999999999,5.509999999999309,0.48484848484848486,30.6,22.1,0.12749999999999773
Spain,2023,VER,33.0,2.0,7.0,HARD,79.189,45.6,1.5048000000000001,77.22879999999999,15.0,0.5,30.6,22.1,0.3948999999999927
Spain,2023,HAM,33.0,2.0,9.0,MEDIUM,79.199,45.6,1.5048000000000001,77.2388,13.627999999999702,0.5,30.6,22.1,0.2330999999999932
Spain,2023,SAI,33.0,2.0,18.0,MEDIUM,80.316,45.6,1.5048000000000001,78.3558,6.39600000000064,0.5,30.2,22.0,0.25190000000000623
Spain,2023,RUS,33.0,2.0,8.0,MEDIUM,79.568,45.6,1.5048000000000001,77.6078,1.3869999999997162,0.5,30.2,22.0,0.4743999999999886
Spain,2023,STR,33.0,2.0,22.0,SOFT,80.857,45.6,1.5048000000000001,78.8968,9.27099999999973,0.5,30.2,22.0,0.46049999999999613
Spain,2023,OCO,33.0,2.0,20.0,MEDIUM,80.82,45.6,1.5048000000000001,78.85979999999999,2.0640000000003056,0.5,30.2,22.0,0.5024999999999977
Spain,2023,PER,33.0,2.0,6.0,HARD,79.337,45.6,1.5048000000000001,77.3768,0.6629999999995562,0.5,30.2,22.0,0.5510000000000019
Spain,2023,TSU,33.0,2.0,23.0,HARD,82.322,45.6,1.5048000000000001,80.3618,2.1700000000000728,0.5,30.2,22.0,2.099900000000005
Spain,2023,ALO,33.0,2.0,17.0,SOFT,80.614,45.6,1.5048000000000001,78.6538,1.7899999999999636,0.5,30.2,22.0,0.5574000000000012
Spain,2023,ZHO,33.0,2.0,24.0,HARD,80.782,45.6,1.5048000000000001,78.8218,4.380000000000109,0.5,30.2,22.0,1.734099999999998
Spain,2023,PIA,33.0,2.0,16.0,HARD,80.868,45.6,1.5048000000000001,78.9078,1.5470000000004802,0.5,30.2,22.0,0.5396999999999963
Spain,2023,GAS,33.0,2.0,14.0,MEDIUM,80.943,45.6,1.5048000000000001,78.9828,0.7950000000000728,0.5,30.2,22.0,1.3469999999999942
Spain,2023,LEC,33.0,2.0,17.0,SOFT,80.247,45.6,1.5048000000000001,78.2868,3.719999999999345,0.5,30.2,22.0,0.02240000000000464
Spain,2023,DEV,33.0,2.0,24.0,HARD,80.724,45.6,1.5048000000000001,78.7638,3.392000000000735,0.5,30.2,22.0,0.22339999999999804
Spain,2023,BOT,33.0,2.0,28.0,HARD,81.425,45.6,1.5048000000000001,79.4648,9.067999999999302,0.5,30.2,22.0,2.1573999999999955
Spain,2023,HUL,33.0,3.0,7.0,HARD,79.922,45.6,1.5048000000000001,77.9618,0.8100000000004002,0.5,30.2,22.0,0.9512
Spain,2023,ALB,33.0,2.0,17.0,HARD,81.221,45.6,1.5048000000000001,79.2608,3.5119999999997162,0.5,30.2,22.0,0.4835999999999956
Spain,2023,SAR,33.0,2.0,16.0,HARD,81.224,45.6,1.5048000000000001,79.2638,2.280999999999949,0.5,30.2,22.0,1.5923999999999978
Spain,2023,MAG,33.0,3.0,9.0,HARD,80.774,45.6,1.5048000000000001,78.8138,0.9250000000001819,0.5,30.2,22.0,1.436000000000007
Spain,2023,NOR,33.0,3.0,11.0,MEDIUM,79.803,45.6,1.5048000000000001,77.8428,4.53899999999976,0.5,30.2,22.0,-0.011499999999998067
Spain,2023,VER,34.0,2.0,8.0,HARD,78.806,43.8,1.4454,76.7864,15.0,0.5151515151515151,30.2,22.1,0.011899999999997135
Spain,2023,HAM,34.0,2.0,10.0,MEDIUM,79.028,43.8,1.4454,77.00840000000001,13.849999999999454,0.5151515151515151,30.2,22.1,0.06210000000000093
Spain,2023,SAI,34.0,2.0,19.0,MEDIUM,80.343,43.8,1.4454,78.3234,7.71100000000024,0.5151515151515151,30.2,22.1,0.27890000000000725
Spain,2023,RUS,34.0,2.0,9.0,MEDIUM,79.489,43.8,1.4454,77.46940000000001,0.5330000000003565,0.5151515151515151,30.2,22.1,0.3953999999999951
Spain,2023,PER,34.0,2.0,7.0,HARD,78.817,43.8,1.4454,76.7974,11.325999999999112,0.5151515151515151,30.2,22.1,0.0309999999999917
Spain,2023,OCO,34.0,2.0,21.0,MEDIUM,81.516,43.8,1.4454,79.49640000000001,2.036000000000058,0.5151515151515151,30.2,22.1,1.19850000000001
Spain,2023,ALO,34.0,2.0,18.0,SOFT,80.634,43.8,1.4454,78.6144,3.7409999999999854,0.5151515151515151,30.2,22.1,0.5773999999999972
Spain,2023,ZHO,34.0,2.0,25.0,HARD,80.446,43.8,1.4454,78.4264,4.192000000000007,0.5151515151515151,30.2,22.1,1.3980999999999995
Spain,2023,PIA,34.0,2.0,17.0,HARD,80.449,43.8,1.4454,78.4294,1.550000000000182,0.5151515151515151,30.2,22.1,0.12069999999999936
Spain,2023,GAS,34.0,2.0,15.0,MEDIUM,80.433,43.8,1.4454,78.41340000000001,0.7790000000004511,0.5151515151515151,30.2,22.1,0.8370000000000033
Spain,2023,LEC,34.0,2.0,18.0,SOFT,80.374,43.8,1.4454,78.3544,3.661000000000058,0.5151515151515151,30.2,22.1,0.14939999999999998
Spain,2023,DEV,34.0,2.0,25.0,HARD,80.923,43.8,1.4454,78.9034,3.9409999999998035,0.5151515151515151,30.2,22.1,0.4223999999999961
Spain,2023,HUL,34.0,3.0,8.0,HARD,79.177,43.8,1.4454,77.15740000000001,8.131999999999607,0.5151515151515151,30.3,22.1,0.2062000000000097
Spain,2023,BOT,34.0,2.0,29.0,HARD,83.001,43.8,1.4454,80.98140000000001,3.0140000000001237,0.5151515151515151,30.3,22.1,3.733400000000003
Spain,2023,ALB,34.0,2.0,18.0,HARD,81.159,43.8,1.4454,79.13940000000001,2.480000000000473,0.5151515151515151,30.3,22.1,0.421599999999998
Spain,2023,SAR,34.0,2.0,17.0,HARD,81.054,43.8,1.4454,79.0344,2.175999999999476,0.5151515151515151,30.3,22.1,1.4223999999999961
Spain,2023,MAG,34.0,3.0,10.0,HARD,80.679,43.8,1.4454,78.6594,0.5500000000001819,0.5151515151515151,30.3,22.1,1.3410000000000082
Spain,2023,NOR,34.0,3.0,12.0,MEDIUM,80.248,43.8,1.4454,78.22840000000001,4.108000000000175,0.5151515151515151,30.3,22.1,0.4335000000000093
Spain,2023,VER,35.0,2.0,9.0,HARD,78.89,42.0,1.3860000000000001,76.811,15.0,0.5303030303030303,30.3,22.1,0.09590000000000032
Spain,2023,HAM,35.0,2.0,11.0,MEDIUM,78.927,42.0,1.3860000000000001,76.84800000000001,13.887000000000626,0.5303030303030303,30.3,22.1,-0.03889999999999816
Spain,2023,RUS,35.0,2.0,10.0,MEDIUM,79.698,42.0,1.3860000000000001,77.619,9.014999999999418,0.5303030303030303,30.3,22.1,0.6043999999999841
Spain,2023,SAI,35.0,2.0,20.0,MEDIUM,82.307,42.0,1.3860000000000001,80.22800000000001,2.076000000000022,0.5303030303030303,30.3,22.1,2.242900000000006
Spain,2023,PER,35.0,2.0,8.0,HARD,78.784,42.0,1.3860000000000001,76.70500000000001,8.33600000000024,0.5303030303030303,30.3,22.1,-0.001999999999995339
Spain,2023,ALO,35.0,2.0,19.0,SOFT,80.435,42.0,1.3860000000000001,78.35600000000001,7.427999999999884,0.5303030303030303,30.4,22.0,0.3783999999999992
Spain,2023,ZHO,35.0,2.0,26.0,HARD,80.371,42.0,1.3860000000000001,78.292,4.127999999999702,0.5303030303030303,30.4,22.0,1.3230999999999966
Spain,2023,PIA,35.0,2.0,18.0,HARD,80.449,42.0,1.3860000000000001,78.37,1.6280000000006112,0.5303030303030303,30.4,22.0,0.12069999999999936
Spain,2023,GAS,35.0,2.0,16.0,MEDIUM,81.005,42.0,1.3860000000000001,78.926,1.3350000000000364,0.5303030303030303,30.4,22.0,1.4089999999999918
Spain,2023,LEC,35.0,2.0,19.0,SOFT,80.361,42.0,1.3860000000000001,78.28200000000001,3.0169999999998254,0.5303030303030303,30.4,22.0,0.13640000000000896
Spain,2023,DEV,35.0,2.0,26.0,HARD,80.77,42.0,1.3860000000000001,78.691,4.349999999999454,0.5303030303030303,30.4,22.0,0.2693999999999903
Spain,2023,HUL,35.0,3.0,9.0,HARD,79.874,42.0,1.3860000000000001,77.795,7.236000000000786,0.5303030303030303,30.4,22.0,0.9031999999999982
Spain,2023,BOT,35.0,2.0,30.0,HARD,81.606,42.0,1.3860000000000001,79.527,4.745999999999185,0.5303030303030303,30.4,22.0,2.338399999999993
Spain,2023,ALB,35.0,2.0,19.0,HARD,80.941,42.0,1.3860000000000001,78.86200000000001,1.8150000000005093,0.5303030303030303,30.4,22.0,0.20359999999999445
Spain,2023,MAG,35.0,3.0,11.0,HARD,80.085,42.0,1.3860000000000001,78.006,1.8699999999998909,0.5303030303030303,30.4,22.0,0.7469999999999999
Spain,2023,SAR,35.0,2.0,18.0,HARD,82.383,42.0,1.3860000000000001,80.304,1.7479999999995925,0.5303030303030303,30.4,22.0,2.7513999999999896
Spain,2023,NOR,35.0,3.0,13.0,MEDIUM,80.288,42.0,1.3860000000000001,78.209,2.563000000000102,0.5303030303030303,30.4,22.0,0.47350000000000136
Spain,2023,VER,36.0,2.0,10.0,HARD,78.789,40.2,1.3266000000000002,76.6506,15.0,0.5454545454545454,30.4,22.0,-0.005099999999998772
Spain,2023,HAM,36.0,2.0,12.0,MEDIUM,79.127,40.2,1.3266000000000002,76.98859999999999,14.225000000000364,0.5454545454545454,30.4,22.0,0.16109999999999047
Spain,2023,RUS,36.0,2.0,11.0,MEDIUM,79.835,40.2,1.3266000000000002,77.69659999999999,9.722999999999956,0.5454545454545454,30.4,22.1,0.7413999999999845
Spain,2023,SAI,36.0,2.0,21.0,MEDIUM,80.712,40.2,1.3266000000000002,78.5736,2.9530000000004293,0.5454545454545454,30.4,22.1,0.647900000000007
Spain,2023,PER,36.0,2.0,9.0,HARD,79.553,40.2,1.3266000000000002,77.4146,7.17699999999968,0.5454545454545454,30.4,22.1,0.7669999999999959
Spain,2023,ALO,36.0,2.0,20.0,SOFT,80.323,40.2,1.3266000000000002,78.18459999999999,8.19800000000032,0.5454545454545454,30.4,22.1,0.2663999999999902
Spain,2023,PIA,36.0,2.0,19.0,HARD,80.911,40.2,1.3266000000000002,78.7726,6.344000000000051,0.5454545454545454,30.4,22.1,0.5827000000000027
Spain,2023,GAS,36.0,2.0,17.0,MEDIUM,80.884,40.2,1.3266000000000002,78.7456,1.3079999999999927,0.5454545454545454,30.4,22.1,1.2879999999999967
Spain,2023,LEC,36.0,2.0,20.0,SOFT,80.554,40.2,1.3266000000000002,78.4156,2.686999999999898,0.5454545454545454,30.4,22.1,0.3294000000000068
Spain,2023,DEV,36.0,2.0,27.0,HARD,80.764,40.2,1.3266000000000002,78.62559999999999,4.559999999999491,0.5454545454545454,30.4,22.1,0.2633999999999901
Spain,2023,STR,36.0,3.0,2.0,HARD,79.746,40.2,1.3266000000000002,77.60759999999999,2.0780000000004293,0.5454545454545454,30.4,22.1,0.7579999999999956
Spain,2023,TSU,36.0,3.0,2.0,MEDIUM,79.141,40.2,1.3266000000000002,77.0026,1.470999999999549,0.5454545454545454,30.4,22.1,0.020000000000010232
Spain,2023,HUL,36.0,3.0,10.0,HARD,80.814,40.2,1.3266000000000002,78.67559999999999,3.73700000000008,0.5454545454545454,30.4,22.1,1.843199999999996
Spain,2023,BOT,36.0,2.0,31.0,HARD,81.789,40.2,1.3266000000000002,79.6506,5.721000000000458,0.5454545454545454,30.4,22.1,2.5214
Spain,2023,ALB,36.0,2.0,20.0,HARD,81.342,40.2,1.3266000000000002,79.2036,1.3679999999994834,0.5454545454545454,30.4,22.1,0.6045999999999907
Spain,2023,MAG,36.0,3.0,12.0,HARD,80.459,40.2,1.3266000000000002,78.3206,0.98700000000008,0.5454545454545454,30.4,22.1,1.1210000000000093
Spain,2023,NOR,36.0,3.0,14.0,MEDIUM,80.499,40.2,1.3266000000000002,78.36059999999999,4.3510000000005675,0.5454545454545454,30.4,22.1,0.6844999999999999
Spain,2023,VER,37.0,2.0,11.0,HARD,79.026,38.39999999999999,1.2671999999999999,76.8282,15.0,0.5606060606060606,30.4,22.1,0.231899999999996
Spain,2023,HAM,37.0,2.0,13.0,MEDIUM,79.835,38.39999999999999,1.2671999999999999,77.63719999999999,15.0,0.5606060606060606,30.1,22.1,0.8690999999999889
Spain,2023,RUS,37.0,2.0,12.0,MEDIUM,79.68,38.39999999999999,1.2671999999999999,77.4822,9.568000000000211,0.5606060606060606,30.1,22.1,0.5863999999999976
Spain,2023,SAI,37.0,2.0,22.0,MEDIUM,80.133,38.39999999999999,1.2671999999999999,77.9352,3.405999999999949,0.5606060606060606,30.1,22.1,0.0688999999999993
Spain,2023,PER,37.0,2.0,10.0,HARD,79.296,38.39999999999999,1.2671999999999999,77.0982,6.3400000000001455,0.5606060606060606,30.1,22.1,0.5100000000000051
Spain,2023,ALO,37.0,2.0,21.0,SOFT,80.247,38.39999999999999,1.2671999999999999,78.0492,9.148999999999432,0.5606060606060606,30.1,22.1,0.1903999999999968
Spain,2023,PIA,37.0,2.0,20.0,HARD,80.497,38.39999999999999,1.2671999999999999,78.2992,6.594000000000051,0.5606060606060606,30.1,22.1,0.16870000000000118
Spain,2023,GAS,37.0,2.0,18.0,MEDIUM,80.466,38.39999999999999,1.2671999999999999,78.2682,1.2770000000000437,0.5606060606060606,30.1,22.1,0.8699999999999903
Spain,2023,LEC,37.0,2.0,21.0,SOFT,80.676,38.39999999999999,1.2671999999999999,78.4782,2.8969999999999345,0.5606060606060606,30.1,22.1,0.4514000000000067
Spain,2023,DEV,37.0,2.0,28.0,HARD,80.909,38.39999999999999,1.2671999999999999,78.7112,4.793000000000575,0.5606060606060606,30.1,22.1,0.4084000000000003
Spain,2023,STR,37.0,3.0,3.0,HARD,79.948,38.39999999999999,1.2671999999999999,77.75019999999999,1.1169999999992797,0.5606060606060606,30.1,22.1,0.9599999999999937
Spain,2023,TSU,37.0,3.0,3.0,MEDIUM,80.375,38.39999999999999,1.2671999999999999,78.1772,1.8980000000001382,0.5606060606060606,30.1,22.1,1.2540000000000049
Spain,2023,OCO,37.0,3.0,2.0,HARD,79.679,38.39999999999999,1.2671999999999999,77.4812,1.3900000000003274,0.5606060606060606,30.1,22.1,0.6577000000000055
Spain,2023,HUL,37.0,3.0,11.0,HARD,80.041,38.39999999999999,1.2671999999999999,77.8432,2.01299999999992,0.5606060606060606,30.1,22.1,1.0701999999999998
Spain,2023,BOT,37.0,2.0,32.0,HARD,83.289,38.39999999999999,1.2671999999999999,81.0912,8.969000000000051,0.5606060606060606,30.1,22.1,4.0214
Spain,2023,MAG,37.0,3.0,13.0,HARD,81.792,38.39999999999999,1.2671999999999999,79.5942,0.8580000000001746,0.5606060606060606,30.1,22.1,2.4540000000000077
Spain,2023,NOR,37.0,3.0,15.0,MEDIUM,80.461,38.39999999999999,1.2671999999999999,78.2632,3.019999999999527,0.5606060606060606,30.1,22.1,0.6465000000000032
Spain,2023,VER,38.0,2.0,12.0,HARD,79.417,36.599999999999994,1.2077999999999998,77.1598,15.0,0.5757575757575758,30.1,22.1,0.6229000000000013
Spain,2023,HAM,38.0,2.0,14.0,MEDIUM,79.732,36.599999999999994,1.2077999999999998,77.4748,15.0,0.5757575757575758,30.1,22.1,0.7660999999999945
Spain,2023,RUS,38.0,2.0,13.0,MEDIUM,79.804,36.599999999999994,1.2077999999999998,77.5468,9.640000000000327,0.5757575757575758,30.1,22.1,0.7103999999999928
Spain,2023,SAI,38.0,2.0,23.0,MEDIUM,80.39,36.599999999999994,1.2077999999999998,78.1328,3.9919999999992797,0.5757575757575758,30.1,22.1,0.3259000000000043
Spain,2023,PER,38.0,2.0,11.0,HARD,79.247,36.599999999999994,1.2077999999999998,76.9898,5.197000000000116,0.5757575757575758,30.1,22.1,0.4609999999999985
Spain,2023,ALO,38.0,2.0,22.0,SOFT,80.074,36.599999999999994,1.2077999999999998,77.8168,9.976000000000568,0.5757575757575758,29.9,22.2,0.017399999999994975
Spain,2023,PIA,38.0,2.0,21.0,HARD,80.607,36.599999999999994,1.2077999999999998,78.3498,7.126999999999498,0.5757575757575758,29.9,22.2,0.2787000000000006
Spain,2023,GAS,38.0,2.0,19.0,MEDIUM,80.404,36.599999999999994,1.2077999999999998,78.1468,1.0740000000005239,0.5757575757575758,29.9,22.2,0.8079999999999927
Spain,2023,LEC,38.0,2.0,22.0,SOFT,80.458,36.599999999999994,1.2077999999999998,78.2008,2.951000000000022,0.5757575757575758,29.9,22.2,0.23340000000000316
Spain,2023,STR,38.0,3.0,4.0,HARD,80.024,36.599999999999994,1.2077999999999998,77.7668,5.475999999999658,0.5757575757575758,29.9,22.2,1.0360000000000014
Spain,2023,TSU,38.0,3.0,4.0,MEDIUM,80.12,36.599999999999994,1.2077999999999998,77.86280000000001,1.9939999999996871,0.5757575757575758,29.9,22.2,0.9990000000000094
Spain,2023,OCO,38.0,3.0,3.0,HARD,79.027,36.599999999999994,1.2077999999999998,76.7698,0.2970000000004802,0.5757575757575758,29.9,22.2,0.005700000000004479
Spain,2023,HUL,38.0,3.0,12.0,HARD,80.033,36.599999999999994,1.2077999999999998,77.7758,3.019000000000233,0.5757575757575758,29.9,22.2,1.0622000000000043
Spain,2023,ZHO,38.0,3.0,2.0,HARD,78.753,36.599999999999994,1.2077999999999998,76.4958,4.505000000000109,0.5757575757575758,29.9,22.2,-0.2948999999999984
Spain,2023,BOT,38.0,2.0,33.0,HARD,81.948,36.599999999999994,1.2077999999999998,79.6908,6.378999999999905,0.5757575757575758,29.9,22.2,2.6803999999999917
Spain,2023,MAG,38.0,3.0,14.0,HARD,81.479,36.599999999999994,1.2077999999999998,79.2218,0.3889999999992142,0.5757575757575758,29.9,22.2,2.1410000000000053
Spain,2023,VER,39.0,2.0,13.0,HARD,79.322,34.8,1.1483999999999999,77.00540000000001,15.0,0.5909090909090909,29.9,22.2,0.5279000000000025
Spain,2023,NOR,38.0,3.0,16.0,MEDIUM,82.135,36.599999999999994,1.2077999999999998,79.87780000000001,3.6760000000003856,0.5757575757575758,29.9,22.2,2.3205000000000098
Spain,2023,HAM,39.0,2.0,15.0,MEDIUM,79.594,34.8,1.1483999999999999,77.2774,15.0,0.5909090909090909,29.9,22.2,0.6280999999999892
Spain,2023,SAR,38.0,3.0,2.0,HARD,79.318,36.599999999999994,1.2077999999999998,77.0608,15.0,0.5757575757575758,29.9,22.1,-0.3136000000000081
Spain,2023,RUS,39.0,2.0,14.0,MEDIUM,79.73,34.8,1.1483999999999999,77.41340000000001,9.77599999999984,0.5909090909090909,29.9,22.1,0.6363999999999947
Spain,2023,SAI,39.0,2.0,24.0,MEDIUM,80.151,34.8,1.1483999999999999,77.8344,4.413000000000466,0.5909090909090909,29.9,22.1,0.08689999999999998
Spain,2023,PER,39.0,2.0,12.0,HARD,79.31,34.8,1.1483999999999999,76.99340000000001,4.355999999999767,0.5909090909090909,29.9,22.1,0.5240000000000009
Spain,2023,ALO,39.0,2.0,23.0,SOFT,79.851,34.8,1.1483999999999999,77.5344,10.516999999999825,0.5909090909090909,29.9,22.1,-0.205600000000004
Spain,2023,LEC,39.0,2.0,23.0,SOFT,80.558,34.8,1.1483999999999999,78.24140000000001,11.859000000000378,0.5909090909090909,29.9,22.1,0.3334000000000117
Spain,2023,STR,39.0,3.0,5.0,HARD,79.067,34.8,1.1483999999999999,76.7504,3.9849999999996726,0.5909090909090909,29.9,22.1,0.07899999999999352
Spain,2023,OCO,39.0,3.0,4.0,HARD,79.368,34.8,1.1483999999999999,77.0514,2.5919999999996435,0.5909090909090909,29.9,22.1,0.34669999999999845
Spain,2023,TSU,39.0,3.0,5.0,MEDIUM,80.766,34.8,1.1483999999999999,78.44940000000001,1.1010000000005675,0.5909090909090909,29.9,22.1,1.6450000000000102
Spain,2023,HUL,39.0,3.0,13.0,HARD,80.31,34.8,1.1483999999999999,77.99340000000001,2.8599999999996726,0.5909090909090909,29.9,22.1,1.3392000000000053
Spain,2023,ZHO,39.0,3.0,3.0,HARD,78.982,34.8,1.1483999999999999,76.6654,3.1770000000005894,0.5909090909090909,29.9,22.1,-0.06589999999999918
Spain,2023,MAG,39.0,3.0,15.0,HARD,79.939,34.8,1.1483999999999999,77.6224,7.724999999999454,0.5909090909090909,29.9,22.1,0.6009999999999991
Spain,2023,VER,40.0,2.0,14.0,HARD,79.388,33.0,1.089,77.012,15.0,0.6060606060606061,29.9,22.1,0.593900000000005
Spain,2023,NOR,39.0,3.0,17.0,MEDIUM,80.469,34.8,1.1483999999999999,78.1524,4.206000000000131,0.5909090909090909,29.9,22.1,0.6544999999999987
Spain,2023,HAM,40.0,2.0,16.0,MEDIUM,79.468,33.0,1.089,77.092,15.0,0.6060606060606061,29.9,22.1,0.5020999999999987
Spain,2023,ALB,39.0,3.0,2.0,MEDIUM,79.77,34.8,1.1483999999999999,77.4534,15.0,0.5909090909090909,29.9,22.1,0.5147999999999939
Spain,2023,SAR,39.0,3.0,3.0,HARD,79.622,34.8,1.1483999999999999,77.3054,2.911000000000058,0.5909090909090909,29.9,22.1,-0.009600000000006048
Spain,2023,RUS,40.0,2.0,15.0,MEDIUM,79.611,33.0,1.089,77.235,9.918999999999869,0.6060606060606061,29.9,22.1,0.517399999999995
Spain,2023,SAI,40.0,2.0,25.0,MEDIUM,80.053,33.0,1.089,77.67699999999999,4.855000000000473,0.6060606060606061,29.9,22.1,-0.011099999999999
Spain,2023,PER,40.0,2.0,13.0,HARD,79.191,33.0,1.089,76.815,3.493999999999687,0.6060606060606061,29.9,22.1,0.40500000000000114
Spain,2023,ALO,40.0,2.0,24.0,SOFT,79.832,33.0,1.089,77.45599999999999,11.158000000000357,0.6060606060606061,29.9,22.1,-0.22460000000000946
Spain,2023,LEC,40.0,2.0,24.0,SOFT,80.219,33.0,1.089,77.84299999999999,12.246000000000095,0.6060606060606061,29.9,22.1,-0.00560000000000116
Spain,2023,STR,40.0,3.0,6.0,HARD,79.53,33.0,1.089,77.154,3.295999999999367,0.6060606060606061,29.9,22.1,0.5420000000000016
Spain,2023,OCO,40.0,3.0,5.0,HARD,79.729,33.0,1.089,77.353,2.7910000000001673,0.6060606060606061,29.9,22.1,0.7077000000000027
Spain,2023,TSU,40.0,3.0,6.0,MEDIUM,79.886,33.0,1.089,77.50999999999999,1.2579999999998108,0.6060606060606061,29.9,22.1,0.7650000000000006
Spain,2023,HUL,40.0,3.0,14.0,HARD,80.031,33.0,1.089,77.655,3.005000000000109,0.6060606060606061,29.9,22.1,1.060200000000009
Spain,2023,ZHO,40.0,3.0,4.0,HARD,79.119,33.0,1.089,76.743,2.2650000000003274,0.6060606060606061,29.9,22.1,0.07110000000000127
Spain,2023,VER,41.0,2.0,15.0,HARD,79.53,31.200000000000003,1.0296,77.0946,15.0,0.6212121212121212,29.9,22.1,0.7359000000000009
Spain,2023,MAG,40.0,3.0,16.0,HARD,82.531,33.0,1.089,80.155,11.136999999999716,0.6060606060606061,29.9,22.1,3.193000000000012
Spain,2023,NOR,40.0,3.0,18.0,MEDIUM,79.881,33.0,1.089,77.505,1.5560000000004948,0.6060606060606061,29.9,22.1,0.06650000000000489
Spain,2023,DEV,40.0,3.0,2.0,MEDIUM,79.346,33.0,1.089,76.97,0.31199999999989814,0.6060606060606061,29.9,22.1,0.39450000000000784
Spain,2023,HAM,41.0,2.0,17.0,MEDIUM,79.523,31.200000000000003,1.0296,77.0876,15.0,0.6212121212121212,29.9,22.1,0.5570999999999913
Spain,2023,ALB,40.0,3.0,3.0,MEDIUM,79.546,33.0,1.089,77.17,15.0,0.6060606060606061,29.9,22.1,0.2908000000000044
Spain,2023,SAR,40.0,3.0,4.0,HARD,79.603,33.0,1.089,77.22699999999999,2.967999999999847,0.6060606060606061,29.9,22.1,-0.028600000000011505
Spain,2023,RUS,41.0,2.0,16.0,MEDIUM,79.471,31.200000000000003,1.0296,77.0356,9.86700000000019,0.6212121212121212,29.9,22.1,0.3773999999999944
Spain,2023,PER,41.0,2.0,14.0,HARD,79.201,31.200000000000003,1.0296,76.76559999999999,8.078999999999724,0.6212121212121212,29.9,22.1,0.41499999999999204
Spain,2023,ALO,41.0,2.0,25.0,SOFT,79.84,31.200000000000003,1.0296,77.4046,11.79700000000048,0.6212121212121212,29.9,22.1,-0.21659999999999968
Spain,2023,STR,41.0,3.0,7.0,HARD,79.819,31.200000000000003,1.0296,77.3836,15.0,0.6212121212121212,29.9,22.1,0.8310000000000031
Spain,2023,OCO,41.0,3.0,6.0,HARD,79.703,31.200000000000003,1.0296,77.2676,2.675000000000182,0.6212121212121212,29.9,22.1,0.6817000000000064
Spain,2023,TSU,41.0,3.0,7.0,MEDIUM,79.728,31.200000000000003,1.0296,77.2926,1.282999999999447,0.6212121212121212,29.9,22.1,0.6069999999999993
Spain,2023,HUL,41.0,3.0,15.0,HARD,80.039,31.200000000000003,1.0296,77.6036,3.316000000000713,0.6212121212121212,29.9,22.1,1.0682000000000045
Spain,2023,ZHO,41.0,3.0,5.0,HARD,79.065,31.200000000000003,1.0296,76.6296,1.2909999999992579,0.6212121212121212,29.9,22.1,0.017099999999999227
Spain,2023,PIA,41.0,3.0,2.0,MEDIUM,78.679,31.200000000000003,1.0296,76.2436,5.213999999999942,0.6212121212121212,29.9,22.1,-0.17900000000000205
Spain,2023,GAS,41.0,3.0,2.0,HARD,78.375,31.200000000000003,1.0296,75.9396,1.981999999999971,0.6212121212121212,29.9,22.1,-0.35200000000000387
Spain,2023,VER,42.0,2.0,16.0,HARD,79.092,29.39999999999999,0.9701999999999997,76.5972,15.0,0.6363636363636364,29.9,22.1,0.2978999999999985
Spain,2023,MAG,41.0,3.0,17.0,HARD,80.194,31.200000000000003,1.0296,77.7586,5.0700000000006185,0.6212121212121212,29.9,22.1,0.8560000000000088
Spain,2023,DEV,41.0,3.0,3.0,MEDIUM,78.594,31.200000000000003,1.0296,76.15859999999999,0.2680000000000291,0.6212121212121212,29.9,22.1,-0.3575000000000017
Spain,2023,NOR,41.0,3.0,19.0,MEDIUM,80.992,31.200000000000003,1.0296,78.5566,2.0859999999993306,0.6212121212121212,29.9,22.1,1.177500000000009
Spain,2023,HAM,42.0,2.0,18.0,MEDIUM,79.187,29.39999999999999,0.9701999999999997,76.6922,15.0,0.6363636363636364,29.9,22.1,0.22109999999999275
Spain,2023,ALB,41.0,3.0,4.0,MEDIUM,79.5,31.200000000000003,1.0296,77.0646,14.695000000000618,0.6212121212121212,29.9,22.1,0.2447999999999979
Spain,2023,SAR,41.0,3.0,5.0,HARD,79.247,31.200000000000003,1.0296,76.8116,2.7150000000001455,0.6212121212121212,29.9,22.1,-0.38460000000000605
Spain,2023,RUS,42.0,2.0,17.0,MEDIUM,79.281,29.39999999999999,0.9701999999999997,76.78620000000001,9.96100000000024,0.6363636363636364,29.9,22.1,0.18739999999999668
Spain,2023,BOT,41.0,3.0,2.0,HARD,80.472,31.200000000000003,1.0296,78.03659999999999,8.242999999999483,0.6212121212121212,29.9,22.1,1.2043999999999926
Spain,2023,PER,42.0,2.0,15.0,HARD,78.907,29.39999999999999,0.9701999999999997,76.4122,7.704999999999927,0.6363636363636364,29.9,22.1,0.12099999999999511
Spain,2023,ALO,42.0,2.0,26.0,SOFT,79.9,29.39999999999999,0.9701999999999997,77.40520000000001,12.789999999999964,0.6363636363636364,29.9,22.1,-0.1565999999999974
Spain,2023,STR,42.0,3.0,8.0,HARD,79.542,29.39999999999999,0.9701999999999997,77.0472,15.0,0.6363636363636364,29.9,22.1,0.554000000000002
Spain,2023,OCO,42.0,3.0,7.0,HARD,79.696,29.39999999999999,0.9701999999999997,77.2012,2.829000000000633,0.6363636363636364,29.9,22.1,0.6747000000000014
Spain,2023,TSU,42.0,3.0,8.0,MEDIUM,79.615,29.39999999999999,0.9701999999999997,77.1202,1.2020000000002256,0.6363636363636364,29.9,22.1,0.4939999999999998
Spain,2023,HUL,42.0,3.0,16.0,HARD,80.001,29.39999999999999,0.9701999999999997,77.5062,3.701999999999316,0.6363636363636364,29.9,22.1,1.0302000000000078
Spain,2023,ZHO,42.0,3.0,6.0,HARD,79.044,29.39999999999999,0.9701999999999997,76.5492,0.33399999999983265,0.6363636363636364,29.9,22.1,-0.003900000000001569
Spain,2023,PIA,42.0,3.0,3.0,MEDIUM,78.987,29.39999999999999,0.9701999999999997,76.4922,5.157000000000153,0.6363636363636364,29.9,22.1,0.12899999999999068
Spain,2023,GAS,42.0,3.0,3.0,HARD,78.577,29.39999999999999,0.9701999999999997,76.0822,1.5720000000001164,0.6363636363636364,29.9,22.1,-0.15000000000000568
Spain,2023,VER,43.0,2.0,17.0,HARD,78.912,27.599999999999994,0.9107999999999998,76.35780000000001,15.0,0.6515151515151515,29.9,22.1,0.11790000000000589
Spain,2023,DEV,42.0,3.0,4.0,MEDIUM,80.21,29.39999999999999,0.9701999999999997,77.7152,6.971000000000458,0.6363636363636364,29.9,22.1,1.258499999999998
Spain,2023,NOR,42.0,3.0,20.0,MEDIUM,80.707,29.39999999999999,0.9701999999999997,78.2122,2.582999999999629,0.6363636363636364,29.9,22.1,0.8924999999999983
Spain,2023,HAM,43.0,2.0,19.0,MEDIUM,79.078,27.599999999999994,0.9107999999999998,76.52380000000001,15.0,0.6515151515151515,29.9,22.1,0.11209999999999809
Spain,2023,ALB,42.0,3.0,5.0,MEDIUM,79.639,29.39999999999999,0.9701999999999997,77.1442,13.627000000000407,0.6363636363636364,29.9,22.1,0.3837999999999937
Spain,2023,SAR,42.0,3.0,6.0,HARD,79.62,29.39999999999999,0.9701999999999997,77.1252,2.6959999999999127,0.6363636363636364,29.9,22.1,-0.011600000000001387
Spain,2023,RUS,43.0,2.0,18.0,MEDIUM,79.198,27.599999999999994,0.9107999999999998,76.6438,10.081000000000131,0.6515151515151515,29.9,22.1,0.10439999999998406
Spain,2023,BOT,42.0,3.0,3.0,HARD,79.706,29.39999999999999,0.9701999999999997,77.2112,8.328999999999724,0.6363636363636364,29.9,22.1,0.43840000000000146
Spain,2023,PER,43.0,2.0,16.0,HARD,79.068,27.599999999999994,0.9107999999999998,76.5138,7.574999999999818,0.6515151515151515,29.9,22.1,0.2819999999999965
Spain,2023,ALO,43.0,2.0,27.0,SOFT,80.13,27.599999999999994,0.9107999999999998,77.5758,13.851999999999862,0.6515151515151515,29.9,22.1,0.07339999999999236
Spain,2023,SAI,43.0,3.0,2.0,HARD,79.331,27.599999999999994,0.9107999999999998,76.77680000000001,8.240999999999985,0.6515151515151515,29.9,22.1,0.8165000000000049
Spain,2023,STR,43.0,3.0,9.0,HARD,79.508,27.599999999999994,0.9107999999999998,76.9538,6.300000000000182,0.6515151515151515,29.9,22.1,0.519999999999996
Spain,2023,OCO,43.0,3.0,8.0,HARD,79.7,27.599999999999994,0.9107999999999998,77.14580000000001,3.020999999999731,0.6515151515151515,29.8,22.1,0.6787000000000063
Spain,2023,TSU,43.0,3.0,9.0,MEDIUM,79.645,27.599999999999994,0.9107999999999998,77.0908,1.1469999999999345,0.6515151515151515,29.8,22.1,0.5240000000000009
Spain,2023,ZHO,43.0,3.0,7.0,HARD,79.073,27.599999999999994,0.9107999999999998,76.5188,3.463999999999942,0.6515151515151515,29.8,22.1,0.025099999999994793
Spain,2023,PIA,43.0,3.0,4.0,MEDIUM,78.864,27.599999999999994,0.9107999999999998,76.30980000000001,4.94800000000032,0.6515151515151515,29.8,22.1,0.006000000000000227
Spain,2023,GAS,43.0,3.0,4.0,HARD,78.658,27.599999999999994,0.9107999999999998,76.1038,1.3659999999999854,0.6515151515151515,29.8,22.1,-0.06900000000000261
Spain,2023,VER,44.0,2.0,18.0,HARD,78.97,25.799999999999997,0.8513999999999999,76.3564,15.0,0.6666666666666666,29.8,22.1,0.1758999999999986
Spain,2023,LEC,43.0,3.0,27.0,HARD,78.46,27.599999999999994,0.9107999999999998,75.9058,5.436999999999898,0.6515151515151515,29.8,22.1,-0.15840000000001453
Spain,2023,DEV,43.0,3.0,5.0,MEDIUM,79.24,27.599999999999994,0.9107999999999998,76.6858,2.1159999999999854,0.6515151515151515,29.8,22.1,0.2884999999999991
Spain,2023,NOR,43.0,3.0,21.0,MEDIUM,79.576,27.599999999999994,0.9107999999999998,77.0218,2.918999999999869,0.6515151515151515,29.8,22.1,-0.23850000000000193
Spain,2023,HAM,44.0,2.0,20.0,MEDIUM,79.121,25.799999999999997,0.8513999999999999,76.50739999999999,15.0,0.6666666666666666,29.8,22.1,0.15509999999999025
Spain,2023,ALB,43.0,3.0,6.0,MEDIUM,79.836,27.599999999999994,0.9107999999999998,77.2818,13.886999999999716,0.6515151515151515,29.8,22.1,0.5807999999999964
Spain,2023,SAR,43.0,3.0,7.0,HARD,79.805,27.599999999999994,0.9107999999999998,77.25080000000001,2.6649999999999636,0.6515151515151515,29.8,22.1,0.1734000000000009
Spain,2023,RUS,44.0,2.0,19.0,MEDIUM,79.296,25.799999999999997,0.8513999999999999,76.6824,10.255999999999403,0.6666666666666666,29.8,22.1,0.20239999999999725
Spain,2023,BOT,43.0,3.0,4.0,HARD,80.158,27.599999999999994,0.9107999999999998,77.6038,8.682000000000698,0.6515151515151515,29.8,22.1,0.8903999999999996
Spain,2023,PER,44.0,2.0,17.0,HARD,79.504,25.799999999999997,0.8513999999999999,76.8904,7.7830000000003565,0.6666666666666666,29.8,22.1,0.7180000000000035
Spain,2023,SAI,44.0,3.0,3.0,HARD,79.241,25.799999999999997,0.8513999999999999,76.6274,15.0,0.6666666666666666,29.6,22.1,0.7265000000000015
Spain,2023,STR,44.0,3.0,10.0,HARD,80.121,25.799999999999997,0.8513999999999999,77.50739999999999,7.180000000000291,0.6666666666666666,29.6,22.1,1.1329999999999956
Spain,2023,OCO,44.0,3.0,9.0,HARD,79.862,25.799999999999997,0.8513999999999999,77.24839999999999,2.7619999999997162,0.6666666666666666,29.6,22.1,0.8406999999999982
Spain,2023,TSU,44.0,3.0,10.0,MEDIUM,80.063,25.799999999999997,0.8513999999999999,77.4494,1.3479999999999563,0.6666666666666666,29.6,22.1,0.9420000000000073
Spain,2023,ZHO,44.0,3.0,8.0,HARD,79.336,25.799999999999997,0.8513999999999999,76.7224,2.73700000000008,0.6666666666666666,29.6,22.1,0.2881
Spain,2023,PIA,44.0,3.0,5.0,MEDIUM,78.854,25.799999999999997,0.8513999999999999,76.2404,4.46599999999944,0.6666666666666666,29.6,22.1,-0.0040000000000048885
Spain,2023,GAS,44.0,3.0,5.0,HARD,78.804,25.799999999999997,0.8513999999999999,76.1904,1.316000000000713,0.6666666666666666,29.6,22.1,0.07699999999999818
Spain,2023,VER,45.0,2.0,19.0,HARD,79.104,24.0,0.792,76.431,15.0,0.6818181818181818,29.6,22.1,0.30989999999999895
Spain,2023,LEC,44.0,3.0,28.0,HARD,78.657,25.799999999999997,0.8513999999999999,76.04339999999999,5.289999999999964,0.6666666666666666,29.6,22.1,0.0385999999999882
Spain,2023,DEV,44.0,3.0,6.0,MEDIUM,79.312,25.799999999999997,0.8513999999999999,76.69839999999999,2.770999999999731,0.6666666666666666,29.6,22.1,0.3605000000000018
Spain,2023,NOR,44.0,3.0,22.0,MEDIUM,79.865,25.799999999999997,0.8513999999999999,77.25139999999999,3.4719999999997526,0.6666666666666666,29.6,22.1,0.050499999999999545
Spain,2023,HAM,45.0,2.0,21.0,MEDIUM,79.201,24.0,0.792,76.52799999999999,15.0,0.6818181818181818,29.6,22.1,0.23509999999998854
Spain,2023,ALB,44.0,3.0,7.0,MEDIUM,79.758,25.799999999999997,0.8513999999999999,77.14439999999999,13.780000000000655,0.6666666666666666,29.6,22.1,0.5027999999999935
Spain,2023,SAR,44.0,3.0,8.0,HARD,79.835,25.799999999999997,0.8513999999999999,77.22139999999999,2.7419999999992797,0.6666666666666666,29.6,22.1,0.2033999999999878
Spain,2023,MAG,44.0,4.0,2.0,MEDIUM,78.069,25.799999999999997,0.8513999999999999,75.4554,3.475000000000364,0.6666666666666666,29.8,22.1,-0.8207000000000022
Spain,2023,PER,45.0,2.0,18.0,HARD,79.6,24.0,0.792,76.92699999999999,15.0,0.6818181818181818,29.8,22.1,0.813999999999993
Spain,2023,BOT,44.0,3.0,5.0,HARD,82.064,25.799999999999997,0.8513999999999999,79.45039999999999,7.435999999999694,0.6666666666666666,29.8,22.1,2.7963999999999913
Spain,2023,SAI,45.0,3.0,4.0,HARD,79.325,24.0,0.792,76.652,15.0,0.6818181818181818,29.8,22.1,0.8105000000000047
Spain,2023,STR,45.0,3.0,11.0,HARD,79.671,24.0,0.792,76.998,7.52599999999984,0.6818181818181818,29.8,22.1,0.6830000000000069
Spain,2023,OCO,45.0,3.0,10.0,HARD,79.843,24.0,0.792,77.17,2.9340000000001965,0.6818181818181818,29.8,22.1,0.821700000000007
Spain,2023,TSU,45.0,3.0,11.0,MEDIUM,79.746,24.0,0.792,77.073,1.2510000000002037,0.6818181818181818,29.8,22.1,0.625
Spain,2023,ZHO,45.0,3.0,9.0,HARD,79.326,24.0,0.792,76.65299999999999,2.3170000000000073,0.6818181818181818,29.8,22.1,0.2780999999999949
Spain,2023,PIA,45.0,3.0,6.0,MEDIUM,79.08,24.0,0.792,76.407,4.220000000000255,0.6818181818181818,29.8,22.1,0.2219999999999942
Spain,2023,GAS,45.0,3.0,6.0,HARD,79.161,24.0,0.792,76.488,1.3969999999999345,0.6818181818181818,29.8,22.1,0.4339999999999975
Spain,2023,VER,46.0,2.0,20.0,HARD,78.84,22.200000000000003,0.7326000000000001,76.1076,15.0,0.696969696969697,29.8,22.1,0.04590000000000316
Spain,2023,LEC,45.0,3.0,29.0,HARD,78.634,24.0,0.792,75.961,4.76299999999992,0.6818181818181818,29.8,22.1,0.015599999999992065
Spain,2023,DEV,45.0,3.0,7.0,MEDIUM,78.931,24.0,0.792,76.258,3.0679999999993015,0.6818181818181818,29.8,22.1,-0.02049999999999841
Spain,2023,NOR,45.0,3.0,23.0,MEDIUM,79.925,24.0,0.792,77.252,4.466000000000349,0.6818181818181818,29.1,22.0,0.11050000000000182
Spain,2023,HAM,46.0,2.0,22.0,MEDIUM,78.965,22.200000000000003,0.7326000000000001,76.2326,15.0,0.696969696969697,29.1,22.0,-0.0009000000000014552
Spain,2023,HUL,45.0,4.0,2.0,MEDIUM,78.912,24.0,0.792,76.239,8.846999999999753,0.6818181818181818,29.1,22.0,0.02039999999999509
Spain,2023,ALB,45.0,3.0,8.0,MEDIUM,79.654,24.0,0.792,76.981,4.662000000000262,0.6818181818181818,29.1,22.0,0.39879999999999427
Spain,2023,SAR,45.0,3.0,9.0,HARD,79.835,24.0,0.792,77.16199999999999,2.9229999999997744,0.6818181818181818,29.1,22.0,0.2033999999999878
Spain,2023,MAG,45.0,4.0,3.0,MEDIUM,78.282,24.0,0.792,75.609,1.9220000000004802,0.6818181818181818,29.1,22.0,-0.6077000000000083
Spain,2023,PER,46.0,2.0,19.0,HARD,79.367,22.200000000000003,0.7326000000000001,76.6346,15.0,0.696969696969697,29.1,22.0,0.5810000000000031
Spain,2023,BOT,45.0,3.0,6.0,HARD,79.292,24.0,0.792,76.619,8.445999999999913,0.6818181818181818,29.1,22.0,0.024399999999999977
Spain,2023,SAI,46.0,3.0,5.0,HARD,78.698,22.200000000000003,0.7326000000000001,75.9656,15.0,0.696969696969697,29.1,22.0,0.1834999999999951
Spain,2023,STR,46.0,3.0,12.0,HARD,79.593,22.200000000000003,0.7326000000000001,76.8606,8.420999999999367,0.696969696969697,29.1,22.0,0.605000000000004
Spain,2023,OCO,46.0,3.0,11.0,HARD,79.654,22.200000000000003,0.7326000000000001,76.9216,2.9950000000008004,0.696969696969697,29.1,22.0,0.6326999999999998
Spain,2023,TSU,46.0,3.0,12.0,MEDIUM,79.714,22.200000000000003,0.7326000000000001,76.9816,1.3109999999996944,0.696969696969697,29.1,22.0,0.5930000000000035
Spain,2023,ZHO,46.0,3.0,10.0,HARD,79.122,22.200000000000003,0.7326000000000001,76.3896,1.7250000000003638,0.696969696969697,29.1,22.0,0.07410000000000139
Spain,2023,ALO,46.0,3.0,2.0,HARD,78.442,22.200000000000003,0.7326000000000001,75.7096,1.1459999999997308,0.696969696969697,29.1,22.0,0.12099999999999511
Spain,2023,PIA,46.0,3.0,7.0,MEDIUM,79.47,22.200000000000003,0.7326000000000001,76.7376,3.4219999999995707,0.696969696969697,29.1,22.0,0.6119999999999948
Spain,2023,GAS,46.0,3.0,7.0,HARD,79.092,22.200000000000003,0.7326000000000001,76.3596,1.0190000000002328,0.696969696969697,29.1,22.0,0.3649999999999949
Spain,2023,VER,47.0,2.0,21.0,HARD,79.109,20.39999999999999,0.6731999999999998,76.3172,15.0,0.7121212121212122,29.1,22.0,0.3148999999999944
Spain,2023,LEC,46.0,3.0,30.0,HARD,78.749,22.200000000000003,0.7326000000000001,76.0166,4.420000000000073,0.696969696969697,29.1,22.0,0.13059999999998695
Spain,2023,DEV,46.0,3.0,8.0,MEDIUM,78.972,22.200000000000003,0.7326000000000001,76.2396,3.2910000000001673,0.696969696969697,29.1,22.0,0.02049999999999841
Spain,2023,NOR,46.0,3.0,24.0,MEDIUM,79.896,22.200000000000003,0.7326000000000001,77.1636,5.389999999999418,0.696969696969697,29.1,22.0,0.08150000000000546
Spain,2023,HAM,47.0,2.0,23.0,MEDIUM,78.933,20.39999999999999,0.6731999999999998,76.14120000000001,15.0,0.7121212121212122,29.1,22.0,-0.03289999999999793
Spain,2023,HUL,46.0,4.0,3.0,MEDIUM,78.841,22.200000000000003,0.7326000000000001,76.1086,7.792000000000371,0.696969696969697,29.1,22.0,-0.050600000000017076
Spain,2023,ALB,46.0,3.0,9.0,MEDIUM,79.62,22.200000000000003,0.7326000000000001,76.8876,5.4409999999998035,0.696969696969697,29.1,22.0,0.36480000000000246
Spain,2023,SAR,46.0,3.0,10.0,HARD,79.653,22.200000000000003,0.7326000000000001,76.92060000000001,2.956000000000131,0.696969696969697,29.1,22.0,0.021399999999999864
Spain,2023,MAG,46.0,4.0,4.0,MEDIUM,78.851,22.200000000000003,0.7326000000000001,76.1186,1.1199999999998909,0.696969696969697,29.1,22.0,-0.03870000000000573
Spain,2023,PER,47.0,2.0,20.0,HARD,78.907,20.39999999999999,0.6731999999999998,76.1152,15.0,0.7121212121212122,29.1,22.0,0.12099999999999511
Spain,2023,BOT,46.0,3.0,7.0,HARD,78.885,22.200000000000003,0.7326000000000001,76.1526,8.480000000000473,0.696969696969697,29.1,22.0,-0.3825999999999965
Spain,2023,RUS,47.0,3.0,5.0,SOFT,78.057,20.39999999999999,0.6731999999999998,75.26520000000001,12.561999999999898,0.7121212121212122,29.1,22.0,-0.07979999999999166
Spain,2023,SAI,47.0,3.0,6.0,HARD,78.562,20.39999999999999,0.6731999999999998,75.7702,7.979000000000269,0.7121212121212122,29.3,22.1,0.04749999999999943
Spain,2023,STR,47.0,3.0,13.0,HARD,79.477,20.39999999999999,0.6731999999999998,76.68520000000001,9.33600000000024,0.7121212121212122,29.3,22.1,0.4890000000000043
Spain,2023,OCO,47.0,3.0,12.0,HARD,79.669,20.39999999999999,0.6731999999999998,76.8772,3.186999999999898,0.7121212121212122,29.3,22.1,0.6477000000000004
Spain,2023,TSU,47.0,3.0,13.0,MEDIUM,79.625,20.39999999999999,0.6731999999999998,76.8332,1.2669999999998254,0.7121212121212122,29.3,22.1,0.5040000000000049
Spain,2023,ZHO,47.0,3.0,11.0,HARD,79.214,20.39999999999999,0.6731999999999998,76.4222,1.3140000000003056,0.7121212121212122,29.3,22.1,0.16610000000000014
Spain,2023,ALO,47.0,3.0,3.0,HARD,78.321,20.39999999999999,0.6731999999999998,75.5292,0.2529999999997017,0.7121212121212122,29.3,22.1,0.0
Spain,2023,PIA,47.0,3.0,8.0,MEDIUM,79.397,20.39999999999999,0.6731999999999998,76.60520000000001,4.4979999999995925,0.7121212121212122,29.3,22.1,0.5390000000000015
Spain,2023,GAS,47.0,3.0,8.0,HARD,78.948,20.39999999999999,0.6731999999999998,76.1562,0.5700000000006185,0.7121212121212122,29.3,22.1,0.22099999999998943
Spain,2023,VER,48.0,2.0,22.0,HARD,78.953,18.599999999999994,0.6137999999999998,76.1018,15.0,0.7272727272727273,29.3,22.1,0.1589000000000027
Spain,2023,LEC,47.0,3.0,31.0,HARD,78.709,20.39999999999999,0.6731999999999998,75.91720000000001,4.180999999999585,0.7121212121212122,29.3,22.1,0.0905999999999949
Spain,2023,DEV,47.0,3.0,9.0,MEDIUM,79.111,20.39999999999999,0.6731999999999998,76.31920000000001,3.693000000000211,0.7121212121212122,29.3,22.1,0.1595000000000084
Spain,2023,NOR,47.0,3.0,25.0,MEDIUM,80.146,20.39999999999999,0.6731999999999998,77.3542,6.425000000000182,0.7121212121212122,29.3,22.1,0.33150000000000546
Spain,2023,HAM,48.0,2.0,24.0,MEDIUM,79.183,18.599999999999994,0.6137999999999998,76.3318,15.0,0.7272727272727273,29.3,22.1,0.21710000000000207
Spain,2023,HUL,47.0,4.0,4.0,MEDIUM,79.121,20.39999999999999,0.6731999999999998,76.3292,6.766999999999825,0.7121212121212122,29.3,22.1,0.22939999999998406
Spain,2023,ALB,47.0,3.0,10.0,MEDIUM,79.525,20.39999999999999,0.6731999999999998,76.73320000000001,5.845000000000255,0.7121212121212122,29.3,22.1,0.2698000000000036
Spain,2023,SAR,47.0,3.0,11.0,HARD,79.646,20.39999999999999,0.6731999999999998,76.8542,3.076999999999316,0.7121212121212122,29.3,22.1,0.014399999999994861
Spain,2023,MAG,47.0,4.0,5.0,MEDIUM,79.166,20.39999999999999,0.6731999999999998,76.3742,0.6400000000003274,0.7121212121212122,29.3,22.1,0.276299999999992
Spain,2023,PER,48.0,2.0,21.0,HARD,79.179,18.599999999999994,0.6137999999999998,76.3278,15.0,0.7272727272727273,29.7,22.1,0.3930000000000007
Spain,2023,BOT,47.0,3.0,8.0,HARD,78.956,20.39999999999999,0.6731999999999998,76.16420000000001,8.270000000000437,0.7121212121212122,29.7,22.1,-0.31159999999999854
Spain,2023,RUS,48.0,3.0,6.0,SOFT,77.875,18.599999999999994,0.6137999999999998,75.0238,11.25799999999981,0.7272727272727273,29.7,22.1,-0.2617999999999938
Spain,2023,SAI,48.0,3.0,7.0,HARD,78.521,18.599999999999994,0.6137999999999998,75.6698,8.625,0.7272727272727273,29.7,22.1,0.006500000000002615
Spain,2023,STR,48.0,3.0,14.0,HARD,79.129,18.599999999999994,0.6137999999999998,76.2778,9.944000000000415,0.7272727272727273,29.7,22.1,0.14100000000000534
Spain,2023,OCO,48.0,3.0,13.0,HARD,79.618,18.599999999999994,0.6137999999999998,76.76679999999999,3.675999999999476,0.7272727272727273,29.7,22.1,0.5966999999999985
Spain,2023,TSU,48.0,3.0,14.0,MEDIUM,79.492,18.599999999999994,0.6137999999999998,76.6408,1.1410000000005311,0.7272727272727273,29.7,22.1,0.3710000000000093
Spain,2023,ALO,48.0,3.0,4.0,HARD,78.237,18.599999999999994,0.6137999999999998,75.38579999999999,0.31199999999989814,0.7272727272727273,29.7,22.1,-0.08400000000000318
Spain,2023,ZHO,48.0,3.0,12.0,HARD,79.749,18.599999999999994,0.6137999999999998,76.89779999999999,1.2590000000000146,0.7272727272727273,29.7,22.1,0.7010999999999967
Spain,2023,GAS,48.0,3.0,9.0,HARD,79.191,18.599999999999994,0.6137999999999998,76.3398,4.76299999999992,0.7272727272727273,29.7,22.1,0.46399999999999864
Spain,2023,PIA,48.0,3.0,9.0,MEDIUM,81.667,18.599999999999994,0.6137999999999998,78.8158,1.905999999999949,0.7272727272727273,29.7,22.1,2.8089999999999975
Spain,2023,VER,49.0,2.0,23.0,HARD,79.093,16.799999999999997,0.5543999999999999,76.1824,15.0,0.7424242424242424,29.7,22.1,0.2989000000000033
Spain,2023,LEC,48.0,3.0,32.0,HARD,78.763,18.599999999999994,0.6137999999999998,75.9118,1.8469999999997526,0.7272727272727273,29.7,22.1,0.14459999999999695
Spain,2023,DEV,48.0,3.0,10.0,MEDIUM,78.803,18.599999999999994,0.6137999999999998,75.95179999999999,3.7330000000001746,0.7272727272727273,29.7,22.1,-0.14849999999999852
Spain,2023,NOR,48.0,3.0,26.0,MEDIUM,79.863,18.599999999999994,0.6137999999999998,77.0118,7.484999999999673,0.7272727272727273,29.5,22.0,0.048500000000004206
Spain,2023,HAM,49.0,2.0,25.0,MEDIUM,78.968,16.799999999999997,0.5543999999999999,76.0574,15.0,0.7424242424242424,29.5,22.0,0.0020999999999986585
Spain,2023,HUL,48.0,4.0,5.0,MEDIUM,78.947,18.599999999999994,0.6137999999999998,76.0958,5.8510000000005675,0.7272727272727273,29.5,22.0,0.05539999999999168
Spain,2023,ALB,48.0,3.0,11.0,MEDIUM,79.426,18.599999999999994,0.6137999999999998,76.5748,6.323999999999614,0.7272727272727273,29.5,22.0,0.17079999999999984
Spain,2023,MAG,48.0,4.0,6.0,MEDIUM,78.7,18.599999999999994,0.6137999999999998,75.8488,2.9909999999999854,0.7272727272727273,29.5,22.0,-0.18970000000000198
Spain,2023,SAR,48.0,3.0,12.0,HARD,80.875,18.599999999999994,0.6137999999999998,78.0238,1.5349999999998545,0.7272727272727273,29.5,22.0,1.243399999999994
Spain,2023,PER,49.0,2.0,22.0,HARD,79.4,16.799999999999997,0.5543999999999999,76.4894,15.0,0.7424242424242424,29.5,22.0,0.6140000000000043
Spain,2023,BOT,48.0,3.0,9.0,HARD,79.498,18.599999999999994,0.6137999999999998,76.6468,7.5330000000003565,0.7272727272727273,29.5,22.0,0.23040000000000305
Spain,2023,RUS,49.0,3.0,7.0,SOFT,78.383,16.799999999999997,0.5543999999999999,75.4724,10.240999999999985,0.7424242424242424,29.5,22.0,0.24620000000000175
Spain,2023,SAI,49.0,3.0,8.0,HARD,78.635,16.799999999999997,0.5543999999999999,75.7244,8.877000000000407,0.7424242424242424,29.5,22.0,0.12050000000000693
Spain,2023,STR,49.0,3.0,15.0,HARD,79.413,16.799999999999997,0.5543999999999999,76.5024,10.721999999999753,0.7424242424242424,29.5,22.0,0.42499999999999716
Spain,2023,OCO,49.0,3.0,14.0,HARD,78.965,16.799999999999997,0.5543999999999999,76.0544,3.2280000000000655,0.7424242424242424,29.5,22.0,-0.05629999999999313
Spain,2023,ALO,49.0,3.0,5.0,HARD,78.083,16.799999999999997,0.5543999999999999,75.1724,0.5709999999999127,0.7424242424242424,29.5,22.0,-0.23799999999999955
Spain,2023,TSU,49.0,3.0,15.0,MEDIUM,80.145,16.799999999999997,0.5543999999999999,77.2344,1.75,0.7424242424242424,29.5,22.0,1.024000000000001
Spain,2023,ZHO,49.0,3.0,13.0,HARD,79.276,16.799999999999997,0.5543999999999999,76.3654,0.7020000000002256,0.7424242424242424,29.5,22.0,0.22809999999999775
Spain,2023,GAS,49.0,3.0,10.0,HARD,78.843,16.799999999999997,0.5543999999999999,75.9324,4.329999999999927,0.7424242424242424,29.5,22.0,0.11599999999999966
Spain,2023,VER,50.0,2.0,24.0,HARD,79.221,15.0,0.495,76.251,15.0,0.7575757575757576,29.5,22.0,0.4269000000000034
Spain,2023,PIA,49.0,3.0,10.0,MEDIUM,81.089,16.799999999999997,0.5543999999999999,78.1784,4.152000000000044,0.7424242424242424,29.5,22.0,2.2309999999999945
Spain,2023,LEC,49.0,3.0,33.0,HARD,79.918,16.799999999999997,0.5543999999999999,77.0074,0.6760000000003856,0.7424242424242424,29.5,22.0,1.299599999999998
Spain,2023,DEV,49.0,3.0,11.0,MEDIUM,79.009,16.799999999999997,0.5543999999999999,76.0984,2.8239999999996144,0.7424242424242424,29.5,22.0,0.05750000000000455
Spain,2023,NOR,49.0,3.0,27.0,MEDIUM,79.826,16.799999999999997,0.5543999999999999,76.91539999999999,8.30199999999968,0.7424242424242424,29.5,22.0,0.011499999999998067
Spain,2023,HUL,49.0,4.0,6.0,MEDIUM,79.272,16.799999999999997,0.5543999999999999,76.3614,5.29700000000048,0.7424242424242424,29.5,22.0,0.3803999999999945
Spain,2023,ALB,49.0,3.0,12.0,MEDIUM,79.712,16.799999999999997,0.5543999999999999,76.8014,6.764000000000124,0.7424242424242424,29.5,22.0,0.4568000000000012
Spain,2023,MAG,49.0,4.0,7.0,MEDIUM,79.105,16.799999999999997,0.5543999999999999,76.1944,2.3840000000000146,0.7424242424242424,29.5,22.0,0.21529999999999916
Spain,2023,SAR,49.0,3.0,13.0,HARD,80.052,16.799999999999997,0.5543999999999999,77.1414,2.481999999999971,0.7424242424242424,29.5,22.0,0.4204000000000008
Spain,2023,BOT,49.0,3.0,10.0,HARD,79.208,16.799999999999997,0.5543999999999999,76.2974,6.688999999999396,0.7424242424242424,29.5,22.0,-0.059600000000003206
Spain,2023,RUS,50.0,3.0,8.0,SOFT,78.488,15.0,0.495,75.518,15.0,0.7575757575757576,29.5,22.0,0.35120000000000573
Spain,2023,SAI,50.0,3.0,9.0,HARD,78.518,15.0,0.495,75.548,8.907000000000153,0.7575757575757576,28.7,22.0,0.003500000000002501
Spain,2023,STR,50.0,3.0,16.0,HARD,79.283,15.0,0.495,76.313,11.48700000000008,0.7575757575757576,28.7,22.0,0.2950000000000017
Spain,2023,OCO,50.0,3.0,15.0,HARD,79.163,15.0,0.495,76.193,3.1080000000001746,0.7575757575757576,28.7,22.0,0.14170000000000016
Spain,2023,ALO,50.0,3.0,6.0,HARD,78.935,15.0,0.495,75.965,0.3429999999998472,0.7575757575757576,28.7,22.0,0.6140000000000043
Spain,2023,TSU,50.0,3.0,16.0,MEDIUM,79.211,15.0,0.495,76.241,2.02599999999984,0.7575757575757576,28.7,22.0,0.09000000000000341
Spain,2023,ZHO,50.0,3.0,14.0,HARD,79.461,15.0,0.495,76.491,0.9520000000002256,0.7575757575757576,28.7,22.0,0.4131
Spain,2023,GAS,50.0,3.0,11.0,HARD,78.845,15.0,0.495,75.875,3.713999999999942,0.7575757575757576,28.7,22.0,0.117999999999995
Spain,2023,VER,51.0,2.0,25.0,HARD,78.768,13.200000000000003,0.4356000000000001,75.7386,15.0,0.7727272727272727,28.7,22.0,-0.026099999999999568
Spain,2023,PIA,50.0,3.0,11.0,MEDIUM,79.227,15.0,0.495,76.257,4.533999999999651,0.7575757575757576,28.7,22.0,0.3689999999999998
Spain,2023,LEC,50.0,3.0,34.0,HARD,79.165,15.0,0.495,76.19500000000001,0.6140000000004875,0.7575757575757576,28.7,22.0,0.546599999999998
Spain,2023,DEV,50.0,3.0,12.0,MEDIUM,79.34,15.0,0.495,76.37,2.9989999999997963,0.7575757575757576,28.7,22.0,0.3885000000000076
Spain,2023,HUL,50.0,4.0,7.0,MEDIUM,78.855,15.0,0.495,75.885,13.113999999999578,0.7575757575757576,28.7,22.0,-0.03660000000000707
Spain,2023,ALB,50.0,3.0,13.0,MEDIUM,79.65,15.0,0.495,76.68,7.5590000000001965,0.7575757575757576,28.7,22.0,0.3948000000000036
Spain,2023,MAG,50.0,4.0,8.0,MEDIUM,78.98,15.0,0.495,76.01,1.7139999999999418,0.7575757575757576,28.7,22.0,0.09029999999999916
Spain,2023,SAR,50.0,3.0,14.0,HARD,80.019,15.0,0.495,77.049,3.520999999999731,0.7575757575757576,28.7,22.0,0.3873999999999995
Spain,2023,RUS,51.0,3.0,9.0,SOFT,78.611,13.200000000000003,0.4356000000000001,75.58160000000001,15.0,0.7727272727272727,28.7,22.2,0.4742000000000104
Spain,2023,SAI,51.0,3.0,10.0,HARD,78.562,13.200000000000003,0.4356000000000001,75.5326,8.858000000000175,0.7727272727272727,28.7,22.2,0.04749999999999943
Spain,2023,STR,51.0,3.0,17.0,HARD,79.164,13.200000000000003,0.4356000000000001,76.1346,12.088999999999942,0.7727272727272727,28.7,22.2,0.17600000000000193
Spain,2023,ALO,51.0,3.0,7.0,HARD,78.833,13.200000000000003,0.4356000000000001,75.8036,3.119999999999891,0.7727272727272727,28.7,22.2,0.5120000000000005
Spain,2023,OCO,51.0,3.0,16.0,HARD,81.212,13.200000000000003,0.4356000000000001,78.18260000000001,2.036000000000058,0.7727272727272727,28.7,22.2,2.1907000000000068
Spain,2023,TSU,51.0,3.0,17.0,MEDIUM,79.667,13.200000000000003,0.4356000000000001,76.6376,0.8240000000005239,0.7727272727272727,28.7,22.2,0.5460000000000065
Spain,2023,ZHO,51.0,3.0,15.0,HARD,79.699,13.200000000000003,0.4356000000000001,76.6696,0.9839999999994689,0.7727272727272727,28.7,22.2,0.6510999999999996
Spain,2023,GAS,51.0,3.0,12.0,HARD,78.796,13.200000000000003,0.4356000000000001,75.76660000000001,2.8109999999996944,0.7727272727272727,28.7,22.2,0.06900000000000261
Spain,2023,LEC,51.0,3.0,35.0,HARD,78.617,13.200000000000003,0.4356000000000001,75.58760000000001,4.969000000000051,0.7727272727272727,28.7,22.2,-0.0014000000000038426
Spain,2023,PIA,51.0,3.0,12.0,MEDIUM,80.902,13.200000000000003,0.4356000000000001,77.8726,1.6710000000002765,0.7727272727272727,28.7,22.2,2.043999999999997
Spain,2023,DEV,51.0,3.0,13.0,MEDIUM,79.35,13.200000000000003,0.4356000000000001,76.3206,2.0609999999996944,0.7727272727272727,28.7,22.2,0.3984999999999985
Spain,2023,HUL,51.0,4.0,8.0,MEDIUM,78.861,13.200000000000003,0.4356000000000001,75.83160000000001,12.625,0.7727272727272727,28.6,22.0,-0.030600000000006844
Spain,2023,ALB,51.0,3.0,14.0,MEDIUM,79.447,13.200000000000003,0.4356000000000001,76.41760000000001,8.145000000000437,0.7727272727272727,28.6,22.0,0.19180000000000064
Spain,2023,MAG,51.0,4.0,9.0,MEDIUM,79.101,13.200000000000003,0.4356000000000001,76.0716,1.368000000000393,0.7727272727272727,28.6,22.0,0.21129999999999427
Spain,2023,SAR,51.0,3.0,15.0,HARD,79.942,13.200000000000003,0.4356000000000001,76.9126,4.3619999999991705,0.7727272727272727,28.6,22.0,0.31039999999998713
Spain,2023,BOT,51.0,3.0,12.0,HARD,79.231,13.200000000000003,0.4356000000000001,76.2016,4.201000000000022,0.7727272727272727,28.6,22.0,-0.03660000000000707
Spain,2023,HAM,52.0,3.0,5.0,SOFT,78.621,11.399999999999991,0.37619999999999976,75.53219999999999,15.0,0.7878787878787878,28.6,22.0,0.9351999999999947
Spain,2023,RUS,52.0,3.0,10.0,SOFT,78.335,11.399999999999991,0.37619999999999976,75.24619999999999,4.907000000000153,0.7878787878787878,28.6,22.0,0.19819999999999993
Spain,2023,SAI,52.0,3.0,11.0,HARD,78.595,11.399999999999991,0.37619999999999976,75.50619999999999,9.118000000000393,0.7878787878787878,28.6,22.0,0.08050000000000068
Spain,2023,PER,52.0,3.0,2.0,SOFT,76.666,11.399999999999991,0.37619999999999976,73.57719999999999,0.5109999999995125,0.7878787878787878,28.6,22.0,-0.583200000000005
Spain,2023,STR,52.0,3.0,18.0,HARD,79.018,11.399999999999991,0.37619999999999976,75.9292,12.001000000000204,0.7878787878787878,28.6,22.0,0.030000000000001137
Spain,2023,ALO,52.0,3.0,8.0,HARD,78.543,11.399999999999991,0.37619999999999976,75.4542,2.6450000000004366,0.7878787878787878,28.6,22.0,0.2220000000000084
Spain,2023,OCO,52.0,3.0,17.0,HARD,79.213,11.399999999999991,0.37619999999999976,76.12419999999999,2.7059999999992215,0.7878787878787878,28.6,22.0,0.19169999999999732
Spain,2023,TSU,52.0,3.0,18.0,MEDIUM,79.236,11.399999999999991,0.37619999999999976,76.1472,0.8470000000006621,0.7878787878787878,28.6,22.0,0.1150000000000091
Spain,2023,ZHO,52.0,3.0,16.0,HARD,79.04,11.399999999999991,0.37619999999999976,75.9512,0.7879999999995562,0.7878787878787878,28.6,22.0,-0.007899999999992247
Spain,2023,GAS,52.0,3.0,13.0,HARD,79.006,11.399999999999991,0.37619999999999976,75.9172,2.7770000000000437,0.7878787878787878,28.4,21.9,0.27899999999999636
Spain,2023,LEC,52.0,3.0,36.0,HARD,78.357,11.399999999999991,0.37619999999999976,75.2682,4.319999999999709,0.7878787878787878,28.4,21.9,-0.26140000000000896
Spain,2023,PIA,52.0,3.0,13.0,MEDIUM,79.507,11.399999999999991,0.37619999999999976,76.4182,2.821000000000822,0.7878787878787878,28.4,21.9,0.6490000000000009
Spain,2023,DEV,52.0,3.0,14.0,MEDIUM,79.298,11.399999999999991,0.37619999999999976,76.2092,1.8519999999998618,0.7878787878787878,28.4,21.9,0.346500000000006
Spain,2023,HUL,52.0,4.0,9.0,MEDIUM,78.962,11.399999999999991,0.37619999999999976,75.8732,12.28899999999976,0.7878787878787878,28.4,21.9,0.07039999999999225
Spain,2023,ALB,52.0,3.0,15.0,MEDIUM,79.39,11.399999999999991,0.37619999999999976,76.3012,8.57300000000032,0.7878787878787878,28.4,21.9,0.13479999999999848
Spain,2023,MAG,52.0,4.0,10.0,MEDIUM,79.345,11.399999999999991,0.37619999999999976,76.25619999999999,1.3229999999994106,0.7878787878787878,28.4,21.9,0.45529999999999404
Spain,2023,SAR,52.0,3.0,16.0,HARD,79.943,11.399999999999991,0.37619999999999976,76.85419999999999,4.960000000000036,0.7878787878787878,28.4,21.9,0.3113999999999919
Spain,2023,BOT,52.0,3.0,13.0,HARD,79.531,11.399999999999991,0.37619999999999976,76.4422,3.78899999999976,0.7878787878787878,28.4,21.9,0.2634000000000043
Spain,2023,NOR,52.0,4.0,5.0,SOFT,78.809,11.399999999999991,0.37619999999999976,75.72019999999999,0.14000000000032742,0.7878787878787878,28.4,21.9,1.3263999999999925
Spain,2023,HAM,53.0,3.0,6.0,SOFT,78.564,9.599999999999994,0.3167999999999998,75.41579999999999,15.0,0.803030303030303,28.4,21.9,0.8781999999999925
Spain,2023,RUS,53.0,3.0,11.0,SOFT,78.504,9.599999999999994,0.3167999999999998,75.3558,4.846999999999753,0.803030303030303,28.4,21.9,0.3672000000000111
Spain,2023,PER,53.0,3.0,3.0,SOFT,77.122,9.599999999999994,0.3167999999999998,73.9738,8.247000000000298,0.803030303030303,28.4,21.9,-0.12720000000000198
Spain,2023,SAI,53.0,3.0,12.0,HARD,79.738,9.599999999999994,0.3167999999999998,76.5898,2.1049999999995634,0.803030303030303,28.4,21.9,1.2235000000000014
Spain,2023,STR,53.0,3.0,19.0,HARD,78.998,9.599999999999994,0.3167999999999998,75.8498,11.771999999999935,0.803030303030303,28.3,21.9,0.010000000000005116
Spain,2023,ALO,53.0,3.0,9.0,HARD,79.225,9.599999999999994,0.3167999999999998,76.07679999999999,2.8720000000002983,0.803030303030303,28.3,21.9,0.9039999999999964
Spain,2023,OCO,53.0,3.0,18.0,HARD,79.177,9.599999999999994,0.3167999999999998,76.0288,2.6580000000003565,0.803030303030303,28.3,21.9,0.15570000000001016
Spain,2023,TSU,53.0,3.0,19.0,MEDIUM,79.028,9.599999999999994,0.3167999999999998,75.8798,0.6979999999994106,0.803030303030303,28.3,21.9,-0.09299999999998931
Spain,2023,ZHO,53.0,3.0,17.0,HARD,79.086,9.599999999999994,0.3167999999999998,75.9378,0.8460000000004584,0.803030303030303,28.3,21.9,0.03810000000000002
Spain,2023,GAS,53.0,3.0,14.0,HARD,78.824,9.599999999999994,0.3167999999999998,75.6758,2.5150000000003274,0.803030303030303,28.3,21.9,0.0969999999999942
Spain,2023,LEC,53.0,3.0,37.0,HARD,78.558,9.599999999999994,0.3167999999999998,75.4098,4.053999999999178,0.803030303030303,28.3,21.9,-0.06040000000000134
Spain,2023,PIA,53.0,3.0,14.0,MEDIUM,79.358,9.599999999999994,0.3167999999999998,76.2098,3.6210000000000946,0.803030303030303,28.3,21.9,0.5
Spain,2023,DEV,53.0,3.0,15.0,MEDIUM,79.186,9.599999999999994,0.3167999999999998,76.0378,1.680000000000291,0.803030303030303,28.3,21.9,0.23450000000001125
Spain,2023,HUL,53.0,4.0,10.0,MEDIUM,78.776,9.599999999999994,0.3167999999999998,75.6278,11.878999999999905,0.803030303030303,28.3,21.9,-0.1156000000000148
Spain,2023,VER,54.0,3.0,4.0,SOFT,77.473,7.799999999999997,0.2573999999999999,74.2654,15.0,0.8181818181818182,28.3,21.9,0.26539999999999964
Spain,2023,ALB,53.0,3.0,16.0,MEDIUM,79.327,9.599999999999994,0.3167999999999998,76.1788,9.123999999999796,0.803030303030303,28.3,21.9,0.07179999999999609
Spain,2023,MAG,53.0,4.0,11.0,MEDIUM,79.396,9.599999999999994,0.3167999999999998,76.2478,1.3920000000007349,0.803030303030303,28.3,21.9,0.506299999999996
Spain,2023,SAR,53.0,3.0,17.0,HARD,79.943,9.599999999999994,0.3167999999999998,76.7948,5.506999999999607,0.803030303030303,28.3,21.9,0.3113999999999919
Spain,2023,NOR,53.0,4.0,6.0,SOFT,77.287,9.599999999999994,0.3167999999999998,74.1388,1.2730000000001382,0.803030303030303,28.3,21.9,-0.19559999999999889
Spain,2023,HAM,54.0,3.0,7.0,SOFT,77.529,7.799999999999997,0.2573999999999999,74.3214,15.0,0.8181818181818182,28.4,21.9,-0.15680000000000405
Spain,2023,BOT,53.0,3.0,14.0,HARD,81.381,9.599999999999994,0.3167999999999998,78.2328,3.9539999999997235,0.803030303030303,28.4,21.9,2.1133999999999986
Spain,2023,RUS,54.0,3.0,12.0,SOFT,78.362,7.799999999999997,0.2573999999999999,75.1544,5.680000000000291,0.8181818181818182,28.4,21.9,0.22520000000000095
Spain,2023,PER,54.0,3.0,4.0,SOFT,77.543,7.799999999999997,0.2573999999999999,74.3354,7.427999999999884,0.8181818181818182,28.4,21.9,0.2938000000000045
Spain,2023,SAI,54.0,3.0,13.0,HARD,78.886,7.799999999999997,0.2573999999999999,75.6784,3.44800000000032,0.8181818181818182,28.4,21.9,0.3714999999999975
Spain,2023,STR,54.0,3.0,20.0,HARD,79.068,7.799999999999997,0.2573999999999999,75.8604,11.953999999999724,0.8181818181818182,28.4,21.9,0.0799999999999983
Spain,2023,ALO,54.0,3.0,10.0,HARD,78.536,7.799999999999997,0.2573999999999999,75.3284,2.3400000000001455,0.8181818181818182,28.4,21.9,0.2150000000000034
Spain,2023,OCO,54.0,3.0,19.0,HARD,78.946,7.799999999999997,0.2573999999999999,75.7384,3.068000000000211,0.8181818181818182,28.4,21.9,-0.07529999999999859
Spain,2023,TSU,54.0,3.0,20.0,MEDIUM,79.267,7.799999999999997,0.2573999999999999,76.0594,1.0190000000002328,0.8181818181818182,28.4,21.9,0.1460000000000008
Spain,2023,ZHO,54.0,3.0,18.0,HARD,79.057,7.799999999999997,0.2573999999999999,75.8494,0.6359999999995125,0.8181818181818182,28.4,21.9,0.00910000000000366
Spain,2023,GAS,54.0,3.0,15.0,HARD,78.991,7.799999999999997,0.2573999999999999,75.7834,2.449000000000524,0.8181818181818182,28.4,21.9,0.2639999999999958
Spain,2023,LEC,54.0,3.0,38.0,HARD,78.707,7.799999999999997,0.2573999999999999,75.4994,3.769999999999527,0.8181818181818182,28.4,21.9,0.08859999999998536
Spain,2023,PIA,54.0,3.0,15.0,MEDIUM,79.38,7.799999999999997,0.2573999999999999,76.1724,4.293999999999869,0.8181818181818182,28.4,21.9,0.5219999999999914
Spain,2023,DEV,54.0,3.0,16.0,MEDIUM,79.299,7.799999999999997,0.2573999999999999,76.09140000000001,1.59900000000016,0.8181818181818182,28.4,21.9,0.3475000000000108
Spain,2023,HUL,54.0,4.0,11.0,MEDIUM,78.951,7.799999999999997,0.2573999999999999,75.7434,11.530999999999949,0.8181818181818182,28.4,21.9,0.059399999999982356
Spain,2023,VER,55.0,3.0,5.0,SOFT,77.766,6.0,0.198,74.49900000000001,15.0,0.8333333333333334,28.4,21.9,0.558400000000006
Spain,2023,ALB,54.0,3.0,17.0,MEDIUM,79.347,7.799999999999997,0.2573999999999999,76.1394,9.520000000000437,0.8181818181818182,28.4,21.9,0.09179999999999211
Spain,2023,MAG,54.0,4.0,12.0,MEDIUM,79.311,7.799999999999997,0.2573999999999999,76.10340000000001,1.3559999999997672,0.8181818181818182,28.4,21.9,0.42130000000000223
Spain,2023,SAR,54.0,3.0,18.0,HARD,79.72,7.799999999999997,0.2573999999999999,76.5124,5.916000000000167,0.8181818181818182,28.4,21.9,0.08839999999999293
Spain,2023,NOR,54.0,4.0,7.0,SOFT,78.746,7.799999999999997,0.2573999999999999,75.5384,0.29899999999997817,0.8181818181818182,28.4,21.9,1.26339999999999
Spain,2023,HAM,55.0,3.0,8.0,SOFT,77.575,6.0,0.198,74.308,15.0,0.8333333333333334,28.4,21.9,-0.11079999999999757
Spain,2023,BOT,54.0,3.0,15.0,HARD,80.104,7.799999999999997,0.2573999999999999,76.8964,5.311999999999898,0.8181818181818182,28.4,21.9,0.8363999999999976
Spain,2023,RUS,55.0,3.0,13.0,SOFT,78.133,6.0,0.198,74.866,6.237999999999374,0.8333333333333334,28.4,21.9,-0.0037999999999982492
Spain,2023,PER,55.0,3.0,5.0,SOFT,77.776,6.0,0.198,74.509,7.070999999999913,0.8333333333333334,28.4,21.9,0.5267999999999944
Spain,2023,SAI,55.0,3.0,14.0,HARD,78.513,6.0,0.198,75.24600000000001,4.1850000000004,0.8333333333333334,28.4,21.9,-0.0014999999999929514
Spain,2023,STR,55.0,3.0,21.0,HARD,78.933,6.0,0.198,75.66600000000001,12.373999999999796,0.8333333333333334,28.4,21.9,-0.05499999999999261
Spain,2023,ALO,55.0,3.0,11.0,HARD,78.584,6.0,0.198,75.31700000000001,1.9909999999999854,0.8333333333333334,28.4,21.9,0.26300000000000523
Spain,2023,OCO,55.0,3.0,20.0,HARD,79.057,6.0,0.198,75.79,3.541000000001077,0.8333333333333334,28.4,21.9,0.035700000000005616
Spain,2023,TSU,55.0,3.0,21.0,MEDIUM,79.246,6.0,0.198,75.979,1.2079999999987194,0.8333333333333334,28.4,21.9,0.125
Spain,2023,ZHO,55.0,3.0,19.0,HARD,79.147,6.0,0.198,75.88000000000001,0.5370000000002619,0.8333333333333334,28.4,21.9,0.09910000000000707
Spain,2023,GAS,55.0,3.0,16.0,HARD,79.195,6.0,0.198,75.928,2.496999999999389,0.8333333333333334,28.4,21.9,0.4679999999999893
Spain,2023,LEC,55.0,3.0,39.0,HARD,78.853,6.0,0.198,75.586,3.4280000000017026,0.8333333333333334,28.2,21.9,0.23459999999998615
Spain,2023,PIA,55.0,3.0,16.0,MEDIUM,79.453,6.0,0.198,76.186,4.893999999998414,0.8333333333333334,28.2,21.9,0.5949999999999989
Spain,2023,DEV,55.0,3.0,17.0,MEDIUM,79.035,6.0,0.198,75.768,1.1810000000004948,0.8333333333333334,28.2,21.9,0.0835000000000008
Spain,2023,VER,56.0,3.0,6.0,SOFT,77.183,5.0,0.165,73.88300000000001,15.0,0.8484848484848485,28.2,21.9,-0.024599999999992406
Spain,2023,HUL,55.0,4.0,12.0,MEDIUM,80.482,6.0,0.198,77.215,12.978000000000975,0.8333333333333334,28.2,21.9,1.5903999999999883
Spain,2023,ALB,55.0,3.0,18.0,MEDIUM,79.415,6.0,0.198,76.14800000000001,8.45299999999952,0.8333333333333334,28.2,21.9,0.15980000000000416
Spain,2023,MAG,55.0,4.0,13.0,MEDIUM,79.187,6.0,0.198,75.92,1.1279999999987922,0.8333333333333334,28.2,21.9,0.2972999999999928
Spain,2023,NOR,55.0,4.0,8.0,SOFT,77.182,6.0,0.198,73.915,4.210000000000946,0.8333333333333334,28.2,21.9,-0.30060000000000286
Spain,2023,HAM,56.0,3.0,9.0,SOFT,77.874,5.0,0.165,74.574,15.0,0.8484848484848485,28.2,21.9,0.18819999999999482
Spain,2023,SAR,55.0,3.0,19.0,HARD,81.834,6.0,0.198,78.56700000000001,4.352999999999156,0.8333333333333334,28.2,21.9,2.2023999999999972
Spain,2023,BOT,55.0,3.0,16.0,HARD,79.523,6.0,0.198,76.256,3.3000000000010914,0.8333333333333334,28.2,21.9,0.2553999999999945
Spain,2023,RUS,56.0,3.0,14.0,SOFT,78.448,5.0,0.165,75.148,6.812000000001717,0.8484848484848485,28.2,21.9,0.3111999999999995
Spain,2023,PER,56.0,3.0,6.0,SOFT,77.484,5.0,0.165,74.184,6.106999999999971,0.8484848484848485,28.2,21.9,0.2347999999999928
Spain,2023,SAI,56.0,3.0,15.0,HARD,78.559,5.0,0.165,75.259,5.259999999998399,0.8484848484848485,28.2,21.9,0.04449999999999932
Spain,2023,STR,56.0,3.0,22.0,HARD,78.722,5.0,0.165,75.422,12.537000000000262,0.8484848484848485,28.1,21.9,-0.26600000000000534
Spain,2023,ALO,56.0,3.0,12.0,HARD,78.749,5.0,0.165,75.449,2.018000000000029,0.8484848484848485,28.1,21.9,0.42799999999999727
Spain,2023,OCO,56.0,3.0,21.0,HARD,79.097,5.0,0.165,75.797,3.889000000001033,0.8484848484848485,28.1,21.9,0.07569999999999766
Spain,2023,TSU,56.0,3.0,22.0,MEDIUM,79.568,5.0,0.165,76.268,1.6790000000000873,0.8484848484848485,28.1,21.9,0.44700000000000273
Spain,2023,ZHO,56.0,3.0,20.0,HARD,80.335,5.0,0.165,77.035,1.3040000000000873,0.8484848484848485,28.1,21.9,1.2870999999999952
Spain,2023,GAS,56.0,3.0,17.0,HARD,79.565,5.0,0.165,76.265,1.7269999999989523,0.8484848484848485,28.1,21.9,0.8379999999999939
Spain,2023,LEC,56.0,3.0,40.0,HARD,78.897,5.0,0.165,75.59700000000001,2.7600000000002183,0.8484848484848485,28.1,21.9,0.2785999999999973
Spain,2023,PIA,56.0,3.0,17.0,MEDIUM,79.365,5.0,0.165,76.065,5.3619999999991705,0.8484848484848485,28.1,21.9,0.5069999999999908
Spain,2023,DEV,56.0,3.0,18.0,MEDIUM,79.294,5.0,0.165,75.994,1.110000000000582,0.8484848484848485,28.1,21.9,0.34250000000000114
Spain,2023,VER,57.0,3.0,7.0,SOFT,77.306,5.0,0.165,74.006,15.0,0.8636363636363636,28.1,21.9,0.09839999999999804
Spain,2023,HUL,56.0,4.0,13.0,MEDIUM,79.721,5.0,0.165,76.421,13.405000000000655,0.8484848484848485,28.1,21.9,0.8293999999999926
Spain,2023,ALB,56.0,3.0,19.0,MEDIUM,79.343,5.0,0.165,76.043,8.074999999998909,0.8484848484848485,28.1,21.9,0.08780000000000143
Spain,2023,MAG,56.0,4.0,14.0,MEDIUM,79.389,5.0,0.165,76.089,1.1740000000008877,0.8484848484848485,28.1,21.9,0.499299999999991
Spain,2023,NOR,56.0,4.0,9.0,SOFT,77.939,5.0,0.165,74.639,2.7600000000002183,0.8484848484848485,28.1,21.9,0.4563999999999879
Spain,2023,HAM,57.0,3.0,10.0,SOFT,77.725,5.0,0.165,74.425,15.0,0.8636363636363636,28.1,21.9,0.039199999999993906
Spain,2023,SAR,56.0,3.0,20.0,HARD,79.827,5.0,0.165,76.527,6.2409999999999854,0.8484848484848485,28.1,21.9,0.19539999999999225
Spain,2023,RUS,57.0,3.0,15.0,SOFT,78.29,5.0,0.165,74.99000000000001,7.3770000000004075,0.8636363636363636,28.2,21.9,0.15320000000001244
Spain,2023,BOT,56.0,3.0,17.0,HARD,81.435,5.0,0.165,78.135,4.907999999999447,0.8484848484848485,28.2,21.9,2.1674000000000007
Spain,2023,PER,57.0,3.0,7.0,SOFT,77.44,5.0,0.165,74.14,5.256999999999607,0.8636363636363636,28.2,21.9,0.19079999999999586
Spain,2023,SAI,57.0,3.0,16.0,HARD,78.725,5.0,0.165,75.425,6.545000000000073,0.8636363636363636,28.2,21.9,0.21049999999999613
Spain,2023,STR,57.0,3.0,23.0,HARD,79.041,5.0,0.165,75.741,12.853000000000975,0.8636363636363636,28.2,21.9,0.05299999999999727
Spain,2023,ALO,57.0,3.0,13.0,HARD,78.77,5.0,0.165,75.47,1.7469999999993888,0.8636363636363636,28.2,21.9,0.44899999999999807
Spain,2023,OCO,57.0,3.0,22.0,HARD,79.365,5.0,0.165,76.065,4.484000000000378,0.8636363636363636,28.2,21.9,0.34369999999999834
Spain,2023,TSU,57.0,3.0,23.0,MEDIUM,79.182,5.0,0.165,75.882,1.495999999999185,0.8636363636363636,28.2,21.9,0.06100000000000705
Spain,2023,ZHO,57.0,3.0,21.0,HARD,79.425,5.0,0.165,76.125,1.5470000000004802,0.8636363636363636,28.2,21.9,0.37709999999999866
Spain,2023,GAS,57.0,3.0,18.0,HARD,79.287,5.0,0.165,75.98700000000001,1.5889999999999418,0.8636363636363636,28.2,21.9,0.5600000000000023
Spain,2023,LEC,57.0,3.0,41.0,HARD,78.871,5.0,0.165,75.571,2.3439999999991414,0.8636363636363636,28.2,21.9,0.25259999999998684
Spain,2023,PIA,57.0,3.0,18.0,MEDIUM,79.396,5.0,0.165,76.096,5.887000000000626,0.8636363636363636,28.2,21.9,0.5379999999999967
Spain,2023,DEV,57.0,3.0,19.0,MEDIUM,79.164,5.0,0.165,75.864,0.8780000000006112,0.8636363636363636,28.2,21.9,0.21250000000000568
Spain,2023,VER,58.0,3.0,8.0,SOFT,77.502,5.0,0.165,74.202,15.0,0.8787878787878788,28.2,21.9,0.294399999999996
Spain,2023,HUL,57.0,4.0,14.0,MEDIUM,79.128,5.0,0.165,75.828,13.368999999998778,0.8636363636363636,28.2,21.8,0.23639999999998906
Spain,2023,ALB,57.0,3.0,20.0,MEDIUM,79.189,5.0,0.165,75.889,8.136000000000422,0.8636363636363636,28.2,21.8,-0.06620000000000914
Spain,2023,MAG,57.0,4.0,15.0,MEDIUM,79.199,5.0,0.165,75.899,1.184000000001106,0.8636363636363636,28.2,21.8,0.30929999999999325
Spain,2023,NOR,57.0,4.0,10.0,SOFT,78.16,5.0,0.165,74.86,1.720999999999549,0.8636363636363636,28.2,21.8,0.6773999999999916
Spain,2023,HAM,58.0,3.0,11.0,SOFT,77.848,5.0,0.165,74.548,15.0,0.8787878787878788,28.2,21.8,0.16219999999999857
Spain,2023,SAR,57.0,3.0,21.0,HARD,80.009,5.0,0.165,76.709,8.090000000000146,0.8636363636363636,28.2,21.8,0.3773999999999944
Spain,2023,RUS,58.0,3.0,16.0,SOFT,78.357,5.0,0.165,75.057,7.886000000000422,0.8787878787878788,28.2,21.8,0.2202000000000055
Spain,2023,BOT,57.0,3.0,18.0,HARD,79.922,5.0,0.165,76.622,4.820999999999913,0.8636363636363636,28.2,21.8,0.6543999999999954
Spain,2023,PER,58.0,3.0,8.0,SOFT,77.931,5.0,0.165,74.631,4.831000000000131,0.8787878787878788,28.2,21.8,0.6817999999999955
Spain,2023,SAI,58.0,3.0,17.0,HARD,78.623,5.0,0.165,75.32300000000001,7.2369999999991705,0.8787878787878788,28.2,21.8,0.10850000000000648
Spain,2023,STR,58.0,3.0,24.0,HARD,79.251,5.0,0.165,75.95100000000001,13.481000000001586,0.8787878787878788,28.2,21.8,0.26300000000000523
Spain,2023,ALO,58.0,3.0,14.0,HARD,78.861,5.0,0.165,75.561,1.356999999999971,0.8787878787878788,28.2,21.8,0.5400000000000063
Spain,2023,OCO,58.0,3.0,23.0,HARD,79.207,5.0,0.165,75.907,4.829999999999927,0.8787878787878788,28.2,21.8,0.1856999999999971
Spain,2023,TSU,58.0,3.0,24.0,MEDIUM,79.22,5.0,0.165,75.92,1.5090000000000146,0.8787878787878788,28.2,21.8,0.09900000000000375
Spain,2023,ZHO,58.0,3.0,22.0,HARD,79.123,5.0,0.165,75.82300000000001,1.4499999999989086,0.8787878787878788,28.2,21.8,0.07510000000000616
Spain,2023,GAS,58.0,3.0,19.0,HARD,79.232,5.0,0.165,75.932,1.6980000000003201,0.8787878787878788,28.2,21.8,0.5049999999999955
Spain,2023,LEC,58.0,3.0,42.0,HARD,78.863,5.0,0.165,75.563,1.9750000000003638,0.8787878787878788,28.2,21.8,0.24459999999999127
Spain,2023,PIA,58.0,3.0,19.0,MEDIUM,79.104,5.0,0.165,75.804,6.127999999998792,0.8787878787878788,28.2,21.8,0.2459999999999951
Spain,2023,DEV,58.0,3.0,20.0,MEDIUM,79.24,5.0,0.165,75.94,1.0140000000010332,0.8787878787878788,28.2,21.8,0.2884999999999991
Spain,2023,VER,59.0,3.0,9.0,SOFT,77.761,5.0,0.165,74.461,15.0,0.8939393939393939,28.2,21.8,0.5533999999999963
Spain,2023,HUL,58.0,4.0,15.0,MEDIUM,79.151,5.0,0.165,75.851,13.280000000000655,0.8787878787878788,28.2,21.8,0.2593999999999852
Spain,2023,ALB,58.0,3.0,21.0,MEDIUM,79.248,5.0,0.165,75.94800000000001,8.232999999998356,0.8787878787878788,28.2,21.8,-0.007199999999997431
Spain,2023,MAG,58.0,4.0,16.0,MEDIUM,79.397,5.0,0.165,76.09700000000001,1.3330000000005384,0.8787878787878788,28.2,21.8,0.5073000000000008
Spain,2023,NOR,58.0,4.0,11.0,SOFT,78.412,5.0,0.165,75.11200000000001,0.7360000000007858,0.8787878787878788,28.2,21.8,0.9294000000000011
Spain,2023,HAM,59.0,3.0,12.0,SOFT,78.138,5.0,0.165,74.83800000000001,15.0,0.8939393939393939,28.2,21.8,0.4522000000000048
Spain,2023,RUS,59.0,3.0,17.0,SOFT,78.129,5.0,0.165,74.82900000000001,7.8770000000004075,0.8939393939393939,28.2,21.8,-0.007799999999988927
Spain,2023,SAR,58.0,3.0,22.0,HARD,82.807,5.0,0.165,79.507,12.484999999998763,0.8787878787878788,28.2,21.8,3.1753999999999962
Spain,2023,PER,59.0,3.0,9.0,SOFT,78.623,5.0,0.165,75.32300000000001,5.324999999998909,0.8939393939393939,28.2,21.8,1.3738000000000028
Spain,2023,BOT,58.0,3.0,19.0,HARD,81.352,5.0,0.165,78.052,3.3659999999999854,0.8787878787878788,28.2,21.8,2.0844000000000023
Spain,2023,SAI,59.0,3.0,18.0,HARD,78.799,5.0,0.165,75.49900000000001,7.413000000000466,0.8939393939393939,28.2,21.8,0.2845000000000084
Spain,2023,STR,59.0,3.0,25.0,HARD,79.193,5.0,0.165,75.893,13.875,0.8939393939393939,27.9,21.7,0.2049999999999983
Spain,2023,ALO,59.0,3.0,15.0,HARD,78.87,5.0,0.165,75.57000000000001,1.0339999999996508,0.8939393939393939,27.9,21.7,0.5490000000000066
Spain,2023,OCO,59.0,3.0,24.0,HARD,79.189,5.0,0.165,75.889,5.1489999999994325,0.8939393939393939,27.9,21.7,0.1676999999999964
Spain,2023,TSU,59.0,3.0,25.0,MEDIUM,78.904,5.0,0.165,75.604,1.22400000000016,0.8939393939393939,27.9,21.7,-0.21699999999999875
Spain,2023,ZHO,59.0,3.0,23.0,HARD,78.973,5.0,0.165,75.673,1.5190000000002328,0.8939393939393939,27.9,21.7,-0.07489999999999952
Spain,2023,GAS,59.0,3.0,20.0,HARD,78.994,5.0,0.165,75.694,1.7190000000009604,0.8939393939393939,27.9,21.7,0.2669999999999959
Spain,2023,LEC,59.0,3.0,43.0,HARD,78.84,5.0,0.165,75.54,1.8209999999999127,0.8939393939393939,27.9,21.7,0.22159999999999513
Spain,2023,PIA,59.0,3.0,20.0,MEDIUM,79.096,5.0,0.165,75.796,6.3840000000000146,0.8939393939393939,27.9,21.7,0.23799999999999955
Spain,2023,DEV,59.0,3.0,21.0,MEDIUM,79.014,5.0,0.165,75.714,0.9319999999988795,0.8939393939393939,27.9,21.7,0.0625
Spain,2023,VER,60.0,3.0,10.0,SOFT,78.205,5.0,0.165,74.905,15.0,0.9090909090909091,27.9,21.7,0.997399999999999
Spain,2023,HUL,59.0,4.0,16.0,MEDIUM,78.985,5.0,0.165,75.685,13.251000000000204,0.8939393939393939,27.9,21.7,0.09339999999998838
Spain,2023,ALB,59.0,3.0,22.0,MEDIUM,79.133,5.0,0.165,75.833,8.381000000001222,0.8939393939393939,27.9,21.7,-0.12220000000000653
Spain,2023,HAM,60.0,3.0,13.0,SOFT,78.475,5.0,0.165,75.175,15.0,0.9090909090909091,27.9,21.7,0.7891999999999939
Spain,2023,MAG,59.0,4.0,17.0,MEDIUM,81.015,5.0,0.165,77.715,3.2149999999983265,0.8939393939393939,27.9,21.7,2.1252999999999957
Spain,2023,NOR,59.0,4.0,12.0,SOFT,80.534,5.0,0.165,77.23400000000001,0.25500000000101863,0.8939393939393939,27.9,21.7,3.051400000000001
Spain,2023,RUS,60.0,3.0,18.0,SOFT,78.067,5.0,0.165,74.767,7.468999999999141,0.9090909090909091,27.9,21.7,-0.06980000000000075
Spain,2023,PER,60.0,3.0,10.0,SOFT,78.415,5.0,0.165,75.11500000000001,5.673000000000684,0.9090909090909091,27.7,21.6,1.1658000000000044
Spain,2023,SAR,59.0,3.0,23.0,HARD,81.829,5.0,0.165,78.529,13.780000000000655,0.8939393939393939,27.7,21.6,2.1973999999999876
Spain,2023,BOT,59.0,3.0,20.0,HARD,79.359,5.0,0.165,76.059,0.8959999999988213,0.8939393939393939,27.7,21.6,0.09139999999999304
Spain,2023,SAI,60.0,3.0,19.0,HARD,78.403,5.0,0.165,75.10300000000001,7.40099999999984,0.9090909090909091,27.7,21.6,-0.11149999999999238
Spain,2023,STR,60.0,3.0,26.0,HARD,78.967,5.0,0.165,75.667,14.439000000000306,0.9090909090909091,27.7,21.6,-0.021000000000000796
Spain,2023,ALO,60.0,3.0,16.0,HARD,79.111,5.0,0.165,75.811,1.1779999999998836,0.9090909090909091,27.7,21.6,0.7900000000000063
Spain,2023,OCO,60.0,3.0,25.0,HARD,78.97,5.0,0.165,75.67,5.007999999999811,0.9090909090909091,27.7,21.6,-0.05129999999999768
Spain,2023,TSU,60.0,3.0,26.0,MEDIUM,78.979,5.0,0.165,75.679,1.2330000000001746,0.9090909090909091,27.7,21.6,-0.1419999999999959
Spain,2023,ZHO,60.0,3.0,24.0,HARD,79.07,5.0,0.165,75.77,1.609999999998763,0.9090909090909091,27.7,21.6,0.02209999999999468
Spain,2023,GAS,60.0,3.0,21.0,HARD,78.965,5.0,0.165,75.665,1.614000000001397,0.9090909090909091,27.7,21.6,0.23799999999999955
Spain,2023,LEC,60.0,3.0,44.0,HARD,78.619,5.0,0.165,75.319,1.4749999999985448,0.9090909090909091,27.7,21.6,0.0005999999999914962
Spain,2023,PIA,60.0,3.0,21.0,MEDIUM,78.831,5.0,0.165,75.531,6.596000000001368,0.9090909090909091,27.7,21.6,-0.027000000000001023
Spain,2023,DEV,60.0,3.0,22.0,MEDIUM,79.399,5.0,0.165,76.099,1.5,0.9090909090909091,27.7,21.6,0.4475000000000051
Spain,2023,VER,61.0,3.0,11.0,SOFT,76.33,5.0,0.165,73.03,15.0,0.9242424242424242,27.7,21.6,-0.877600000000001
Spain,2023,HUL,60.0,4.0,17.0,MEDIUM,78.997,5.0,0.165,75.697,12.84900000000016,0.9090909090909091,27.7,21.6,0.10539999999998884
Spain,2023,ALB,60.0,3.0,23.0,MEDIUM,79.26,5.0,0.165,75.96000000000001,8.643999999998414,0.9090909090909091,27.3,21.6,0.004800000000003024
Spain,2023,HAM,61.0,3.0,14.0,SOFT,77.627,5.0,0.165,74.327,15.0,0.9242424242424242,27.3,21.6,-0.05880000000000507
Spain,2023,MAG,60.0,4.0,18.0,MEDIUM,80.31,5.0,0.165,77.01,4.265000000001237,0.9090909090909091,27.3,21.6,1.4202999999999975
Spain,2023,NOR,60.0,4.0,13.0,SOFT,80.532,5.0,0.165,77.232,0.47699999999895226,0.9090909090909091,27.3,21.6,3.0493999999999915
Spain,2023,RUS,61.0,3.0,19.0,SOFT,78.201,5.0,0.165,74.901,8.043000000001484,0.9242424242424242,27.3,21.6,0.06419999999999959
Spain,2023,PER,61.0,3.0,11.0,SOFT,77.789,5.0,0.165,74.489,5.260999999998603,0.9242424242424242,27.3,21.6,0.5397999999999996
Spain,2023,SAR,60.0,3.0,24.0,HARD,80.119,5.0,0.165,76.819,13.36700000000019,0.9090909090909091,27.3,21.6,0.48739999999999384
Spain,2023,BOT,60.0,3.0,21.0,HARD,79.704,5.0,0.165,76.404,0.48099999999976717,0.9090909090909091,27.3,21.6,0.4363999999999919
Spain,2023,SAI,61.0,3.0,20.0,HARD,78.714,5.0,0.165,75.414,8.326000000000931,0.9242424242424242,27.3,21.6,0.19950000000000045
Spain,2023,STR,61.0,3.0,27.0,HARD,78.988,5.0,0.165,75.688,14.712999999999738,0.9242424242424242,27.3,21.6,0.0
Spain,2023,ALO,61.0,3.0,17.0,HARD,79.624,5.0,0.165,76.324,1.8140000000003056,0.9242424242424242,27.3,21.6,1.3029999999999973
Spain,2023,OCO,61.0,3.0,26.0,HARD,79.175,5.0,0.165,75.875,4.558999999999287,0.9242424242424242,27.3,21.6,0.15370000000000061
Spain,2023,TSU,61.0,3.0,27.0,MEDIUM,79.241,5.0,0.165,75.941,1.2990000000008877,0.9242424242424242,27.3,21.6,0.12000000000000455
Spain,2023,ZHO,61.0,3.0,25.0,HARD,78.954,5.0,0.165,75.654,1.3230000000003201,0.9242424242424242,27.3,21.6,-0.09390000000000498
Spain,2023,GAS,61.0,3.0,22.0,HARD,79.052,5.0,0.165,75.75200000000001,1.7119999999995343,0.9242424242424242,27.3,21.6,0.32500000000000284
Spain,2023,LEC,61.0,3.0,45.0,HARD,78.682,5.0,0.165,75.382,1.1049999999995634,0.9242424242424242,27.3,21.6,0.06359999999999388
Spain,2023,PIA,61.0,3.0,22.0,MEDIUM,79.078,5.0,0.165,75.778,6.992000000000189,0.9242424242424242,27.3,21.5,0.21999999999999886
Spain,2023,DEV,61.0,3.0,23.0,MEDIUM,79.372,5.0,0.165,76.072,1.793999999999869,0.9242424242424242,27.3,21.5,0.4205000000000041
Spain,2023,VER,62.0,3.0,12.0,SOFT,78.014,5.0,0.165,74.714,15.0,0.9393939393939394,27.3,21.5,0.8063999999999965
Spain,2023,HUL,61.0,4.0,18.0,MEDIUM,78.949,5.0,0.165,75.649,12.425999999999476,0.9242424242424242,27.3,21.5,0.05739999999998702
Spain,2023,ALB,61.0,3.0,24.0,MEDIUM,80.461,5.0,0.165,77.161,10.156000000000859,0.9242424242424242,27.3,21.5,1.2057999999999964
Spain,2023,MAG,61.0,4.0,19.0,MEDIUM,79.492,5.0,0.165,76.19200000000001,3.2960000000002765,0.9242424242424242,27.3,21.5,0.6022999999999996
Spain,2023,NOR,61.0,4.0,14.0,SOFT,79.503,5.0,0.165,76.203,0.48799999999937427,0.9242424242424242,27.3,21.5,2.020399999999995
Spain,2023,RUS,62.0,3.0,20.0,SOFT,78.152,5.0,0.165,74.852,9.519000000000233,0.9393939393939394,27.3,21.5,0.015200000000007208
Spain,2023,PER,62.0,3.0,12.0,SOFT,77.793,5.0,0.165,74.49300000000001,4.902000000000044,0.9393939393939394,27.3,21.5,0.5438000000000045
Spain,2023,BOT,61.0,3.0,22.0,HARD,78.959,5.0,0.165,75.659,13.304000000000087,0.9242424242424242,27.3,21.5,-0.30859999999999843
Spain,2023,SAR,61.0,3.0,25.0,HARD,81.28,5.0,0.165,77.98,1.8400000000001455,0.9242424242424242,27.3,21.5,1.6483999999999952
Spain,2023,SAI,62.0,3.0,21.0,HARD,78.712,5.0,0.165,75.412,9.244999999998981,0.9393939393939394,27.3,21.5,0.19750000000000512
Spain,2023,STR,62.0,3.0,28.0,HARD,79.081,5.0,0.165,75.781,15.0,0.9393939393939394,27.2,21.5,0.09300000000000352
Spain,2023,ALO,62.0,3.0,18.0,HARD,79.445,5.0,0.165,76.145,2.1779999999998836,0.9393939393939394,27.2,21.5,1.1239999999999952
Spain,2023,OCO,62.0,3.0,27.0,HARD,79.057,5.0,0.165,75.757,4.1710000000002765,0.9393939393939394,27.2,21.5,0.035700000000005616
Spain,2023,TSU,62.0,3.0,28.0,MEDIUM,79.206,5.0,0.165,75.906,1.4480000000003201,0.9393939393939394,27.2,21.5,0.08500000000000796
Spain,2023,ZHO,62.0,3.0,26.0,HARD,79.369,5.0,0.165,76.069,1.4859999999989668,0.9393939393939394,27.2,21.5,0.3211000000000013
Spain,2023,GAS,62.0,3.0,23.0,HARD,79.178,5.0,0.165,75.878,1.5210000000006403,0.9393939393939394,27.2,21.5,0.4509999999999934
Spain,2023,LEC,62.0,3.0,46.0,HARD,79.035,5.0,0.165,75.735,0.9619999999995343,0.9393939393939394,27.2,21.5,0.4165999999999883
Spain,2023,PIA,62.0,3.0,23.0,MEDIUM,79.2,5.0,0.165,75.9,7.157000000001062,0.9393939393939394,27.2,21.5,0.34199999999999875
Spain,2023,VER,63.0,3.0,13.0,SOFT,77.697,5.0,0.165,74.397,15.0,0.9545454545454546,27.2,21.5,0.4894000000000034
Spain,2023,DEV,62.0,3.0,24.0,MEDIUM,80.567,5.0,0.165,77.267,3.161000000000058,0.9393939393939394,27.2,21.5,1.6154999999999973
Spain,2023,HUL,62.0,4.0,19.0,MEDIUM,79.232,5.0,0.165,75.932,11.09099999999853,0.9393939393939394,27.2,21.5,0.34039999999998827
Spain,2023,HAM,63.0,3.0,16.0,SOFT,78.967,5.0,0.165,75.667,15.0,0.9545454545454546,27.2,21.5,1.2811999999999983
Spain,2023,ALB,62.0,3.0,25.0,MEDIUM,79.647,5.0,0.165,76.34700000000001,10.570999999999913,0.9393939393939394,27.2,21.5,0.3918000000000035
Spain,2023,MAG,62.0,4.0,20.0,MEDIUM,79.407,5.0,0.165,76.107,3.0560000000004948,0.9393939393939394,27.2,21.5,0.5172999999999917
Spain,2023,NOR,62.0,4.0,15.0,SOFT,79.43,5.0,0.165,76.13000000000001,0.511000000000422,0.9393939393939394,27.2,21.5,1.9474000000000018
Spain,2023,RUS,63.0,3.0,21.0,SOFT,78.631,5.0,0.165,75.331,9.183000000000902,0.9545454545454546,27.2,21.5,0.4942000000000064
Spain,2023,PER,63.0,3.0,13.0,SOFT,77.828,5.0,0.165,74.528,4.09900000000016,0.9545454545454546,27.2,21.5,0.5788000000000011
Spain,2023,BOT,62.0,3.0,23.0,HARD,79.72,5.0,0.165,76.42,13.593999999999141,0.9393939393939394,26.8,21.5,0.45239999999999725
Spain,2023,SAI,63.0,3.0,22.0,HARD,78.999,5.0,0.165,75.699,10.415999999999258,0.9545454545454546,26.8,21.5,0.48449999999999704
Spain,2023,SAR,62.0,3.0,26.0,HARD,82.134,5.0,0.165,78.834,4.254000000000815,0.9393939393939394,26.8,21.5,2.5023999999999944
Spain,2023,STR,63.0,3.0,29.0,HARD,79.084,5.0,0.165,75.784,15.0,0.9545454545454546,26.8,21.5,0.09600000000000364
Spain,2023,ALO,63.0,3.0,19.0,HARD,78.532,5.0,0.165,75.232,1.6259999999983847,0.9545454545454546,26.8,21.5,0.21099999999999852
Spain,2023,OCO,63.0,3.0,28.0,HARD,79.174,5.0,0.165,75.87400000000001,4.813000000000102,0.9545454545454546,26.8,21.5,0.15270000000001005
Spain,2023,TSU,63.0,3.0,29.0,MEDIUM,79.121,5.0,0.165,75.821,1.3950000000004366,0.9545454545454546,26.8,21.5,0.0
Spain,2023,ZHO,63.0,3.0,27.0,HARD,79.231,5.0,0.165,75.931,1.595999999999549,0.9545454545454546,26.8,21.5,0.18309999999999604
Spain,2023,GAS,63.0,3.0,24.0,HARD,79.232,5.0,0.165,75.932,1.522000000000844,0.9545454545454546,26.8,21.5,0.5049999999999955
Spain,2023,LEC,63.0,3.0,47.0,HARD,79.096,5.0,0.165,75.796,0.8259999999991123,0.9545454545454546,26.8,21.5,0.47759999999999536
Spain,2023,VER,64.0,3.0,14.0,SOFT,78.559,5.0,0.165,75.259,15.0,0.9696969696969697,26.8,21.5,1.3513999999999982
Spain,2023,PIA,63.0,3.0,24.0,MEDIUM,80.997,5.0,0.165,77.697,9.058000000000902,0.9545454545454546,26.8,21.5,2.138999999999996
Spain,2023,DEV,63.0,3.0,25.0,MEDIUM,79.184,5.0,0.165,75.884,1.3479999999999563,0.9545454545454546,26.8,21.5,0.2325000000000017
Spain,2023,HUL,63.0,4.0,20.0,MEDIUM,79.524,5.0,0.165,76.224,11.431000000000495,0.9545454545454546,26.8,21.5,0.6323999999999899
Spain,2023,HAM,64.0,3.0,17.0,SOFT,78.579,5.0,0.165,75.279,15.0,0.9696969696969697,27.1,21.5,0.8931999999999931
Spain,2023,ALB,63.0,3.0,26.0,MEDIUM,79.374,5.0,0.165,76.074,10.420999999998457,0.9545454545454546,27.1,21.5,0.11879999999999313
Spain,2023,MAG,63.0,4.0,21.0,MEDIUM,79.496,5.0,0.165,76.196,3.1780000000017026,0.9545454545454546,27.1,21.5,0.6062999999999903
Spain,2023,NOR,63.0,4.0,16.0,SOFT,79.36,5.0,0.165,76.06,0.375,0.9545454545454546,27.1,21.5,1.8773999999999944
Spain,2023,RUS,64.0,3.0,22.0,SOFT,78.917,5.0,0.165,75.617,9.520999999998821,0.9696969696969697,27.1,21.5,0.7802000000000078
Spain,2023,PER,64.0,3.0,14.0,SOFT,77.91,5.0,0.165,74.61,3.092000000000553,0.9696969696969697,27.1,21.5,0.6607999999999947
Spain,2023,BOT,63.0,3.0,24.0,HARD,79.774,5.0,0.165,76.474,14.00799999999981,0.9545454545454546,27.1,21.5,0.5063999999999993
Spain,2023,SAI,64.0,3.0,23.0,HARD,78.687,5.0,0.165,75.387,11.192999999999302,0.9696969696969697,27.1,21.5,0.17249999999999943
Spain,2023,SAR,63.0,3.0,27.0,HARD,80.42,5.0,0.165,77.12,4.899999999999636,0.9545454545454546,27.1,21.5,0.7883999999999958
Spain,2023,STR,64.0,3.0,30.0,HARD,79.413,5.0,0.165,76.113,15.0,0.9696969696969697,27.1,21.5,0.42499999999999716
Spain,2023,ALO,64.0,3.0,20.0,HARD,79.229,5.0,0.165,75.929,1.4420000000009168,0.9696969696969697,27.1,21.5,0.9080000000000013
Spain,2023,OCO,64.0,3.0,29.0,HARD,79.228,5.0,0.165,75.928,4.811999999999898,0.9696969696969697,27.1,21.5,0.20669999999999789
Spain,2023,TSU,64.0,3.0,30.0,MEDIUM,79.182,5.0,0.165,75.882,1.34900000000016,0.9696969696969697,27.1,21.5,0.06100000000000705
Spain,2023,ZHO,64.0,3.0,28.0,HARD,79.257,5.0,0.165,75.95700000000001,1.6710000000002765,0.9696969696969697,27.1,21.5,0.2091000000000065
Spain,2023,GAS,64.0,3.0,25.0,HARD,79.524,5.0,0.165,76.224,1.7889999999988504,0.9696969696969697,27.1,21.5,0.796999999999997
Spain,2023,LEC,64.0,3.0,48.0,HARD,79.502,5.0,0.165,76.202,0.8040000000000873,0.9696969696969697,27.1,21.5,0.8835999999999871
Spain,2023,VER,65.0,3.0,15.0,SOFT,77.611,5.0,0.165,74.311,15.0,0.9848484848484849,27.1,21.5,0.40340000000000487
Spain,2023,PIA,64.0,3.0,25.0,MEDIUM,79.393,5.0,0.165,76.093,8.949000000000524,0.9696969696969697,27.4,21.5,0.5349999999999966
Spain,2023,DEV,64.0,3.0,26.0,MEDIUM,79.166,5.0,0.165,75.866,1.120999999999185,0.9696969696969697,27.4,21.5,0.21450000000000102
Spain,2023,HUL,64.0,4.0,21.0,MEDIUM,79.32,5.0,0.165,76.02,11.585000000000946,0.9696969696969697,27.4,21.5,0.42839999999998213
Spain,2023,HAM,65.0,3.0,18.0,SOFT,80.31,5.0,0.165,77.01,15.0,0.9848484848484849,27.4,21.5,2.624200000000002
Spain,2023,ALB,64.0,3.0,27.0,MEDIUM,79.307,5.0,0.165,76.007,10.407999999999447,0.9696969696969697,27.4,21.5,0.05180000000000007
Spain,2023,NOR,64.0,4.0,17.0,SOFT,79.022,5.0,0.165,75.72200000000001,3.268000000000029,0.9696969696969697,27.4,21.5,1.5394000000000005
Spain,2023,RUS,65.0,3.0,23.0,SOFT,79.163,5.0,0.165,75.863,8.373999999999796,0.9848484848484849,27.4,21.5,1.0262000000000029
Spain,2023,MAG,64.0,4.0,22.0,MEDIUM,82.711,5.0,0.165,79.411,3.3140000000003056,0.9696969696969697,27.4,21.5,3.8212999999999937
Spain,2023,PER,65.0,3.0,15.0,SOFT,78.476,5.0,0.165,75.176,2.405000000000655,0.9848484848484849,27.4,21.5,1.2267999999999972
Spain,2023,SAI,65.0,3.0,24.0,HARD,78.785,5.0,0.165,75.485,11.501999999998588,0.9848484848484849,27.4,21.5,0.2704999999999984
Spain,2023,BOT,64.0,3.0,25.0,HARD,82.619,5.0,0.165,79.319,14.290999999999258,0.9696969696969697,27.4,21.5,3.351399999999998
Spain,2023,SAR,64.0,3.0,28.0,HARD,79.98,5.0,0.165,76.68,2.261000000000422,0.9696969696969697,27.4,21.5,0.34839999999999804
Spain,2023,STR,65.0,3.0,31.0,HARD,79.195,5.0,0.165,75.895,15.0,0.9848484848484849,27.4,21.5,0.20699999999999363
Spain,2023,ALO,65.0,3.0,21.0,HARD,78.845,5.0,0.165,75.545,1.092000000000553,0.9848484848484849,27.5,21.5,0.5240000000000009
Spain,2023,OCO,65.0,3.0,30.0,HARD,79.174,5.0,0.165,75.87400000000001,5.140999999999622,0.9848484848484849,27.5,21.5,0.15270000000001005
Spain,2023,TSU,65.0,3.0,31.0,MEDIUM,79.287,5.0,0.165,75.98700000000001,1.4620000000013533,0.9848484848484849,27.5,21.5,0.16600000000001103
Spain,2023,ZHO,65.0,3.0,29.0,HARD,79.137,5.0,0.165,75.837,1.5209999999988213,0.9848484848484849,27.5,21.5,0.08910000000000196
Spain,2023,GAS,65.0,3.0,26.0,HARD,78.99,5.0,0.165,75.69,1.6419999999998254,0.9848484848484849,27.5,21.5,0.262999999999991
Spain,2023,LEC,65.0,3.0,49.0,HARD,78.922,5.0,0.165,75.622,0.7360000000007858,0.9848484848484849,27.5,21.5,0.30359999999998877
Spain,2023,VER,66.0,3.0,16.0,SOFT,77.708,5.0,0.165,74.408,15.0,1.0,27.5,21.5,0.5003999999999991
Spain,2023,PIA,65.0,3.0,26.0,MEDIUM,79.1,5.0,0.165,75.8,9.127000000000407,0.9848484848484849,27.5,21.5,0.24199999999999022
Spain,2023,DEV,65.0,3.0,27.0,MEDIUM,79.031,5.0,0.165,75.73100000000001,1.0519999999996799,0.9848484848484849,27.5,21.5,0.07950000000001012
Spain,2023,HUL,65.0,4.0,22.0,MEDIUM,79.416,5.0,0.165,76.116,11.969999999999345,0.9848484848484849,27.5,21.5,0.5243999999999858
Spain,2023,HAM,66.0,3.0,19.0,SOFT,79.12,5.0,0.165,75.82000000000001,15.0,1.0,27.5,21.5,1.4342000000000041
Spain,2023,ALB,65.0,3.0,28.0,MEDIUM,79.419,5.0,0.165,76.119,10.411000000000058,0.9848484848484849,27.5,21.5,0.16379999999999484
Spain,2023,NOR,65.0,4.0,18.0,SOFT,78.833,5.0,0.165,75.533,2.6820000000006985,0.9848484848484849,27.5,21.5,1.3503999999999934
Spain,2023,RUS,66.0,3.0,24.0,SOFT,79.045,5.0,0.165,75.745,8.299000000000888,1.0,27.5,21.5,0.9082000000000079
Spain,2023,PER,66.0,3.0,16.0,SOFT,80.063,5.0,0.165,76.763,3.423000000000684,1.0,27.5,21.5,2.8138000000000005
Spain,2023,MAG,65.0,4.0,23.0,MEDIUM,83.209,5.0,0.165,79.909,7.68999999999869,0.9848484848484849,27.5,21.5,4.319299999999998
Spain,2023,SAI,66.0,3.0,25.0,HARD,78.447,5.0,0.165,75.147,9.885999999998603,1.0,27.5,21.5,-0.06749999999999545
Spain,2023,BOT,65.0,3.0,26.0,HARD,80.781,5.0,0.165,77.48100000000001,11.863000000001193,0.9848484848484849,27.5,21.5,1.5134000000000043
Spain,2023,SAR,65.0,3.0,29.0,HARD,80.254,5.0,0.165,76.95400000000001,1.7340000000003783,0.9848484848484849,27.5,21.5,0.622399999999999
Spain,2023,STR,66.0,3.0,32.0,HARD,79.766,5.0,0.165,76.46600000000001,15.0,1.0,27.5,21.5,0.7780000000000058
Spain,2023,ALO,66.0,3.0,22.0,HARD,79.481,5.0,0.165,76.181,0.8069999999988795,1.0,27.5,21.5,1.1599999999999966
Spain,2023,OCO,66.0,3.0,31.0,HARD,79.455,5.0,0.165,76.155,5.114999999999782,1.0,27.5,21.5,0.43370000000000175
Spain,2023,TSU,66.0,3.0,32.0,MEDIUM,79.167,5.0,0.165,75.867,1.1740000000008877,1.0,27.5,21.5,0.04600000000000648
Spain,2023,ZHO,66.0,3.0,30.0,HARD,79.108,5.0,0.165,75.808,1.4619999999995343,1.0,27.5,21.5,0.06010000000000559
Spain,2023,GAS,66.0,3.0,27.0,HARD,79.118,5.0,0.165,75.818,1.6520000000000437,1.0,27.5,21.5,0.39099999999999113
Spain,2023,LEC,66.0,3.0,50.0,HARD,79.271,5.0,0.165,75.971,0.8890000000010332,1.0,27.5,21.5,0.6525999999999925
Austria,2023,VER,4.0,2.0,4.0,MEDIUM,69.691,97.8,3.2274000000000003,69.4534,15.0,0.056338028169014086,34.3,22.7,1.3973000000000013
Austria,2023,LEC,4.0,2.0,4.0,MEDIUM,70.392,97.8,3.2274000000000003,70.1544,1.2750000000005457,0.056338028169014086,34.3,22.7,0.7995999999999981
Austria,2023,SAI,4.0,2.0,4.0,MEDIUM,70.439,97.8,3.2274000000000003,70.20139999999999,0.5909999999994398,0.056338028169014086,34.3,22.7,0.7244000000000028
Austria,2023,HAM,4.0,2.0,4.0,MEDIUM,70.981,97.8,3.2274000000000003,70.7434,1.0330000000003565,0.056338028169014086,34.3,22.7,1.671999999999997
Austria,2023,NOR,4.0,2.0,4.0,MEDIUM,71.429,97.8,3.2274000000000003,71.1914,0.7219999999997526,0.056338028169014086,34.3,22.7,0.8186000000000035
Austria,2023,ALO,4.0,2.0,4.0,HARD,71.892,97.8,3.2274000000000003,71.6544,0.8980000000001382,0.056338028169014086,34.3,22.7,1.0180000000000007
Austria,2023,HUL,4.0,2.0,7.0,MEDIUM,72.061,97.8,3.2274000000000003,71.8234,0.5940000000000509,0.056338028169014086,34.3,22.7,0.940400000000011
Austria,2023,STR,4.0,2.0,4.0,MEDIUM,72.083,97.8,3.2274000000000003,71.8454,0.3530000000000655,0.056338028169014086,34.3,22.7,3.435600000000008
Austria,2023,GAS,4.0,2.0,4.0,MEDIUM,72.253,97.8,3.2274000000000003,72.0154,0.4290000000000873,0.056338028169014086,34.3,22.7,2.9928000000000026
Austria,2023,ALB,4.0,2.0,4.0,MEDIUM,72.291,97.8,3.2274000000000003,72.0534,0.2680000000000291,0.056338028169014086,34.3,22.7,1.029999999999987
Austria,2023,RUS,4.0,2.0,4.0,MEDIUM,72.3,97.8,3.2274000000000003,72.0624,0.5189999999993233,0.056338028169014086,34.3,22.7,2.77409999999999
Austria,2023,OCO,4.0,2.0,4.0,MEDIUM,72.399,97.8,3.2274000000000003,72.1614,0.4970000000002983,0.056338028169014086,34.3,22.7,1.0267999999999944
Austria,2023,PER,4.0,2.0,4.0,MEDIUM,72.376,97.8,3.2274000000000003,72.1384,0.4149999999999636,0.056338028169014086,34.3,22.7,3.0826000000000136
Austria,2023,ZHO,4.0,2.0,4.0,MEDIUM,72.413,97.8,3.2274000000000003,72.1754,0.41200000000026193,0.056338028169014086,34.3,22.7,1.1337999999999937
Austria,2023,PIA,4.0,2.0,4.0,MEDIUM,72.376,97.8,3.2274000000000003,72.1384,0.4669999999996435,0.056338028169014086,34.3,22.7,2.3752000000000066
Austria,2023,SAR,4.0,2.0,4.0,MEDIUM,72.47,97.8,3.2274000000000003,72.2324,0.4110000000000582,0.056338028169014086,34.3,22.7,0.9758000000000067
Austria,2023,TSU,4.0,3.0,3.0,HARD,72.184,97.8,3.2274000000000003,71.9464,0.8350000000000364,0.056338028169014086,34.3,22.7,1.7957999999999998
Austria,2023,BOT,4.0,2.0,4.0,HARD,73.266,97.8,3.2274000000000003,73.0284,0.2970000000004802,0.056338028169014086,34.3,22.7,3.1865999999999985
Austria,2023,DEV,4.0,2.0,4.0,MEDIUM,73.236,97.8,3.2274000000000003,72.9984,0.48099999999976717,0.056338028169014086,34.3,22.7,3.1807999999999907
Austria,2023,MAG,4.0,3.0,2.0,HARD,73.795,97.8,3.2274000000000003,73.5574,0.9030000000002474,0.056338028169014086,34.3,22.7,3.3349999999999937
Austria,2023,VER,5.0,2.0,5.0,MEDIUM,70.026,96.0,3.168,69.729,15.0,0.07042253521126761,34.3,22.8,1.732299999999995
Austria,2023,LEC,5.0,2.0,5.0,MEDIUM,70.416,96.0,3.168,70.119,1.6649999999999636,0.07042253521126761,34.3,22.8,0.823599999999999
Austria,2023,SAI,5.0,2.0,5.0,MEDIUM,70.409,96.0,3.168,70.11200000000001,0.5840000000007421,0.07042253521126761,34.3,22.8,0.6944000000000159
Austria,2023,HAM,5.0,2.0,5.0,MEDIUM,70.706,96.0,3.168,70.409,1.3299999999999272,0.07042253521126761,34.3,22.8,1.3970000000000056
Austria,2023,NOR,5.0,2.0,5.0,MEDIUM,70.913,96.0,3.168,70.616,0.9290000000000873,0.07042253521126761,34.3,22.8,0.3025999999999982
Austria,2023,ALO,5.0,2.0,5.0,HARD,71.059,96.0,3.168,70.762,1.043999999999869,0.07042253521126761,34.3,22.8,0.18500000000000227
Austria,2023,HUL,5.0,2.0,8.0,MEDIUM,71.616,96.0,3.168,71.319,1.15099999999984,0.07042253521126761,34.3,22.8,0.4954000000000036
Austria,2023,STR,5.0,2.0,5.0,MEDIUM,71.685,96.0,3.168,71.388,0.4219999999995707,0.07042253521126761,34.3,22.8,3.037600000000012
Austria,2023,GAS,5.0,2.0,5.0,MEDIUM,71.836,96.0,3.168,71.539,0.5799999999999272,0.07042253521126761,34.3,22.8,2.575800000000001
Austria,2023,ALB,5.0,2.0,5.0,MEDIUM,72.147,96.0,3.168,71.85000000000001,0.579000000000633,0.07042253521126761,34.3,22.8,0.8859999999999957
Austria,2023,RUS,5.0,2.0,5.0,MEDIUM,72.099,96.0,3.168,71.802,0.4709999999995489,0.07042253521126761,34.3,22.8,2.5730999999999966
Austria,2023,PER,5.0,2.0,5.0,MEDIUM,71.557,96.0,3.168,71.26,0.36999999999989086,0.07042253521126761,34.3,22.8,2.263600000000011
Austria,2023,OCO,5.0,2.0,5.0,MEDIUM,72.637,96.0,3.168,72.34,0.6649999999999636,0.07042253521126761,34.3,22.8,1.264799999999994
Austria,2023,ZHO,5.0,2.0,5.0,MEDIUM,72.247,96.0,3.168,71.95,0.43699999999989814,0.07042253521126761,34.3,22.8,0.9677999999999969
Austria,2023,PIA,5.0,2.0,5.0,MEDIUM,72.609,96.0,3.168,72.312,0.829000000000633,0.07042253521126761,34.3,22.8,2.6081999999999965
Austria,2023,SAR,5.0,2.0,5.0,MEDIUM,72.73,96.0,3.168,72.433,0.5320000000001528,0.07042253521126761,34.3,22.8,1.2358000000000118
Austria,2023,TSU,5.0,3.0,4.0,HARD,72.518,96.0,3.168,72.221,0.6229999999995925,0.07042253521126761,34.3,22.8,2.129800000000003
Austria,2023,BOT,5.0,2.0,5.0,HARD,72.673,96.0,3.168,72.376,0.45200000000022555,0.07042253521126761,34.3,22.8,2.593599999999995
Austria,2023,DEV,5.0,2.0,5.0,MEDIUM,72.701,96.0,3.168,72.404,0.5090000000000146,0.07042253521126761,34.3,22.8,2.64579999999998
Austria,2023,MAG,5.0,3.0,3.0,HARD,72.397,96.0,3.168,72.10000000000001,0.5990000000001601,0.07042253521126761,34.3,22.8,1.9369999999999976
Austria,2023,VER,6.0,2.0,6.0,MEDIUM,70.156,94.2,3.1086,69.79960000000001,15.0,0.08450704225352113,33.8,22.9,1.8623000000000047
Austria,2023,LEC,6.0,2.0,6.0,MEDIUM,70.428,94.2,3.1086,70.0716,1.9369999999998981,0.08450704225352113,33.8,22.9,0.8355999999999995
Austria,2023,SAI,6.0,2.0,6.0,MEDIUM,70.399,94.2,3.1086,70.04260000000001,0.555000000000291,0.08450704225352113,33.8,22.9,0.6844000000000108
Austria,2023,HAM,6.0,2.0,6.0,MEDIUM,70.746,94.2,3.1086,70.3896,1.6770000000005894,0.08450704225352113,33.8,22.9,1.4369999999999976
Austria,2023,NOR,6.0,2.0,6.0,MEDIUM,70.668,94.2,3.1086,70.31160000000001,0.850999999999658,0.08450704225352113,33.6,23.0,0.05760000000000787
Austria,2023,ALO,6.0,2.0,6.0,HARD,71.376,94.2,3.1086,71.01960000000001,1.751999999999498,0.08450704225352113,33.6,23.0,0.5020000000000095
Austria,2023,HUL,6.0,2.0,9.0,MEDIUM,71.157,94.2,3.1086,70.8006,0.9320000000006985,0.08450704225352113,33.6,23.0,0.03640000000000043
Austria,2023,STR,6.0,2.0,6.0,MEDIUM,71.287,94.2,3.1086,70.93060000000001,0.5519999999996799,0.08450704225352113,33.6,23.0,2.6396000000000157
Austria,2023,GAS,6.0,2.0,6.0,MEDIUM,71.213,94.2,3.1086,70.8566,0.5060000000003129,0.08450704225352113,33.6,23.0,1.9527999999999963
Austria,2023,ALB,6.0,2.0,6.0,MEDIUM,71.308,94.2,3.1086,70.95160000000001,0.6739999999999782,0.08450704225352113,33.6,23.0,0.046999999999997044
Austria,2023,RUS,6.0,2.0,6.0,MEDIUM,71.383,94.2,3.1086,71.0266,0.545999999999367,0.08450704225352113,33.6,23.0,1.8570999999999884
Austria,2023,PER,6.0,2.0,6.0,MEDIUM,71.46,94.2,3.1086,71.1036,0.4470000000001164,0.08450704225352113,33.6,23.0,2.1666000000000025
Austria,2023,OCO,6.0,2.0,6.0,MEDIUM,71.47,94.2,3.1086,71.1136,0.6750000000001819,0.08450704225352113,33.6,23.0,0.09779999999999234
Austria,2023,ZHO,6.0,2.0,6.0,MEDIUM,71.555,94.2,3.1086,71.19860000000001,0.5219999999999345,0.08450704225352113,33.6,23.0,0.2758000000000038
Austria,2023,PIA,6.0,2.0,6.0,MEDIUM,71.566,94.2,3.1086,71.20960000000001,0.8400000000001455,0.08450704225352113,33.6,23.0,1.5652000000000044
Austria,2023,SAR,6.0,2.0,6.0,MEDIUM,71.886,94.2,3.1086,71.5296,0.8519999999998618,0.08450704225352113,33.6,23.0,0.3918000000000035
Austria,2023,TSU,6.0,3.0,5.0,HARD,71.94,94.2,3.1086,71.5836,0.6769999999996799,0.08450704225352113,33.6,23.0,1.5518
Austria,2023,BOT,6.0,2.0,6.0,HARD,72.064,94.2,3.1086,71.7076,0.5760000000000218,0.08450704225352113,33.6,23.0,1.9845999999999862
Austria,2023,DEV,6.0,2.0,6.0,MEDIUM,72.04,94.2,3.1086,71.68360000000001,0.4850000000005821,0.08450704225352113,33.6,23.0,1.9847999999999928
Austria,2023,MAG,6.0,3.0,4.0,HARD,72.064,94.2,3.1086,71.7076,0.6229999999995925,0.08450704225352113,33.6,23.0,1.603999999999985
Austria,2023,VER,7.0,2.0,7.0,MEDIUM,70.168,92.4,3.0492000000000004,69.7522,15.0,0.09859154929577464,33.4,23.0,1.8743000000000052
Austria,2023,LEC,7.0,2.0,7.0,MEDIUM,70.305,92.4,3.0492000000000004,69.8892,2.0739999999996144,0.09859154929577464,33.4,23.0,0.712600000000009
Austria,2023,SAI,7.0,2.0,7.0,MEDIUM,70.358,92.4,3.0492000000000004,69.9422,0.6080000000001746,0.09859154929577464,33.4,23.0,0.643400000000014
Austria,2023,HAM,7.0,2.0,7.0,MEDIUM,70.597,92.4,3.0492000000000004,70.18119999999999,1.9160000000001673,0.09859154929577464,33.4,23.0,1.2879999999999967
Austria,2023,NOR,7.0,2.0,7.0,MEDIUM,70.641,92.4,3.0492000000000004,70.2252,0.8949999999995271,0.09859154929577464,33.4,23.0,0.030600000000006844
Austria,2023,ALO,7.0,2.0,7.0,HARD,70.822,92.4,3.0492000000000004,70.4062,1.9329999999999927,0.09859154929577464,33.4,23.0,-0.0519999999999925
Austria,2023,HUL,7.0,2.0,10.0,MEDIUM,71.066,92.4,3.0492000000000004,70.6502,1.1760000000003856,0.09859154929577464,33.4,23.0,-0.05459999999999354
Austria,2023,STR,7.0,2.0,7.0,MEDIUM,70.99,92.4,3.0492000000000004,70.57419999999999,0.47599999999965803,0.09859154929577464,33.4,23.0,2.3426000000000045
Austria,2023,GAS,7.0,2.0,7.0,MEDIUM,71.092,92.4,3.0492000000000004,70.6762,0.6080000000001746,0.09859154929577464,33.4,23.0,1.8318000000000012
Austria,2023,ALB,7.0,2.0,7.0,MEDIUM,71.073,92.4,3.0492000000000004,70.65719999999999,0.6549999999997453,0.09859154929577464,33.4,23.0,-0.1880000000000166
Austria,2023,RUS,7.0,2.0,7.0,MEDIUM,71.204,92.4,3.0492000000000004,70.78819999999999,0.6770000000005894,0.09859154929577464,33.4,23.0,1.6780999999999864
Austria,2023,PER,7.0,2.0,7.0,MEDIUM,71.169,92.4,3.0492000000000004,70.75319999999999,0.41199999999935244,0.09859154929577464,33.4,23.0,1.8756000000000057
Austria,2023,OCO,7.0,2.0,7.0,MEDIUM,71.097,92.4,3.0492000000000004,70.68119999999999,0.6030000000000655,0.09859154929577464,33.4,23.0,-0.2752000000000123
Austria,2023,ZHO,7.0,2.0,7.0,MEDIUM,71.161,92.4,3.0492000000000004,70.7452,0.5860000000002401,0.09859154929577464,33.4,23.0,-0.11820000000000164
Austria,2023,PIA,7.0,2.0,7.0,MEDIUM,71.056,92.4,3.0492000000000004,70.6402,0.7349999999996726,0.09859154929577464,33.4,23.0,1.0551999999999992
Austria,2023,SAR,7.0,2.0,7.0,MEDIUM,71.211,92.4,3.0492000000000004,70.7952,1.0070000000005166,0.09859154929577464,33.4,23.0,-0.2831999999999937
Austria,2023,TSU,7.0,3.0,6.0,HARD,71.539,92.4,3.0492000000000004,71.1232,1.0050000000001091,0.09859154929577464,33.4,23.0,1.1508000000000038
Austria,2023,BOT,7.0,2.0,7.0,HARD,71.555,92.4,3.0492000000000004,71.1392,0.5919999999996435,0.09859154929577464,33.4,23.0,1.4756
Austria,2023,DEV,7.0,2.0,7.0,MEDIUM,71.596,92.4,3.0492000000000004,71.1802,0.5259999999998399,0.09859154929577464,33.4,23.0,1.5407999999999902
Austria,2023,MAG,7.0,3.0,5.0,HARD,71.698,92.4,3.0492000000000004,71.28219999999999,0.7250000000003638,0.09859154929577464,33.4,23.0,1.2379999999999853
Austria,2023,VER,8.0,2.0,8.0,MEDIUM,69.967,90.6,2.9898,69.4918,15.0,0.11267605633802817,33.6,23.2,1.6732999999999976
Austria,2023,LEC,8.0,2.0,8.0,MEDIUM,70.416,90.6,2.9898,69.9408,2.5230000000001382,0.11267605633802817,33.6,23.2,0.823599999999999
Austria,2023,SAI,8.0,2.0,8.0,MEDIUM,70.431,90.6,2.9898,69.9558,0.6229999999995925,0.11267605633802817,33.6,23.2,0.7164000000000073
Austria,2023,HAM,8.0,2.0,8.0,MEDIUM,70.579,90.6,2.9898,70.10379999999999,2.0640000000003056,0.11267605633802817,33.6,23.2,1.269999999999996
Austria,2023,NOR,8.0,2.0,8.0,MEDIUM,70.488,90.6,2.9898,70.0128,0.8040000000000873,0.11267605633802817,33.6,23.2,-0.12239999999999895
Austria,2023,ALO,8.0,2.0,8.0,HARD,71.228,90.6,2.9898,70.7528,2.6729999999997744,0.11267605633802817,33.6,23.2,0.3539999999999992
Austria,2023,STR,8.0,2.0,8.0,MEDIUM,70.878,90.6,2.9898,70.4028,1.3020000000005894,0.11267605633802817,33.6,23.2,2.2306000000000097
Austria,2023,HUL,8.0,2.0,11.0,MEDIUM,72.213,90.6,2.9898,71.7378,0.8589999999994689,0.11267605633802817,33.6,23.2,1.0923999999999978
Austria,2023,GAS,8.0,2.0,8.0,MEDIUM,71.638,90.6,2.9898,71.1628,0.5090000000000146,0.11267605633802817,33.6,23.2,2.3778000000000077
Austria,2023,ALB,8.0,2.0,8.0,MEDIUM,71.415,90.6,2.9898,70.9398,0.431999999999789,0.11267605633802817,33.6,23.2,0.15399999999999636
Austria,2023,RUS,8.0,2.0,8.0,MEDIUM,71.315,90.6,2.9898,70.8398,0.5770000000002256,0.11267605633802817,33.6,23.2,1.7890999999999906
Austria,2023,PER,8.0,2.0,8.0,MEDIUM,71.259,90.6,2.9898,70.7838,0.35599999999976717,0.11267605633802817,33.6,23.2,1.9656000000000091
Austria,2023,OCO,8.0,2.0,8.0,MEDIUM,71.441,90.6,2.9898,70.9658,0.785000000000764,0.11267605633802817,33.6,23.2,0.06879999999999598
Austria,2023,PIA,8.0,2.0,8.0,MEDIUM,71.471,90.6,2.9898,70.9958,1.350999999999658,0.11267605633802817,33.6,23.2,1.4702000000000055
Austria,2023,SAR,8.0,2.0,8.0,MEDIUM,71.667,90.6,2.9898,71.1918,1.2029999999995198,0.11267605633802817,33.6,23.2,0.1728000000000094
Austria,2023,TSU,8.0,3.0,7.0,HARD,71.534,90.6,2.9898,71.0588,0.8720000000002983,0.11267605633802817,33.6,23.2,1.1458000000000084
Austria,2023,BOT,8.0,2.0,8.0,HARD,71.81,90.6,2.9898,71.3348,0.8680000000003929,0.11267605633802817,33.6,23.2,1.7305999999999955
Austria,2023,DEV,8.0,2.0,8.0,MEDIUM,71.865,90.6,2.9898,71.3898,0.581000000000131,0.11267605633802817,33.6,23.2,1.8097999999999814
Austria,2023,MAG,8.0,3.0,6.0,HARD,71.766,90.6,2.9898,71.2908,0.6259999999992942,0.11267605633802817,33.6,23.2,1.3059999999999974
Austria,2023,VER,9.0,2.0,9.0,MEDIUM,69.989,88.8,2.9304,69.4544,15.0,0.1267605633802817,33.6,23.2,1.6953000000000031
Austria,2023,LEC,9.0,2.0,9.0,MEDIUM,70.307,88.8,2.9304,69.7724,2.8409999999994398,0.1267605633802817,33.6,23.2,0.7146000000000043
Austria,2023,SAI,9.0,2.0,9.0,MEDIUM,70.288,88.8,2.9304,69.7534,0.6040000000002692,0.1267605633802817,33.6,23.2,0.5734000000000066
Austria,2023,HAM,9.0,2.0,9.0,MEDIUM,70.598,88.8,2.9304,70.0634,2.3739999999997963,0.1267605633802817,33.6,23.2,1.2890000000000015
Austria,2023,NOR,9.0,2.0,9.0,MEDIUM,70.693,88.8,2.9304,70.1584,0.899000000000342,0.1267605633802817,33.6,23.2,0.08259999999999934
Austria,2023,ALO,9.0,2.0,9.0,HARD,70.887,88.8,2.9304,70.3524,2.867000000000189,0.1267605633802817,33.6,23.2,0.01300000000000523
Austria,2023,STR,9.0,2.0,9.0,MEDIUM,71.103,88.8,2.9304,70.5684,1.518000000000029,0.1267605633802817,33.6,23.2,2.455600000000004
Austria,2023,HUL,9.0,2.0,12.0,MEDIUM,71.248,88.8,2.9304,70.71340000000001,1.0039999999999054,0.1267605633802817,33.6,23.2,0.12740000000000862
Austria,2023,GAS,9.0,2.0,9.0,MEDIUM,71.29,88.8,2.9304,70.75540000000001,0.5509999999994761,0.1267605633802817,33.6,23.2,2.0298000000000087
Austria,2023,ALB,9.0,2.0,9.0,MEDIUM,71.599,88.8,2.9304,71.0644,0.7409999999999854,0.1267605633802817,33.6,23.2,0.33799999999999386
Austria,2023,RUS,9.0,2.0,9.0,MEDIUM,71.596,88.8,2.9304,71.0614,0.5740000000005239,0.1267605633802817,33.6,23.2,2.0700999999999965
Austria,2023,PER,9.0,2.0,9.0,MEDIUM,71.56,88.8,2.9304,71.0254,0.31999999999970896,0.1267605633802817,33.6,23.2,2.266600000000011
Austria,2023,OCO,9.0,2.0,9.0,MEDIUM,71.456,88.8,2.9304,70.9214,0.6809999999995853,0.1267605633802817,33.6,23.2,0.08379999999999654
Austria,2023,PIA,9.0,2.0,9.0,MEDIUM,71.286,88.8,2.9304,70.7514,1.1810000000004948,0.1267605633802817,33.6,23.2,1.2852000000000032
Austria,2023,SAR,9.0,2.0,9.0,MEDIUM,71.565,88.8,2.9304,71.0304,1.481999999999971,0.1267605633802817,33.6,23.2,0.07080000000000553
Austria,2023,TSU,9.0,3.0,8.0,HARD,71.725,88.8,2.9304,71.1904,1.0320000000001528,0.1267605633802817,33.6,23.2,1.3367999999999967
Austria,2023,BOT,9.0,2.0,9.0,HARD,71.556,88.8,2.9304,71.0214,0.6989999999996144,0.1267605633802817,33.6,23.2,1.4765999999999906
Austria,2023,DEV,9.0,2.0,9.0,MEDIUM,71.746,88.8,2.9304,71.2114,0.7709999999997308,0.1267605633802817,33.6,23.2,1.6907999999999817
Austria,2023,MAG,9.0,3.0,7.0,HARD,71.572,88.8,2.9304,71.0374,0.45200000000022555,0.1267605633802817,33.6,23.2,1.1119999999999948
Austria,2023,VER,10.0,2.0,10.0,MEDIUM,69.856,87.0,2.871,69.262,15.0,0.14084507042253522,34.0,23.2,1.5622999999999934
Austria,2023,LEC,10.0,2.0,10.0,MEDIUM,70.349,87.0,2.871,69.75500000000001,3.3339999999998327,0.14084507042253522,34.0,23.2,0.7566000000000059
Austria,2023,SAI,10.0,2.0,10.0,MEDIUM,70.57,87.0,2.871,69.976,0.8249999999998181,0.14084507042253522,34.0,23.2,0.855400000000003
Austria,2023,HAM,10.0,2.0,10.0,MEDIUM,70.901,87.0,2.871,70.307,2.7049999999999272,0.14084507042253522,34.0,23.2,1.5919999999999987
Austria,2023,NOR,10.0,2.0,10.0,MEDIUM,70.692,87.0,2.871,70.098,0.6900000000005093,0.14084507042253522,34.0,23.2,0.08159999999999457
Austria,2023,ALO,10.0,2.0,10.0,HARD,70.966,87.0,2.871,70.372,3.1409999999996217,0.14084507042253522,34.0,23.2,0.09199999999999875
Austria,2023,STR,10.0,2.0,10.0,MEDIUM,71.037,87.0,2.871,70.44300000000001,1.5889999999999418,0.14084507042253522,34.0,23.2,2.3896000000000157
Austria,2023,HUL,10.0,2.0,13.0,MEDIUM,71.254,87.0,2.871,70.66000000000001,1.2210000000004584,0.14084507042253522,34.0,23.2,0.13340000000000884
Austria,2023,GAS,10.0,2.0,10.0,MEDIUM,71.155,87.0,2.871,70.561,0.45199999999931606,0.14084507042253522,34.0,23.2,1.8948000000000036
Austria,2023,ALB,10.0,2.0,10.0,MEDIUM,71.322,87.0,2.871,70.72800000000001,0.9080000000003565,0.14084507042253522,34.0,23.2,0.06099999999999284
Austria,2023,PER,10.0,2.0,10.0,MEDIUM,71.0,87.0,2.871,70.406,0.5720000000001164,0.14084507042253522,34.0,23.2,1.7066000000000088
Austria,2023,RUS,10.0,2.0,10.0,MEDIUM,72.036,87.0,2.871,71.44200000000001,0.7160000000003492,0.14084507042253522,34.0,23.2,2.5100999999999942
Austria,2023,OCO,10.0,2.0,10.0,MEDIUM,71.654,87.0,2.871,71.06,0.6189999999996871,0.14084507042253522,34.0,23.2,0.28179999999998984
Austria,2023,PIA,10.0,2.0,10.0,MEDIUM,71.473,87.0,2.871,70.879,1.0,0.14084507042253522,34.0,23.2,1.4722000000000008
Austria,2023,SAR,10.0,2.0,10.0,MEDIUM,71.739,87.0,2.871,71.14500000000001,1.7479999999995925,0.14084507042253522,34.0,23.2,0.24480000000001212
Austria,2023,TSU,10.0,3.0,9.0,HARD,71.852,87.0,2.871,71.25800000000001,1.1450000000004366,0.14084507042253522,34.0,23.2,1.4638000000000062
Austria,2023,BOT,10.0,2.0,10.0,HARD,71.723,87.0,2.871,71.129,0.569999999999709,0.14084507042253522,34.0,23.2,1.6435999999999922
Austria,2023,DEV,10.0,2.0,10.0,MEDIUM,71.766,87.0,2.871,71.17200000000001,0.8140000000003056,0.14084507042253522,34.0,23.2,1.7107999999999919
Austria,2023,MAG,10.0,3.0,8.0,HARD,71.812,87.0,2.871,71.218,0.49799999999959255,0.14084507042253522,34.0,23.2,1.3519999999999897
Austria,2023,ZHO,10.0,3.0,2.0,HARD,70.448,87.0,2.871,69.854,15.0,0.14084507042253522,34.1,23.2,0.519999999999996
Austria,2023,VER,11.0,2.0,11.0,MEDIUM,70.051,85.2,2.8116000000000003,69.3976,15.0,0.15492957746478872,34.1,23.2,1.7573000000000008
Austria,2023,LEC,11.0,2.0,11.0,MEDIUM,70.431,85.2,2.8116000000000003,69.77759999999999,3.713999999999942,0.15492957746478872,34.1,23.2,0.8385999999999996
Austria,2023,SAI,11.0,2.0,11.0,MEDIUM,70.395,85.2,2.8116000000000003,69.74159999999999,0.7890000000006694,0.15492957746478872,34.1,23.2,0.6804000000000059
Austria,2023,HAM,11.0,2.0,11.0,MEDIUM,70.857,85.2,2.8116000000000003,70.2036,3.1669999999994616,0.15492957746478872,34.1,23.2,1.5480000000000018
Austria,2023,NOR,11.0,2.0,11.0,MEDIUM,70.974,85.2,2.8116000000000003,70.3206,0.8070000000006985,0.15492957746478872,34.1,23.2,0.36360000000000525
Austria,2023,ALO,11.0,2.0,11.0,HARD,71.041,85.2,2.8116000000000003,70.38759999999999,3.207999999999629,0.15492957746478872,34.1,23.2,0.1670000000000016
Austria,2023,STR,11.0,2.0,11.0,MEDIUM,71.028,85.2,2.8116000000000003,70.3746,1.5760000000000218,0.15492957746478872,34.1,23.2,2.3806000000000154
Austria,2023,GAS,11.0,2.0,11.0,MEDIUM,70.883,85.2,2.8116000000000003,70.22959999999999,1.5280000000002474,0.15492957746478872,34.1,23.2,1.622799999999998
Austria,2023,ALB,11.0,2.0,11.0,MEDIUM,71.605,85.2,2.8116000000000003,70.9516,1.6300000000001091,0.15492957746478872,34.1,23.2,0.3439999999999941
Austria,2023,PER,11.0,2.0,11.0,MEDIUM,71.526,85.2,2.8116000000000003,70.87259999999999,0.4929999999994834,0.15492957746478872,34.1,23.2,2.232600000000005
Austria,2023,RUS,11.0,2.0,11.0,MEDIUM,71.533,85.2,2.8116000000000003,70.8796,0.7229999999999563,0.15492957746478872,34.1,23.2,2.007099999999994
Austria,2023,OCO,11.0,2.0,11.0,MEDIUM,71.621,85.2,2.8116000000000003,70.96759999999999,0.7070000000003347,0.15492957746478872,34.1,23.2,0.24879999999998859
Austria,2023,PIA,11.0,2.0,11.0,MEDIUM,71.556,85.2,2.8116000000000003,70.90259999999999,0.9349999999994907,0.15492957746478872,34.1,23.2,1.5551999999999992
Austria,2023,SAR,11.0,2.0,11.0,MEDIUM,71.833,85.2,2.8116000000000003,71.1796,2.0250000000005457,0.15492957746478872,34.1,23.2,0.3388000000000062
Austria,2023,TSU,11.0,3.0,10.0,HARD,72.053,85.2,2.8116000000000003,71.39959999999999,1.3649999999997817,0.15492957746478872,34.1,23.2,1.6647999999999996
Austria,2023,BOT,11.0,2.0,11.0,HARD,72.176,85.2,2.8116000000000003,71.5226,0.693000000000211,0.15492957746478872,34.1,23.2,2.096599999999995
Austria,2023,DEV,11.0,2.0,11.0,MEDIUM,72.068,85.2,2.8116000000000003,71.4146,0.706000000000131,0.15492957746478872,34.1,23.2,2.0127999999999844
Austria,2023,MAG,11.0,3.0,9.0,HARD,71.955,85.2,2.8116000000000003,71.3016,0.3849999999993088,0.15492957746478872,34.1,23.2,1.4949999999999903
Austria,2023,ZHO,11.0,3.0,3.0,HARD,70.692,85.2,2.8116000000000003,70.03859999999999,15.0,0.15492957746478872,34.1,23.2,0.7639999999999958
Austria,2023,VER,12.0,2.0,12.0,MEDIUM,69.833,83.4,2.7522,69.1202,15.0,0.16901408450704225,34.1,23.2,1.5392999999999972
Austria,2023,LEC,12.0,2.0,12.0,MEDIUM,70.7,83.4,2.7522,69.9872,4.581000000000131,0.16901408450704225,34.2,23.2,1.107600000000005
Austria,2023,SAI,12.0,2.0,12.0,MEDIUM,70.662,83.4,2.7522,69.9492,0.7509999999992942,0.16901408450704225,34.2,23.2,0.947400000000016
Austria,2023,HAM,12.0,2.0,12.0,MEDIUM,70.972,83.4,2.7522,70.25919999999999,3.4770000000007713,0.16901408450704225,34.2,23.2,1.6629999999999967
Austria,2023,NOR,12.0,2.0,12.0,MEDIUM,70.731,83.4,2.7522,70.0182,0.5659999999998035,0.16901408450704225,34.2,23.2,0.12059999999999604
Austria,2023,ALO,12.0,2.0,12.0,HARD,70.925,83.4,2.7522,70.2122,3.4020000000000437,0.16901408450704225,34.2,23.2,0.05100000000000193
Austria,2023,STR,12.0,2.0,12.0,MEDIUM,71.065,83.4,2.7522,70.3522,1.7159999999994398,0.16901408450704225,34.2,23.2,2.4176000000000073
Austria,2023,GAS,12.0,2.0,12.0,MEDIUM,71.256,83.4,2.7522,70.5432,1.719000000000051,0.16901408450704225,34.2,23.2,1.9958000000000027
Austria,2023,PER,12.0,2.0,12.0,MEDIUM,70.283,83.4,2.7522,69.5702,1.1500000000005457,0.16901408450704225,34.2,23.2,0.98960000000001
Austria,2023,ALB,12.0,2.0,12.0,MEDIUM,71.898,83.4,2.7522,71.1852,1.1219999999993888,0.16901408450704225,34.2,23.2,0.6369999999999862
Austria,2023,RUS,12.0,2.0,12.0,MEDIUM,71.369,83.4,2.7522,70.6562,0.6870000000008076,0.16901408450704225,34.2,23.2,1.8430999999999926
Austria,2023,OCO,12.0,2.0,12.0,MEDIUM,71.542,83.4,2.7522,70.8292,0.8799999999991996,0.16901408450704225,34.2,23.2,0.16979999999999507
Austria,2023,PIA,12.0,2.0,12.0,MEDIUM,71.339,83.4,2.7522,70.6262,0.7319999999999709,0.16901408450704225,34.2,23.2,1.3382000000000005
Austria,2023,SAR,12.0,2.0,12.0,MEDIUM,71.875,83.4,2.7522,71.1622,2.561000000000604,0.16901408450704225,34.2,23.2,0.3808000000000078
Austria,2023,TSU,12.0,3.0,11.0,HARD,71.929,83.4,2.7522,71.2162,1.418999999999869,0.16901408450704225,34.2,23.2,1.5408000000000044
Austria,2023,BOT,12.0,2.0,12.0,HARD,72.125,83.4,2.7522,71.4122,0.8890000000001237,0.16901408450704225,34.2,23.2,2.045599999999993
Austria,2023,MAG,12.0,3.0,10.0,HARD,72.223,83.4,2.7522,71.5102,1.188999999999396,0.16901408450704225,34.2,23.2,1.762999999999991
Austria,2023,ZHO,12.0,3.0,4.0,HARD,70.959,83.4,2.7522,70.2462,13.834000000000742,0.16901408450704225,34.2,23.2,1.031000000000006
Austria,2023,MAG,16.0,3.0,14.0,HARD,72.276,76.2,2.5146,71.3256,15.0,0.22535211267605634,34.0,22.9,1.8159999999999883
Austria,2023,RUS,16.0,3.0,2.0,HARD,71.146,76.2,2.5146,70.1956,1.5060000000003129,0.22535211267605634,34.0,22.9,0.5392000000000081
Austria,2023,ALB,16.0,3.0,2.0,HARD,72.319,76.2,2.5146,71.3686,0.40899999999965075,0.22535211267605634,34.0,22.9,2.5756000000000085
Austria,2023,OCO,16.0,3.0,2.0,HARD,70.789,76.2,2.5146,69.8386,0.8680000000003929,0.22535211267605634,34.0,22.9,0.8152000000000044
Austria,2023,PIA,16.0,3.0,2.0,HARD,71.492,76.2,2.5146,70.5416,2.1790000000000873,0.22535211267605634,34.0,22.9,1.1209999999999951
Austria,2023,SAR,16.0,3.0,2.0,HARD,71.054,76.2,2.5146,70.1036,3.732999999999265,0.22535211267605634,34.0,22.9,1.0626000000000033
Austria,2023,ZHO,16.0,3.0,8.0,HARD,70.647,76.2,2.5146,69.6966,2.8150000000005093,0.22535211267605634,34.0,22.9,0.7190000000000083
Austria,2023,DEV,16.0,3.0,4.0,HARD,71.185,76.2,2.5146,70.2346,5.735999999999876,0.22535211267605634,32.9,22.9,0.07000000000000739
Austria,2023,VER,17.0,2.0,17.0,MEDIUM,69.924,74.4,2.4552000000000005,68.91420000000001,15.0,0.23943661971830985,32.9,22.9,1.6303000000000054
Austria,2023,LEC,17.0,3.0,2.0,MEDIUM,69.29,74.4,2.4552000000000005,68.28020000000001,15.0,0.23943661971830985,32.9,22.9,-0.30239999999999156
Austria,2023,PER,17.0,2.0,17.0,MEDIUM,70.289,74.4,2.4552000000000005,69.2792,2.7650000000003274,0.23943661971830985,32.9,22.9,0.9956000000000103
Austria,2023,HAM,17.0,3.0,3.0,HARD,69.895,74.4,2.4552000000000005,68.8852,1.7529999999997017,0.23943661971830985,32.9,22.9,-0.22560000000000002
Austria,2023,SAI,17.0,3.0,2.0,MEDIUM,69.129,74.4,2.4552000000000005,68.1192,1.106999999999971,0.23943661971830985,32.9,22.9,-0.5855999999999852
Austria,2023,NOR,17.0,3.0,3.0,HARD,70.956,74.4,2.4552000000000005,69.9462,1.123000000000502,0.23943661971830985,32.9,22.9,1.832800000000006
Austria,2023,ALO,17.0,3.0,2.0,MEDIUM,70.619,74.4,2.4552000000000005,69.6092,4.748999999999796,0.23943661971830985,32.9,22.9,1.3427999999999969
Austria,2023,TSU,17.0,3.0,16.0,HARD,71.876,74.4,2.4552000000000005,70.8662,2.998000000000502,0.23943661971830985,32.9,22.9,1.4878000000000071
Austria,2023,GAS,17.0,3.0,3.0,HARD,70.588,74.4,2.4552000000000005,69.5782,0.9919999999992797,0.23943661971830985,32.9,22.9,0.14359999999999218
Austria,2023,MAG,17.0,3.0,15.0,HARD,72.34,74.4,2.4552000000000005,71.3302,1.243000000000393,0.23943661971830985,32.9,22.9,1.8799999999999955
Austria,2023,RUS,17.0,3.0,3.0,HARD,71.287,74.4,2.4552000000000005,70.27720000000001,0.4529999999995198,0.23943661971830985,32.9,22.9,0.6802000000000135
Austria,2023,ALB,17.0,3.0,3.0,HARD,71.563,74.4,2.4552000000000005,70.5532,0.6850000000004002,0.23943661971830985,32.9,22.9,1.8196000000000083
Austria,2023,BOT,17.0,2.0,17.0,HARD,72.747,74.4,2.4552000000000005,71.7372,0.5540000000000873,0.23943661971830985,32.9,22.9,2.667599999999993
Austria,2023,OCO,17.0,3.0,3.0,HARD,71.507,74.4,2.4552000000000005,70.4972,0.2579999999998108,0.23943661971830985,32.9,22.9,1.533200000000008
Austria,2023,STR,17.0,3.0,2.0,HARD,70.593,74.4,2.4552000000000005,69.5832,0.39900000000034197,0.23943661971830985,32.9,22.9,0.9527999999999963
Austria,2023,PIA,17.0,3.0,3.0,HARD,70.49,74.4,2.4552000000000005,69.4802,0.76299999999992,0.23943661971830985,32.9,22.9,0.11899999999998556
Austria,2023,SAR,17.0,3.0,3.0,HARD,70.876,74.4,2.4552000000000005,69.8662,4.118999999999687,0.23943661971830985,32.6,22.8,0.884600000000006
Austria,2023,ZHO,17.0,3.0,9.0,HARD,70.709,74.4,2.4552000000000005,69.6992,2.6480000000001382,0.23943661971830985,32.6,22.8,0.7810000000000059
Austria,2023,DEV,17.0,3.0,5.0,HARD,70.877,74.4,2.4552000000000005,69.8672,5.904000000000451,0.23943661971830985,32.6,22.8,-0.23799999999999955
Austria,2023,VER,18.0,2.0,18.0,MEDIUM,70.002,72.6,2.3958,68.9328,15.0,0.2535211267605634,32.6,22.8,1.7082999999999942
Austria,2023,LEC,18.0,3.0,3.0,MEDIUM,69.617,72.6,2.3958,68.54780000000001,15.0,0.2535211267605634,32.6,22.8,0.024600000000006617
Austria,2023,PER,18.0,2.0,18.0,MEDIUM,70.399,72.6,2.3958,69.3298,3.54700000000048,0.2535211267605634,32.6,22.8,1.1056000000000097
Austria,2023,HAM,18.0,3.0,4.0,HARD,69.7,72.6,2.3958,68.63080000000001,1.0540000000000873,0.2535211267605634,32.6,22.8,-0.4205999999999932
Austria,2023,SAI,18.0,3.0,3.0,MEDIUM,69.348,72.6,2.3958,68.2788,0.7549999999991996,0.2535211267605634,32.6,22.8,-0.36659999999999116
Austria,2023,NOR,18.0,3.0,4.0,HARD,70.192,72.6,2.3958,69.1228,1.967000000000553,0.2535211267605634,32.6,22.8,1.068799999999996
Austria,2023,ALO,18.0,3.0,3.0,MEDIUM,70.417,72.6,2.3958,69.3478,4.97400000000016,0.2535211267605634,32.7,22.8,1.1407999999999987
Austria,2023,GAS,18.0,3.0,4.0,HARD,70.028,72.6,2.3958,68.95880000000001,3.600999999999658,0.2535211267605634,32.7,22.8,-0.4163999999999959
Austria,2023,TSU,18.0,3.0,17.0,HARD,72.431,72.6,2.3958,71.3618,1.4110000000000582,0.2535211267605634,32.7,22.8,2.0427999999999997
Austria,2023,RUS,18.0,3.0,4.0,HARD,71.021,72.6,2.3958,69.9518,1.2780000000002474,0.2535211267605634,32.7,22.8,0.4142000000000081
Austria,2023,MAG,18.0,3.0,16.0,HARD,72.474,72.6,2.3958,71.40480000000001,1.0,0.2535211267605634,32.7,22.8,2.013999999999996
Austria,2023,ALB,18.0,3.0,4.0,HARD,71.726,72.6,2.3958,70.6568,0.3899999999994179,0.2535211267605634,32.7,22.8,1.982600000000005
Austria,2023,OCO,18.0,3.0,4.0,HARD,71.263,72.6,2.3958,70.19380000000001,0.34900000000016007,0.2535211267605634,32.7,22.8,1.2892000000000081
Austria,2023,BOT,18.0,2.0,18.0,HARD,72.287,72.6,2.3958,71.21780000000001,0.7660000000005311,0.2535211267605634,32.7,22.8,2.2075999999999993
Austria,2023,STR,18.0,3.0,3.0,HARD,71.923,72.6,2.3958,70.8538,0.2929999999996653,0.2535211267605634,32.7,22.8,2.2827999999999946
Austria,2023,PIA,18.0,3.0,4.0,HARD,71.526,72.6,2.3958,70.4568,0.36599999999998545,0.2535211267605634,32.7,22.8,1.154999999999987
Austria,2023,SAR,18.0,3.0,4.0,HARD,70.983,72.6,2.3958,69.91380000000001,3.576000000000022,0.2535211267605634,32.7,22.8,0.9916000000000054
Austria,2023,ZHO,18.0,3.0,10.0,HARD,71.086,72.6,2.3958,70.0168,2.7510000000002037,0.2535211267605634,32.7,22.8,1.1580000000000013
Austria,2023,DEV,18.0,3.0,6.0,HARD,71.047,72.6,2.3958,69.9778,5.864999999999782,0.2535211267605634,32.7,22.8,-0.06799999999999784
Austria,2023,VER,19.0,2.0,19.0,MEDIUM,69.942,70.8,2.3364,68.81339999999999,15.0,0.2676056338028169,32.7,22.8,1.6482999999999919
Austria,2023,LEC,19.0,3.0,4.0,MEDIUM,69.509,70.8,2.3364,68.3804,15.0,0.2676056338028169,32.7,22.8,-0.08339999999999748
Austria,2023,PER,19.0,2.0,19.0,MEDIUM,70.205,70.8,2.3364,69.07639999999999,4.243000000000393,0.2676056338028169,32.4,22.8,0.9116000000000071
Austria,2023,SAI,19.0,3.0,4.0,MEDIUM,69.348,70.8,2.3364,68.2194,0.9520000000002256,0.2676056338028169,32.4,22.8,-0.36659999999999116
Austria,2023,HAM,19.0,3.0,5.0,HARD,70.999,70.8,2.3364,69.87039999999999,0.8959999999997308,0.2676056338028169,32.4,22.8,0.8783999999999992
Austria,2023,NOR,19.0,3.0,5.0,HARD,70.273,70.8,2.3364,69.14439999999999,1.9960000000000946,0.2676056338028169,32.4,22.8,1.149799999999999
Austria,2023,ALO,19.0,3.0,4.0,MEDIUM,70.043,70.8,2.3364,68.9144,4.743999999999687,0.2676056338028169,32.4,22.8,0.7668000000000035
Austria,2023,GAS,19.0,3.0,5.0,HARD,70.73,70.8,2.3364,69.6014,4.288000000000466,0.2676056338028169,32.4,22.8,0.2856000000000023
Austria,2023,TSU,19.0,3.0,18.0,HARD,71.919,70.8,2.3364,70.79039999999999,2.5999999999994543,0.2676056338028169,32.4,22.8,1.5307999999999993
Austria,2023,RUS,19.0,3.0,5.0,HARD,71.065,70.8,2.3364,69.93639999999999,0.42399999999997817,0.2676056338028169,32.4,22.8,0.45820000000000505
Austria,2023,MAG,19.0,3.0,17.0,HARD,71.353,70.8,2.3364,70.22439999999999,1.2880000000004657,0.2676056338028169,32.4,22.8,0.8929999999999865
Austria,2023,ALB,19.0,3.0,5.0,HARD,71.355,70.8,2.3364,70.2264,0.3919999999998254,0.2676056338028169,32.4,22.8,1.61160000000001
Austria,2023,OCO,19.0,3.0,5.0,HARD,71.469,70.8,2.3364,70.34039999999999,0.46299999999973807,0.2676056338028169,32.4,22.8,1.495199999999997
Austria,2023,STR,19.0,3.0,4.0,HARD,70.79,70.8,2.3364,69.6614,0.38000000000010914,0.2676056338028169,32.4,22.8,1.149799999999999
Austria,2023,BOT,19.0,2.0,19.0,HARD,72.273,70.8,2.3364,71.14439999999999,1.1899999999995998,0.2676056338028169,32.4,22.8,2.1935999999999893
Austria,2023,PIA,19.0,3.0,5.0,HARD,71.93,70.8,2.3364,70.8014,0.31600000000071304,0.2676056338028169,32.4,22.8,1.5589999999999975
Austria,2023,SAR,19.0,3.0,5.0,HARD,71.162,70.8,2.3364,70.0334,2.8079999999999927,0.2676056338028169,32.4,22.8,1.1706000000000074
Austria,2023,ZHO,19.0,3.0,11.0,HARD,71.112,70.8,2.3364,69.98339999999999,2.701000000000022,0.2676056338028169,32.4,22.8,1.1839999999999975
Austria,2023,DEV,19.0,3.0,7.0,HARD,71.115,70.8,2.3364,69.98639999999999,5.867999999999483,0.2676056338028169,32.4,22.8,0.0
Austria,2023,VER,20.0,2.0,20.0,MEDIUM,70.16,69.0,2.277,68.972,15.0,0.28169014084507044,32.4,22.8,1.8662999999999954
Austria,2023,LEC,20.0,3.0,5.0,MEDIUM,69.55,69.0,2.277,68.362,15.0,0.28169014084507044,32.8,22.7,-0.04240000000000066
Austria,2023,SAI,20.0,3.0,5.0,MEDIUM,69.351,69.0,2.277,68.163,4.996000000000095,0.28169014084507044,32.8,22.7,-0.36359999999999104
Austria,2023,PER,20.0,2.0,20.0,MEDIUM,71.261,69.0,2.277,70.073,0.9579999999996289,0.28169014084507044,32.8,22.7,1.9676000000000045
Austria,2023,HAM,20.0,3.0,6.0,HARD,70.109,69.0,2.277,68.92099999999999,0.6959999999999127,0.28169014084507044,32.8,22.7,-0.011600000000001387
Austria,2023,NOR,20.0,3.0,6.0,HARD,70.193,69.0,2.277,69.005,2.0799999999999272,0.28169014084507044,32.8,22.7,1.0698000000000008
Austria,2023,ALO,20.0,3.0,5.0,MEDIUM,70.081,69.0,2.277,68.893,4.632000000000517,0.28169014084507044,32.8,22.7,0.8048000000000002
Austria,2023,GAS,20.0,3.0,6.0,HARD,70.488,69.0,2.277,69.3,4.694999999999709,0.28169014084507044,32.8,22.7,0.04359999999999786
Austria,2023,RUS,20.0,3.0,6.0,HARD,71.17,69.0,2.277,69.982,3.706000000000131,0.28169014084507044,32.8,22.7,0.563200000000009
Austria,2023,TSU,20.0,3.0,19.0,HARD,72.997,69.0,2.277,71.809,1.4030000000002474,0.28169014084507044,32.8,22.7,2.6088000000000022
Austria,2023,ALB,20.0,3.0,6.0,HARD,71.305,69.0,2.277,70.117,0.41200000000026193,0.28169014084507044,32.8,22.7,1.5616000000000128
Austria,2023,OCO,20.0,3.0,6.0,HARD,71.399,69.0,2.277,70.211,0.556999999999789,0.28169014084507044,32.8,22.7,1.4252000000000038
Austria,2023,MAG,20.0,3.0,18.0,HARD,73.006,69.0,2.277,71.818,0.751999999999498,0.28169014084507044,32.8,22.7,2.5459999999999923
Austria,2023,STR,20.0,3.0,5.0,HARD,72.104,69.0,2.277,70.916,0.3330000000005384,0.28169014084507044,32.8,22.7,2.463799999999992
Austria,2023,PIA,20.0,3.0,6.0,HARD,71.591,69.0,2.277,70.40299999999999,0.9929999999994834,0.28169014084507044,32.8,22.7,1.2199999999999847
Austria,2023,BOT,20.0,2.0,20.0,HARD,72.87,69.0,2.277,71.682,0.9630000000006476,0.28169014084507044,32.8,22.7,2.7905999999999977
Austria,2023,SAR,20.0,3.0,6.0,HARD,71.225,69.0,2.277,70.03699999999999,1.4789999999993597,0.28169014084507044,32.8,22.7,1.2335999999999956
Austria,2023,ZHO,20.0,3.0,12.0,HARD,71.02,69.0,2.277,69.832,2.4960000000000946,0.28169014084507044,32.8,22.7,1.0919999999999987
Austria,2023,DEV,20.0,3.0,8.0,HARD,71.294,69.0,2.277,70.106,6.141999999999825,0.28169014084507044,32.8,22.7,0.17900000000000205
Austria,2023,VER,21.0,2.0,21.0,MEDIUM,70.142,67.19999999999999,2.2175999999999996,68.8946,15.0,0.29577464788732394,32.8,22.8,1.8482999999999947
Austria,2023,LEC,21.0,3.0,6.0,MEDIUM,69.38,67.19999999999999,2.2175999999999996,68.1326,14.947000000000116,0.29577464788732394,32.8,22.8,-0.21240000000000236
Austria,2023,SAI,21.0,3.0,6.0,MEDIUM,69.977,67.19999999999999,2.2175999999999996,68.7296,5.592999999999847,0.29577464788732394,32.8,22.8,0.26240000000001373
Austria,2023,PER,21.0,2.0,21.0,MEDIUM,70.182,67.19999999999999,2.2175999999999996,68.9346,1.1630000000004657,0.29577464788732394,32.8,22.8,0.8886000000000109
Austria,2023,HAM,21.0,3.0,7.0,HARD,70.138,67.19999999999999,2.2175999999999996,68.8906,0.6520000000000437,0.29577464788732394,32.8,22.8,0.017400000000009186
Austria,2023,NOR,21.0,3.0,7.0,HARD,69.937,67.19999999999999,2.2175999999999996,68.6896,1.8789999999999054,0.29577464788732394,32.8,22.8,0.8138000000000005
Austria,2023,ALO,21.0,3.0,6.0,MEDIUM,70.15,67.19999999999999,2.2175999999999996,68.9026,4.844999999999345,0.29577464788732394,32.8,22.8,0.8738000000000028
Austria,2023,GAS,21.0,3.0,7.0,HARD,70.379,67.19999999999999,2.2175999999999996,69.1316,4.923999999999978,0.29577464788732394,32.8,22.8,-0.0653999999999968
Austria,2023,RUS,21.0,3.0,7.0,HARD,70.723,67.19999999999999,2.2175999999999996,69.4756,4.050000000000182,0.29577464788732394,32.8,22.8,0.1162000000000063
Austria,2023,ALB,21.0,3.0,7.0,HARD,70.996,67.19999999999999,2.2175999999999996,69.7486,2.087999999999738,0.29577464788732394,32.8,22.8,1.252600000000001
Austria,2023,OCO,21.0,3.0,7.0,HARD,71.318,67.19999999999999,2.2175999999999996,70.0706,0.8790000000008149,0.29577464788732394,32.8,22.8,1.3442000000000007
Austria,2023,TSU,21.0,3.0,20.0,HARD,73.517,67.19999999999999,2.2175999999999996,72.2696,1.2299999999995634,0.29577464788732394,32.8,22.8,3.1287999999999982
Austria,2023,STR,21.0,3.0,6.0,HARD,71.707,67.19999999999999,2.2175999999999996,70.4596,0.24399999999968713,0.29577464788732394,32.8,22.8,2.0667999999999864
Austria,2023,MAG,21.0,3.0,19.0,HARD,72.555,67.19999999999999,2.2175999999999996,71.30760000000001,0.5150000000003274,0.29577464788732394,32.8,22.8,2.094999999999999
Austria,2023,PIA,21.0,3.0,7.0,HARD,71.763,67.19999999999999,2.2175999999999996,70.5156,0.5339999999996508,0.29577464788732394,32.8,22.8,1.391999999999996
Austria,2023,SAR,21.0,3.0,7.0,HARD,71.324,67.19999999999999,2.2175999999999996,70.0766,2.003000000000611,0.29577464788732394,32.8,22.8,1.3325999999999993
Austria,2023,ZHO,21.0,3.0,13.0,HARD,71.446,67.19999999999999,2.2175999999999996,70.1986,2.6179999999994834,0.29577464788732394,32.8,22.8,1.5180000000000007
Austria,2023,DEV,21.0,3.0,9.0,HARD,71.292,67.19999999999999,2.2175999999999996,70.0446,5.988000000000284,0.29577464788732394,32.8,22.8,0.1770000000000067
Austria,2023,VER,22.0,2.0,22.0,MEDIUM,70.337,65.4,2.1582000000000003,69.03020000000001,15.0,0.30985915492957744,32.5,22.8,2.043300000000002
Austria,2023,LEC,22.0,3.0,7.0,MEDIUM,69.603,65.4,2.1582000000000003,68.2962,14.212999999999738,0.30985915492957744,32.5,22.8,0.010599999999996612
Austria,2023,SAI,22.0,3.0,7.0,MEDIUM,70.199,65.4,2.1582000000000003,68.8922,6.188999999999396,0.30985915492957744,32.5,22.8,0.48440000000000794
Austria,2023,PER,22.0,2.0,22.0,MEDIUM,71.136,65.4,2.1582000000000003,69.8292,2.100000000000364,0.30985915492957744,32.5,22.8,1.8426000000000045
Austria,2023,HAM,22.0,3.0,8.0,HARD,71.036,65.4,2.1582000000000003,69.7292,0.5519999999996799,0.30985915492957744,32.5,22.8,0.9154000000000053
Austria,2023,NOR,22.0,3.0,8.0,HARD,70.515,65.4,2.1582000000000003,69.2082,1.3580000000001746,0.30985915492957744,32.5,22.8,1.3918000000000035
Austria,2023,ALO,22.0,3.0,7.0,MEDIUM,70.812,65.4,2.1582000000000003,69.5052,5.141999999999825,0.30985915492957744,32.5,22.8,1.5357999999999947
Austria,2023,GAS,22.0,3.0,8.0,HARD,70.538,65.4,2.1582000000000003,69.2312,4.650000000000546,0.30985915492957744,32.5,22.8,0.09359999999999502
Austria,2023,RUS,22.0,3.0,8.0,HARD,70.789,65.4,2.1582000000000003,69.4822,4.300999999999476,0.30985915492957744,32.5,22.8,0.1822000000000088
Austria,2023,ALB,22.0,3.0,8.0,HARD,71.093,65.4,2.1582000000000003,69.78620000000001,2.392000000000735,0.30985915492957744,32.5,22.8,1.3496000000000095
Austria,2023,OCO,22.0,3.0,8.0,HARD,70.919,65.4,2.1582000000000003,69.6122,0.7049999999999272,0.30985915492957744,32.5,22.8,0.9451999999999998
Austria,2023,STR,22.0,3.0,7.0,HARD,71.612,65.4,2.1582000000000003,70.3052,2.1669999999994616,0.30985915492957744,32.5,22.8,1.9717999999999876
Austria,2023,TSU,22.0,3.0,21.0,HARD,72.89,65.4,2.1582000000000003,71.5832,1.0340000000005602,0.30985915492957744,32.5,22.8,2.501800000000003
Austria,2023,MAG,22.0,3.0,20.0,HARD,73.339,65.4,2.1582000000000003,72.0322,1.207999999999629,0.30985915492957744,32.5,22.8,2.8789999999999907
Austria,2023,SAR,22.0,3.0,8.0,HARD,72.18,65.4,2.1582000000000003,70.87320000000001,1.3779999999997017,0.30985915492957744,32.6,22.7,2.188600000000008
Austria,2023,ZHO,22.0,3.0,14.0,HARD,71.33,65.4,2.1582000000000003,70.0232,1.768000000000029,0.30985915492957744,32.6,22.7,1.402000000000001
Austria,2023,DEV,22.0,3.0,10.0,HARD,71.238,65.4,2.1582000000000003,69.9312,5.89600000000064,0.30985915492957744,32.6,22.7,0.12300000000000466
Austria,2023,VER,23.0,2.0,23.0,MEDIUM,70.396,63.6,2.0988,69.0298,15.0,0.323943661971831,32.6,22.7,2.1022999999999996
Austria,2023,LEC,23.0,3.0,8.0,MEDIUM,69.853,63.6,2.0988,68.48679999999999,13.670000000000073,0.323943661971831,32.6,22.7,0.2605999999999966
Austria,2023,SAI,23.0,3.0,8.0,MEDIUM,70.005,63.6,2.0988,68.63879999999999,6.34099999999944,0.323943661971831,32.6,22.7,0.2904000000000053
Austria,2023,PER,23.0,2.0,23.0,MEDIUM,70.62,63.6,2.0988,69.2538,2.7150000000001455,0.323943661971831,32.6,22.7,1.3266000000000133
Austria,2023,HAM,23.0,3.0,9.0,HARD,70.687,63.6,2.0988,69.32079999999999,0.6190000000005966,0.323943661971831,32.6,22.7,0.5664000000000016
Austria,2023,NOR,23.0,3.0,9.0,HARD,70.481,63.6,2.0988,69.11479999999999,1.1520000000000437,0.323943661971831,32.6,22.7,1.3577999999999975
Austria,2023,ALO,23.0,3.0,8.0,MEDIUM,70.426,63.6,2.0988,69.0598,5.086999999999534,0.323943661971831,32.6,22.7,1.149799999999999
Austria,2023,GAS,23.0,3.0,9.0,HARD,70.592,63.6,2.0988,69.22579999999999,4.8159999999998035,0.323943661971831,32.6,22.7,0.14759999999999707
Austria,2023,RUS,23.0,3.0,9.0,HARD,70.796,63.6,2.0988,69.4298,4.505000000000109,0.323943661971831,32.6,22.7,0.1892000000000138
Austria,2023,ALB,23.0,3.0,9.0,HARD,71.05,63.6,2.0988,69.68379999999999,2.645999999999731,0.323943661971831,32.6,22.7,1.306600000000003
Austria,2023,OCO,23.0,3.0,9.0,HARD,71.129,63.6,2.0988,69.7628,0.7840000000005602,0.323943661971831,32.6,22.7,1.1552000000000078
Austria,2023,STR,23.0,3.0,8.0,HARD,70.767,63.6,2.0988,69.40079999999999,1.8049999999993815,0.323943661971831,32.6,22.7,1.1267999999999887
Austria,2023,MAG,23.0,3.0,21.0,HARD,72.395,63.6,2.0988,71.02879999999999,3.8700000000008004,0.323943661971831,32.6,22.7,1.934999999999988
Austria,2023,SAR,23.0,3.0,9.0,HARD,71.793,63.6,2.0988,70.4268,0.7759999999998399,0.323943661971831,32.6,22.7,1.8016000000000076
Austria,2023,ZHO,23.0,3.0,15.0,HARD,71.74,63.6,2.0988,70.37379999999999,1.7150000000001455,0.323943661971831,32.6,22.7,1.8119999999999976
Austria,2023,DEV,23.0,3.0,11.0,HARD,71.547,63.6,2.0988,70.18079999999999,5.70299999999952,0.323943661971831,32.6,22.7,0.43200000000000216
Austria,2023,BOT,23.0,3.0,2.0,MEDIUM,70.22,63.6,2.0988,68.85379999999999,15.0,0.323943661971831,32.6,22.7,0.07920000000000016
Austria,2023,LEC,24.0,3.0,9.0,MEDIUM,69.956,61.8,2.0394,68.5304,15.0,0.3380281690140845,32.6,22.7,0.36360000000000525
Austria,2023,SAI,24.0,3.0,9.0,MEDIUM,70.001,61.8,2.0394,68.5754,6.3859999999995125,0.3380281690140845,32.6,22.7,0.28640000000001464
Austria,2023,PER,24.0,2.0,24.0,MEDIUM,70.377,61.8,2.0394,68.95139999999999,3.0910000000003492,0.3380281690140845,32.6,22.7,1.0836000000000041
Austria,2023,HAM,24.0,3.0,10.0,HARD,70.575,61.8,2.0394,69.1494,0.8170000000000073,0.3380281690140845,32.6,22.7,0.4544000000000068
Austria,2023,NOR,24.0,3.0,10.0,HARD,70.532,61.8,2.0394,69.1064,1.1089999999994689,0.3380281690140845,32.6,22.7,1.4087999999999994
Austria,2023,ALO,24.0,3.0,9.0,MEDIUM,70.314,61.8,2.0394,68.88839999999999,4.869000000000597,0.3380281690140845,32.5,22.7,1.03779999999999
Austria,2023,GAS,24.0,3.0,10.0,HARD,70.345,61.8,2.0394,68.9194,4.846999999999753,0.3380281690140845,32.5,22.7,-0.09940000000000282
Austria,2023,RUS,24.0,3.0,10.0,HARD,70.712,61.8,2.0394,69.2864,4.872000000000298,0.3380281690140845,32.5,22.7,0.10520000000001062
Austria,2023,ALB,24.0,3.0,10.0,HARD,70.931,61.8,2.0394,69.5054,2.8649999999997817,0.3380281690140845,32.5,22.7,1.1876000000000033
Austria,2023,OCO,24.0,3.0,10.0,HARD,71.02,61.8,2.0394,69.5944,0.8729999999995925,0.3380281690140845,32.5,22.7,1.046199999999999
Austria,2023,STR,24.0,3.0,9.0,HARD,70.891,61.8,2.0394,69.4654,1.6760000000003856,0.3380281690140845,32.5,22.7,1.2507999999999981
Austria,2023,MAG,24.0,3.0,22.0,HARD,71.855,61.8,2.0394,70.4294,4.833999999999833,0.3380281690140845,32.5,22.7,1.394999999999996
Austria,2023,SAR,24.0,3.0,10.0,HARD,71.594,61.8,2.0394,70.16839999999999,0.5150000000003274,0.3380281690140845,32.5,22.7,1.6025999999999954
Austria,2023,ZHO,24.0,3.0,16.0,HARD,71.348,61.8,2.0394,69.9224,1.469000000000051,0.3380281690140845,32.5,22.7,1.4200000000000017
Austria,2023,DEV,24.0,3.0,12.0,HARD,71.361,61.8,2.0394,69.9354,5.71599999999944,0.3380281690140845,32.5,22.7,0.24600000000000932
Austria,2023,PIA,24.0,4.0,2.0,HARD,70.322,61.8,2.0394,68.8964,15.0,0.3380281690140845,32.5,22.7,-0.049000000000006594
Austria,2023,BOT,24.0,3.0,3.0,MEDIUM,70.594,61.8,2.0394,69.16839999999999,0.8560000000006767,0.3380281690140845,32.5,22.7,0.4531999999999954
Austria,2023,LEC,25.0,3.0,10.0,MEDIUM,69.86,60.0,1.98,68.375,15.0,0.352112676056338,32.5,22.7,0.2676000000000016
Austria,2023,SAI,25.0,3.0,10.0,MEDIUM,69.963,60.0,1.98,68.478,6.488999999999578,0.352112676056338,32.5,22.7,0.24840000000000373
Austria,2023,HAM,25.0,3.0,11.0,HARD,70.712,60.0,1.98,69.227,4.657000000000153,0.352112676056338,32.5,22.7,0.5914000000000073
Austria,2023,NOR,25.0,3.0,11.0,HARD,70.369,60.0,1.98,68.884,0.7660000000005311,0.352112676056338,32.5,22.7,1.2458000000000027
Austria,2023,ALO,25.0,3.0,10.0,MEDIUM,70.28,60.0,1.98,68.795,4.779999999999745,0.352112676056338,32.5,22.7,1.0037999999999982
Austria,2023,GAS,25.0,3.0,11.0,HARD,70.541,60.0,1.98,69.056,5.108000000000175,0.352112676056338,32.5,22.7,0.09659999999999513
Austria,2023,RUS,25.0,3.0,11.0,HARD,70.454,60.0,1.98,68.969,4.7849999999998545,0.352112676056338,32.5,22.7,-0.15279999999999916
Austria,2023,ALB,25.0,3.0,11.0,HARD,70.822,60.0,1.98,69.337,3.2330000000001746,0.352112676056338,32.5,22.7,1.0786000000000087
Austria,2023,OCO,25.0,3.0,11.0,HARD,70.796,60.0,1.98,69.311,0.8469999999997526,0.352112676056338,32.5,22.7,0.8222000000000094
Austria,2023,STR,25.0,3.0,10.0,HARD,70.691,60.0,1.98,69.206,1.5709999999999127,0.352112676056338,32.5,22.7,1.0507999999999953
Austria,2023,SAR,25.0,3.0,11.0,HARD,71.563,60.0,1.98,70.078,6.221000000000458,0.352112676056338,32.5,22.7,1.5716000000000037
Austria,2023,MAG,25.0,3.0,23.0,HARD,73.001,60.0,1.98,71.516,0.9229999999997744,0.352112676056338,32.5,22.7,2.540999999999997
Austria,2023,ZHO,25.0,3.0,17.0,HARD,71.684,60.0,1.98,70.199,0.6669999999994616,0.352112676056338,32.5,22.7,1.7560000000000002
Austria,2023,DEV,25.0,3.0,13.0,HARD,71.397,60.0,1.98,69.912,5.429000000000087,0.352112676056338,32.5,22.7,0.2820000000000107
Austria,2023,TSU,25.0,4.0,2.0,HARD,70.08,60.0,1.98,68.595,15.0,0.352112676056338,32.5,22.7,-0.30819999999999936
Austria,2023,BOT,25.0,3.0,4.0,MEDIUM,69.977,60.0,1.98,68.492,2.7669999999998254,0.352112676056338,32.5,22.7,-0.16379999999999484
Austria,2023,PIA,25.0,4.0,3.0,HARD,71.442,60.0,1.98,69.957,0.6089999999994689,0.352112676056338,32.5,22.7,1.0709999999999837
Austria,2023,LEC,26.0,3.0,11.0,MEDIUM,69.905,58.199999999999996,1.9205999999999999,68.3606,15.0,0.36619718309859156,32.5,22.7,0.3126000000000033
Austria,2023,VER,26.0,3.0,2.0,HARD,68.929,58.199999999999996,1.9205999999999999,67.3846,5.826000000000022,0.36619718309859156,32.5,22.7,-0.3247999999999962
Austria,2023,SAI,26.0,3.0,11.0,MEDIUM,70.65,58.199999999999996,1.9205999999999999,69.10560000000001,1.4080000000003565,0.36619718309859156,32.5,22.7,0.9354000000000156
Austria,2023,HAM,26.0,3.0,12.0,HARD,70.271,58.199999999999996,1.9205999999999999,68.7266,4.278000000000247,0.36619718309859156,32.5,22.7,0.15040000000000475
Austria,2023,NOR,26.0,3.0,12.0,HARD,70.244,58.199999999999996,1.9205999999999999,68.6996,0.738999999999578,0.36619718309859156,32.5,22.7,1.1208000000000027
Austria,2023,ALO,26.0,3.0,11.0,MEDIUM,70.372,58.199999999999996,1.9205999999999999,68.8276,4.9080000000003565,0.36619718309859156,32.5,22.7,1.095799999999997
Austria,2023,GAS,26.0,3.0,12.0,HARD,70.662,58.199999999999996,1.9205999999999999,69.11760000000001,5.397999999999229,0.36619718309859156,32.5,22.7,0.21760000000000446
Austria,2023,RUS,26.0,3.0,12.0,HARD,70.751,58.199999999999996,1.9205999999999999,69.20660000000001,4.874000000000706,0.36619718309859156,32.5,22.7,0.1442000000000121
Austria,2023,ALB,26.0,3.0,12.0,HARD,70.898,58.199999999999996,1.9205999999999999,69.3536,3.380000000000109,0.36619718309859156,32.5,22.7,1.154600000000002
Austria,2023,OCO,26.0,3.0,12.0,HARD,71.272,58.199999999999996,1.9205999999999999,69.72760000000001,1.220999999999549,0.36619718309859156,32.5,22.7,1.2982000000000085
Austria,2023,STR,26.0,3.0,11.0,HARD,70.916,58.199999999999996,1.9205999999999999,69.3716,1.2150000000001455,0.36619718309859156,32.5,22.7,1.2757999999999896
Austria,2023,SAR,26.0,3.0,12.0,HARD,71.47,58.199999999999996,1.9205999999999999,69.9256,6.774999999999636,0.36619718309859156,32.5,22.7,1.4786000000000001
Austria,2023,MAG,26.0,3.0,24.0,HARD,71.905,58.199999999999996,1.9205999999999999,70.3606,1.3580000000001746,0.36619718309859156,32.5,22.7,1.4449999999999932
Austria,2023,ZHO,26.0,3.0,18.0,HARD,71.659,58.199999999999996,1.9205999999999999,70.11460000000001,0.4210000000002765,0.36619718309859156,32.5,22.7,1.7310000000000088
Austria,2023,DEV,26.0,3.0,14.0,HARD,71.557,58.199999999999996,1.9205999999999999,70.0126,5.3270000000002256,0.36619718309859156,32.5,22.7,0.4420000000000073
Austria,2023,TSU,26.0,4.0,3.0,HARD,70.378,58.199999999999996,1.9205999999999999,68.8336,14.1899999999996,0.36619718309859156,32.2,22.6,-0.010199999999997544
Austria,2023,BOT,26.0,3.0,5.0,MEDIUM,70.162,58.199999999999996,1.9205999999999999,68.61760000000001,2.5510000000003856,0.36619718309859156,32.2,22.6,0.021200000000007435
Austria,2023,PIA,26.0,4.0,4.0,HARD,70.546,58.199999999999996,1.9205999999999999,69.00160000000001,0.9929999999994834,0.36619718309859156,32.2,22.6,0.17499999999999716
Austria,2023,LEC,27.0,3.0,12.0,MEDIUM,69.899,56.4,1.8612,68.2952,15.0,0.38028169014084506,32.2,22.6,0.3066000000000031
Austria,2023,VER,27.0,3.0,3.0,HARD,69.245,56.4,1.8612,67.6412,5.171999999999571,0.38028169014084506,32.2,22.6,-0.008799999999993702
Austria,2023,SAI,27.0,3.0,12.0,MEDIUM,70.031,56.4,1.8612,68.4272,2.1940000000004147,0.38028169014084506,32.2,22.6,0.3164000000000158
Austria,2023,HAM,27.0,3.0,13.0,HARD,70.148,56.4,1.8612,68.54419999999999,4.394999999999527,0.38028169014084506,32.2,22.6,0.02740000000000009
Austria,2023,NOR,27.0,3.0,13.0,HARD,70.302,56.4,1.8612,68.6982,0.8930000000000291,0.38028169014084506,32.2,22.6,1.1788000000000096
Austria,2023,ALO,27.0,3.0,12.0,MEDIUM,70.354,56.4,1.8612,68.75019999999999,4.960000000000036,0.38028169014084506,32.2,22.6,1.0777999999999963
Austria,2023,GAS,27.0,3.0,13.0,HARD,70.649,56.4,1.8612,69.0452,5.693000000000211,0.38028169014084506,32.2,22.6,0.20459999999999923
Austria,2023,RUS,27.0,3.0,13.0,HARD,70.63,56.4,1.8612,69.02619999999999,4.855000000000473,0.38028169014084506,32.2,22.6,0.023200000000002774
Austria,2023,PER,27.0,3.0,2.0,MEDIUM,69.294,56.4,1.8612,67.69019999999999,2.324999999999818,0.38028169014084506,32.2,22.6,0.0006000000000057071
Austria,2023,ALB,27.0,3.0,13.0,HARD,71.348,56.4,1.8612,69.74419999999999,1.7730000000001382,0.38028169014084506,32.2,22.6,1.604600000000005
Austria,2023,OCO,27.0,3.0,13.0,HARD,70.937,56.4,1.8612,69.33319999999999,0.8099999999994907,0.38028169014084506,32.2,22.6,0.9632000000000005
Austria,2023,STR,27.0,3.0,12.0,HARD,70.789,56.4,1.8612,69.1852,1.0670000000000073,0.38028169014084506,32.2,22.6,1.1487999999999943
Austria,2023,SAR,27.0,3.0,13.0,HARD,71.39,56.4,1.8612,69.7862,7.376000000000204,0.38028169014084506,32.2,22.6,1.3986000000000018
Austria,2023,ZHO,27.0,3.0,19.0,HARD,71.367,56.4,1.8612,69.7632,1.7560000000003129,0.38028169014084506,32.2,22.6,1.4390000000000072
Austria,2023,MAG,27.0,3.0,25.0,HARD,72.987,56.4,1.8612,71.38319999999999,1.1989999999996144,0.38028169014084506,32.1,22.6,2.526999999999987
Austria,2023,DEV,27.0,3.0,15.0,HARD,71.421,56.4,1.8612,69.8172,4.181999999999789,0.38028169014084506,32.1,22.6,0.3060000000000116
Austria,2023,TSU,27.0,4.0,4.0,HARD,70.429,56.4,1.8612,68.8252,13.19800000000032,0.38028169014084506,32.1,22.6,0.04080000000000439
Austria,2023,BOT,27.0,3.0,6.0,MEDIUM,70.427,56.4,1.8612,68.8232,2.548999999999978,0.38028169014084506,32.1,22.6,0.286200000000008
Austria,2023,PIA,27.0,4.0,5.0,HARD,70.411,56.4,1.8612,68.8072,0.9769999999998618,0.38028169014084506,32.1,22.6,0.03999999999999204
Austria,2023,LEC,28.0,3.0,13.0,MEDIUM,70.01,54.6,1.8018,68.3468,15.0,0.39436619718309857,32.1,22.6,0.4176000000000073
Austria,2023,VER,28.0,3.0,4.0,HARD,69.251,54.6,1.8018,67.5878,4.412999999999556,0.39436619718309857,32.1,22.6,-0.0027999999999934744
Austria,2023,SAI,28.0,3.0,13.0,MEDIUM,69.957,54.6,1.8018,68.29379999999999,2.9000000000005457,0.39436619718309857,32.1,22.6,0.2424000000000035
Austria,2023,NOR,28.0,3.0,14.0,HARD,69.947,54.6,1.8018,68.2838,5.277999999999338,0.39436619718309857,32.1,22.6,0.8238000000000056
Austria,2023,HAM,28.0,3.0,14.0,HARD,71.541,54.6,1.8018,69.8778,0.7010000000000218,0.39436619718309857,32.1,22.6,1.4204000000000008
Austria,2023,ALO,28.0,3.0,13.0,MEDIUM,70.369,54.6,1.8018,68.7058,4.681000000000495,0.39436619718309857,32.1,22.6,1.0927999999999969
Austria,2023,GAS,28.0,3.0,14.0,HARD,70.67,54.6,1.8018,69.0068,5.993999999999687,0.39436619718309857,32.1,22.6,0.22560000000000002
Austria,2023,RUS,28.0,3.0,14.0,HARD,70.6,54.6,1.8018,68.93679999999999,4.7849999999998545,0.39436619718309857,32.1,22.6,-0.006799999999998363
Austria,2023,PER,28.0,3.0,3.0,MEDIUM,69.388,54.6,1.8018,67.7248,1.1130000000002838,0.39436619718309857,32.1,22.6,0.094600000000014
Austria,2023,ALB,28.0,3.0,14.0,HARD,71.015,54.6,1.8018,69.3518,3.399999999999636,0.39436619718309857,32.1,22.6,1.2716000000000065
Austria,2023,OCO,28.0,3.0,14.0,HARD,70.877,54.6,1.8018,69.21379999999999,0.6720000000004802,0.39436619718309857,31.5,22.6,0.9031999999999982
Austria,2023,STR,28.0,3.0,13.0,HARD,70.789,54.6,1.8018,69.1258,0.9789999999993597,0.39436619718309857,31.5,22.6,1.1487999999999943
Austria,2023,SAR,28.0,3.0,14.0,HARD,71.307,54.6,1.8018,69.6438,7.894000000000233,0.39436619718309857,31.5,22.6,1.3156000000000034
Austria,2023,ZHO,28.0,3.0,20.0,HARD,71.494,54.6,1.8018,69.8308,1.943000000000211,0.39436619718309857,31.5,22.6,1.5660000000000025
Austria,2023,MAG,28.0,3.0,26.0,HARD,72.254,54.6,1.8018,70.5908,1.9589999999998327,0.39436619718309857,31.5,22.6,1.793999999999997
Austria,2023,DEV,28.0,3.0,16.0,HARD,71.459,54.6,1.8018,69.7958,3.3869999999997162,0.39436619718309857,31.5,22.6,0.3440000000000083
Austria,2023,TSU,28.0,4.0,5.0,HARD,70.346,54.6,1.8018,68.6828,12.085000000000036,0.39436619718309857,31.5,22.6,-0.04219999999999402
Austria,2023,BOT,28.0,3.0,7.0,MEDIUM,70.351,54.6,1.8018,68.6878,2.5540000000000873,0.39436619718309857,31.5,22.6,0.2102000000000004
Austria,2023,PIA,28.0,4.0,6.0,HARD,70.361,54.6,1.8018,68.6978,0.98700000000008,0.39436619718309857,31.5,22.6,-0.010000000000005116
Austria,2023,LEC,29.0,3.0,14.0,MEDIUM,69.96,52.8,1.7424,68.2374,15.0,0.4084507042253521,31.5,22.6,0.36759999999999593
Austria,2023,VER,29.0,3.0,5.0,HARD,69.289,52.8,1.7424,67.5664,3.7419999999992797,0.4084507042253521,31.5,22.6,0.03520000000000323
Austria,2023,SAI,29.0,3.0,14.0,MEDIUM,70.145,52.8,1.7424,68.4224,3.756000000000313,0.4084507042253521,31.5,22.6,0.4304000000000059
Austria,2023,NOR,29.0,3.0,15.0,HARD,70.826,52.8,1.7424,69.1034,5.958999999999833,0.4084507042253521,31.5,22.6,1.7027999999999963
Austria,2023,HAM,29.0,3.0,15.0,HARD,70.847,52.8,1.7424,69.1244,0.7219999999997526,0.4084507042253521,31.5,22.6,0.7263999999999982
Austria,2023,ALO,29.0,3.0,14.0,MEDIUM,70.404,52.8,1.7424,68.6814,4.238000000000284,0.4084507042253521,31.5,22.6,1.1277999999999935
Austria,2023,GAS,29.0,3.0,15.0,HARD,71.188,52.8,1.7424,69.4654,6.778000000000247,0.4084507042253521,31.9,22.6,0.7436000000000007
Austria,2023,RUS,29.0,3.0,15.0,HARD,71.045,52.8,1.7424,69.3224,4.641999999999825,0.4084507042253521,31.9,22.6,0.438200000000009
Austria,2023,PER,29.0,3.0,4.0,MEDIUM,70.261,52.8,1.7424,68.5384,0.3289999999997235,0.4084507042253521,31.9,22.6,0.9676000000000045
Austria,2023,ALB,29.0,3.0,15.0,HARD,71.016,52.8,1.7424,69.2934,4.155000000000655,0.4084507042253521,31.9,22.6,1.2726000000000113
Austria,2023,OCO,29.0,3.0,15.0,HARD,71.006,52.8,1.7424,69.2834,0.6619999999993524,0.4084507042253521,31.9,22.6,1.0322000000000031
Austria,2023,STR,29.0,3.0,14.0,HARD,71.004,52.8,1.7424,69.2814,0.9770000000007713,0.4084507042253521,31.9,22.6,1.3637999999999977
Austria,2023,SAR,29.0,3.0,15.0,HARD,71.125,52.8,1.7424,69.4024,8.014999999999418,0.4084507042253521,31.9,22.6,1.1336000000000013
Austria,2023,ZHO,29.0,3.0,21.0,HARD,71.714,52.8,1.7424,69.9914,2.532000000000153,0.4084507042253521,31.9,22.6,1.7860000000000014
Austria,2023,MAG,29.0,3.0,27.0,HARD,72.188,52.8,1.7424,70.4654,2.4329999999999927,0.4084507042253521,31.9,22.6,1.7279999999999944
Austria,2023,DEV,29.0,3.0,17.0,HARD,71.521,52.8,1.7424,69.7984,2.7200000000002547,0.4084507042253521,31.9,22.6,0.4060000000000059
Austria,2023,TSU,29.0,4.0,6.0,HARD,70.363,52.8,1.7424,68.6404,10.92699999999968,0.4084507042253521,31.9,22.6,-0.025199999999998113
Austria,2023,BOT,29.0,3.0,8.0,MEDIUM,70.109,52.8,1.7424,68.3864,2.300000000000182,0.4084507042253521,31.9,22.6,-0.03180000000000405
Austria,2023,PIA,29.0,4.0,7.0,HARD,70.341,52.8,1.7424,68.6184,1.219000000000051,0.4084507042253521,31.9,22.6,-0.030000000000015348
Austria,2023,LEC,30.0,3.0,15.0,MEDIUM,69.916,51.0,1.683,68.134,15.0,0.4225352112676056,31.9,22.6,0.323599999999999
Austria,2023,VER,30.0,3.0,6.0,HARD,69.373,51.0,1.683,67.59100000000001,3.199000000000524,0.4225352112676056,31.9,22.6,0.11920000000000641
Austria,2023,SAI,30.0,3.0,15.0,MEDIUM,70.203,51.0,1.683,68.421,4.58600000000024,0.4225352112676056,31.9,22.6,0.4884000000000128
Austria,2023,NOR,30.0,3.0,16.0,HARD,70.478,51.0,1.683,68.696,6.233999999999469,0.4225352112676056,32.2,22.7,1.3547999999999973
Austria,2023,HAM,30.0,3.0,16.0,HARD,70.644,51.0,1.683,68.86200000000001,0.88799999999992,0.4225352112676056,32.2,22.7,0.5234000000000094
Austria,2023,ALO,30.0,3.0,15.0,MEDIUM,70.409,51.0,1.683,68.62700000000001,4.003000000000611,0.4225352112676056,32.2,22.7,1.1328000000000031
Austria,2023,GAS,30.0,3.0,16.0,HARD,70.948,51.0,1.683,69.166,7.317000000000007,0.4225352112676056,32.2,22.7,0.5035999999999916
Austria,2023,PER,30.0,3.0,5.0,MEDIUM,69.783,51.0,1.683,68.001,3.8059999999995853,0.4225352112676056,32.2,22.7,0.48960000000001
Austria,2023,RUS,30.0,3.0,16.0,HARD,71.351,51.0,1.683,69.569,1.238999999999578,0.4225352112676056,32.2,22.7,0.7442000000000064
Austria,2023,ALB,30.0,3.0,16.0,HARD,71.012,51.0,1.683,69.23,4.145000000000437,0.4225352112676056,32.2,22.7,1.2686000000000064
Austria,2023,OCO,30.0,3.0,16.0,HARD,71.239,51.0,1.683,69.45700000000001,0.8890000000001237,0.4225352112676056,32.2,22.7,1.2652000000000072
Austria,2023,STR,30.0,3.0,15.0,HARD,70.953,51.0,1.683,69.171,0.6909999999998035,0.4225352112676056,32.2,22.7,1.3127999999999957
Austria,2023,SAR,30.0,3.0,16.0,HARD,71.073,51.0,1.683,69.291,8.135000000000218,0.4225352112676056,32.2,22.7,1.0815999999999946
Austria,2023,ZHO,30.0,3.0,22.0,HARD,71.71,51.0,1.683,69.928,3.168999999999869,0.4225352112676056,32.2,22.7,1.7819999999999965
Austria,2023,MAG,30.0,3.0,28.0,HARD,72.157,51.0,1.683,70.375,2.880000000000109,0.4225352112676056,32.2,22.7,1.6969999999999885
Austria,2023,DEV,30.0,3.0,18.0,HARD,71.525,51.0,1.683,69.74300000000001,2.087999999999738,0.4225352112676056,32.2,22.7,0.4100000000000108
Austria,2023,TSU,30.0,4.0,7.0,HARD,70.588,51.0,1.683,68.806,9.989999999999782,0.4225352112676056,32.2,22.7,0.1997999999999962
Austria,2023,BOT,30.0,3.0,9.0,MEDIUM,70.35,51.0,1.683,68.568,2.0620000000008076,0.4225352112676056,32.2,22.7,0.2091999999999956
Austria,2023,PIA,30.0,4.0,8.0,HARD,70.643,51.0,1.683,68.861,1.5119999999997162,0.4225352112676056,32.2,22.7,0.27199999999999136
Austria,2023,LEC,31.0,3.0,16.0,MEDIUM,70.29,49.199999999999996,1.6236,68.4486,15.0,0.43661971830985913,32.2,22.7,0.6976000000000084
Austria,2023,VER,31.0,3.0,7.0,HARD,69.576,49.199999999999996,1.6236,67.7346,2.485000000000582,0.43661971830985913,32.2,22.7,0.32219999999999516
Austria,2023,SAI,31.0,3.0,16.0,MEDIUM,70.311,49.199999999999996,1.6236,68.46960000000001,5.320999999999913,0.43661971830985913,32.2,22.7,0.5964000000000169
Austria,2023,NOR,31.0,3.0,17.0,HARD,70.494,49.199999999999996,1.6236,68.6526,6.416999999999462,0.43661971830985913,32.2,22.7,1.3708000000000027
Austria,2023,HAM,31.0,3.0,17.0,HARD,70.579,49.199999999999996,1.6236,68.73759999999999,0.9730000000008658,0.43661971830985913,32.2,22.7,0.4583999999999975
Austria,2023,ALO,31.0,3.0,16.0,MEDIUM,70.486,49.199999999999996,1.6236,68.6446,3.9099999999998545,0.43661971830985913,32.2,22.7,1.2098000000000013
Austria,2023,GAS,31.0,3.0,17.0,HARD,70.755,49.199999999999996,1.6236,68.9136,7.585999999999331,0.43661971830985913,32.2,22.7,0.31059999999999377
Austria,2023,PER,31.0,3.0,6.0,MEDIUM,69.486,49.199999999999996,1.6236,67.6446,2.537000000000262,0.43661971830985913,32.2,22.7,0.19260000000001298
Austria,2023,RUS,31.0,3.0,17.0,HARD,70.996,49.199999999999996,1.6236,69.15459999999999,2.7489999999997963,0.43661971830985913,32.2,22.7,0.38920000000000243
Austria,2023,ALB,31.0,3.0,17.0,HARD,71.097,49.199999999999996,1.6236,69.25559999999999,4.246000000000095,0.43661971830985913,32.2,22.7,1.3536000000000001
Austria,2023,OCO,31.0,3.0,17.0,HARD,71.009,49.199999999999996,1.6236,69.1676,0.8010000000003856,0.43661971830985913,32.2,22.7,1.0352000000000032
Austria,2023,STR,31.0,3.0,16.0,HARD,70.933,49.199999999999996,1.6236,69.0916,0.6149999999997817,0.43661971830985913,32.2,22.7,1.2927999999999997
Austria,2023,SAR,31.0,3.0,17.0,HARD,71.141,49.199999999999996,1.6236,69.2996,8.342999999999847,0.43661971830985913,32.2,22.7,1.1496000000000066
Austria,2023,ZHO,31.0,3.0,23.0,HARD,71.779,49.199999999999996,1.6236,69.9376,3.806999999999789,0.43661971830985913,32.2,22.7,1.850999999999999
Austria,2023,MAG,31.0,3.0,29.0,HARD,72.17,49.199999999999996,1.6236,70.3286,3.2710000000006403,0.43661971830985913,32.2,22.7,1.7099999999999937
Austria,2023,DEV,31.0,3.0,19.0,HARD,71.715,49.199999999999996,1.6236,69.87360000000001,1.6329999999998108,0.43661971830985913,32.2,22.7,0.6000000000000085
Austria,2023,TSU,31.0,4.0,8.0,HARD,70.731,49.199999999999996,1.6236,68.8896,9.006000000000313,0.43661971830985913,32.1,22.7,0.3427999999999969
Austria,2023,BOT,31.0,3.0,10.0,MEDIUM,70.494,49.199999999999996,1.6236,68.6526,1.824999999999818,0.43661971830985913,32.1,22.7,0.35320000000000107
Austria,2023,PIA,31.0,4.0,9.0,HARD,70.765,49.199999999999996,1.6236,68.9236,1.782999999999447,0.43661971830985913,32.1,22.7,0.39399999999999125
Austria,2023,LEC,32.0,3.0,17.0,MEDIUM,70.416,47.4,1.5642,68.5152,15.0,0.4507042253521127,32.1,22.7,0.823599999999999
Austria,2023,VER,32.0,3.0,8.0,HARD,69.603,47.4,1.5642,67.70219999999999,1.6720000000004802,0.4507042253521127,32.1,22.7,0.3491999999999962
Austria,2023,SAI,32.0,3.0,17.0,MEDIUM,70.246,47.4,1.5642,68.34519999999999,5.963999999999942,0.4507042253521127,32.1,22.7,0.531400000000005
Austria,2023,NOR,32.0,3.0,18.0,HARD,70.563,47.4,1.5642,68.6622,6.733999999999469,0.4507042253521127,32.1,22.7,1.4398000000000053
Austria,2023,HAM,32.0,3.0,18.0,HARD,70.541,47.4,1.5642,68.6402,0.9510000000000218,0.4507042253521127,32.1,22.7,0.4204000000000008
Austria,2023,ALO,32.0,3.0,17.0,MEDIUM,70.436,47.4,1.5642,68.5352,3.805000000000291,0.4507042253521127,32.1,22.7,1.1598000000000042
Austria,2023,GAS,32.0,3.0,18.0,HARD,71.156,47.4,1.5642,69.2552,8.305999999999585,0.4507042253521127,32.1,22.7,0.7116000000000042
Austria,2023,PER,32.0,3.0,7.0,MEDIUM,69.601,47.4,1.5642,67.7002,0.9820000000008804,0.4507042253521127,32.1,22.7,0.30760000000000787
Austria,2023,RUS,32.0,3.0,18.0,HARD,70.788,47.4,1.5642,68.88719999999999,3.9359999999996944,0.4507042253521127,32.1,22.7,0.18120000000000402
Austria,2023,ALB,32.0,3.0,18.0,HARD,71.472,47.4,1.5642,69.57119999999999,4.930000000000291,0.4507042253521127,32.1,22.7,1.7286000000000001
Austria,2023,OCO,32.0,3.0,18.0,HARD,71.322,47.4,1.5642,69.4212,0.6509999999998399,0.4507042253521127,32.1,22.7,1.3482000000000056
Austria,2023,STR,32.0,3.0,17.0,HARD,71.342,47.4,1.5642,69.4412,0.6349999999993088,0.4507042253521127,32.1,22.7,1.7017999999999915
Austria,2023,SAR,32.0,3.0,18.0,HARD,71.143,47.4,1.5642,69.2422,8.144000000000233,0.4507042253521127,32.1,22.7,1.151600000000002
Austria,2023,ZHO,32.0,3.0,24.0,HARD,71.643,47.4,1.5642,69.7422,4.306999999999789,0.4507042253521127,32.1,22.7,1.7150000000000034
Austria,2023,MAG,32.0,3.0,30.0,HARD,72.081,47.4,1.5642,70.1802,3.709000000000742,0.4507042253521127,31.9,22.6,1.6209999999999951
Austria,2023,DEV,32.0,3.0,20.0,HARD,71.598,47.4,1.5642,69.6972,1.1499999999996362,0.4507042253521127,31.9,22.6,0.4830000000000041
Austria,2023,TSU,32.0,4.0,9.0,HARD,70.555,47.4,1.5642,68.6542,7.962999999999738,0.4507042253521127,31.9,22.6,0.16680000000000916
Austria,2023,BOT,32.0,3.0,11.0,MEDIUM,70.62,47.4,1.5642,68.7192,1.8900000000003274,0.4507042253521127,31.9,22.6,0.47920000000000584
Austria,2023,PIA,32.0,4.0,10.0,HARD,70.774,47.4,1.5642,68.8732,1.9369999999998981,0.4507042253521127,31.9,22.6,0.4029999999999916
Austria,2023,LEC,33.0,3.0,18.0,MEDIUM,70.389,45.6,1.5048000000000001,68.4288,15.0,0.4647887323943662,31.9,22.6,0.796599999999998
Austria,2023,VER,33.0,3.0,9.0,HARD,69.631,45.6,1.5048000000000001,67.6708,0.9139999999997599,0.4647887323943662,31.9,22.6,0.377200000000002
Austria,2023,SAI,33.0,3.0,18.0,MEDIUM,70.043,45.6,1.5048000000000001,68.0828,6.376000000000204,0.4647887323943662,31.9,22.6,0.32840000000001623
Austria,2023,NOR,33.0,3.0,19.0,HARD,70.462,45.6,1.5048000000000001,68.5018,7.153000000000247,0.4647887323943662,31.9,22.6,1.3388000000000062
Austria,2023,HAM,33.0,3.0,19.0,HARD,70.533,45.6,1.5048000000000001,68.5728,1.0219999999999345,0.4647887323943662,31.9,22.6,0.4124000000000052
Austria,2023,ALO,33.0,3.0,18.0,MEDIUM,70.412,45.6,1.5048000000000001,68.4518,3.6840000000001965,0.4647887323943662,31.9,22.6,1.1358000000000033
Austria,2023,GAS,33.0,3.0,19.0,HARD,70.843,45.6,1.5048000000000001,68.8828,8.73700000000008,0.4647887323943662,31.9,22.6,0.39860000000000184
Austria,2023,PER,33.0,3.0,8.0,MEDIUM,70.283,45.6,1.5048000000000001,68.3228,0.4219999999995707,0.4647887323943662,31.9,22.6,0.98960000000001
Austria,2023,RUS,33.0,3.0,19.0,HARD,70.726,45.6,1.5048000000000001,68.7658,4.378999999999905,0.4647887323943662,31.9,22.6,0.11920000000000641
Austria,2023,ALB,33.0,3.0,19.0,HARD,70.896,45.6,1.5048000000000001,68.9358,5.100000000000364,0.4647887323943662,31.9,22.6,1.1526000000000067
Austria,2023,OCO,33.0,3.0,19.0,HARD,70.978,45.6,1.5048000000000001,69.0178,0.7330000000001746,0.4647887323943662,31.9,22.6,1.0041999999999973
Austria,2023,STR,33.0,3.0,18.0,HARD,71.187,45.6,1.5048000000000001,69.2268,0.8440000000000509,0.4647887323943662,31.9,22.6,1.5467999999999904
Austria,2023,SAR,33.0,3.0,19.0,HARD,71.479,45.6,1.5048000000000001,69.5188,8.435999999999694,0.4647887323943662,31.8,22.5,1.4876000000000005
Austria,2023,ZHO,33.0,3.0,25.0,HARD,71.503,45.6,1.5048000000000001,69.5428,4.331000000000131,0.4647887323943662,31.8,22.5,1.5750000000000028
Austria,2023,MAG,33.0,3.0,31.0,HARD,72.175,45.6,1.5048000000000001,70.2148,4.380999999999403,0.4647887323943662,31.8,22.5,1.7149999999999892
Austria,2023,DEV,33.0,3.0,21.0,HARD,71.807,45.6,1.5048000000000001,69.8468,0.7820000000001528,0.4647887323943662,31.8,22.5,0.6920000000000073
Austria,2023,TSU,33.0,4.0,10.0,HARD,70.607,45.6,1.5048000000000001,68.6468,6.76299999999992,0.4647887323943662,31.8,22.5,0.21880000000000166
Austria,2023,BOT,33.0,3.0,12.0,MEDIUM,70.705,45.6,1.5048000000000001,68.7448,1.9880000000002838,0.4647887323943662,31.8,22.5,0.5641999999999996
Austria,2023,PIA,33.0,4.0,11.0,HARD,70.708,45.6,1.5048000000000001,68.7478,1.9399999999995998,0.4647887323943662,31.8,22.5,0.3369999999999891
Austria,2023,LEC,34.0,3.0,19.0,MEDIUM,70.321,43.8,1.4454,68.3014,15.0,0.4788732394366197,31.8,22.5,0.7286000000000001
Austria,2023,VER,34.0,3.0,10.0,HARD,69.779,43.8,1.4454,67.7594,0.3720000000002983,0.4788732394366197,31.8,22.5,0.5251999999999981
Austria,2023,SAI,34.0,3.0,19.0,MEDIUM,70.023,43.8,1.4454,68.0034,6.619999999999891,0.4788732394366197,31.8,22.5,0.308400000000006
Austria,2023,NOR,34.0,3.0,20.0,HARD,70.252,43.8,1.4454,68.2324,7.381999999999607,0.4788732394366197,31.8,22.5,1.1287999999999982
Austria,2023,HAM,34.0,3.0,20.0,HARD,70.326,43.8,1.4454,68.3064,1.0960000000004584,0.4788732394366197,31.8,22.5,0.20539999999999736
Austria,2023,ALO,34.0,3.0,19.0,MEDIUM,70.301,43.8,1.4454,68.2814,3.6589999999996508,0.4788732394366197,31.8,22.5,1.024799999999999
Austria,2023,PER,34.0,3.0,9.0,MEDIUM,69.433,43.8,1.4454,67.41340000000001,8.291000000000167,0.4788732394366197,31.8,22.5,0.1396000000000157
Austria,2023,GAS,34.0,3.0,20.0,HARD,71.693,43.8,1.4454,69.6734,1.837999999999738,0.4788732394366197,31.8,22.5,1.2485999999999962
Austria,2023,RUS,34.0,3.0,20.0,HARD,70.535,43.8,1.4454,68.5154,3.643000000000029,0.4788732394366197,31.7,22.5,-0.07179999999999609
Austria,2023,ALB,34.0,3.0,20.0,HARD,70.905,43.8,1.4454,68.8854,5.470000000000255,0.4788732394366197,31.7,22.5,1.161600000000007
Austria,2023,OCO,34.0,3.0,20.0,HARD,71.167,43.8,1.4454,69.1474,0.9949999999998909,0.4788732394366197,31.7,22.5,1.1932000000000045
Austria,2023,STR,34.0,3.0,19.0,HARD,71.045,43.8,1.4454,69.0254,0.7220000000006621,0.4788732394366197,31.7,22.5,1.4047999999999945
Austria,2023,SAR,34.0,3.0,20.0,HARD,71.303,43.8,1.4454,69.2834,8.693999999999505,0.4788732394366197,31.7,22.5,1.3115999999999985
Austria,2023,ZHO,34.0,3.0,26.0,HARD,71.591,43.8,1.4454,69.5714,4.618999999999687,0.4788732394366197,31.7,22.5,1.6629999999999967
Austria,2023,DEV,34.0,3.0,22.0,HARD,71.78,43.8,1.4454,69.7604,5.352000000000771,0.4788732394366197,31.7,22.5,0.6650000000000063
Austria,2023,TSU,34.0,4.0,11.0,HARD,70.702,43.8,1.4454,68.6824,5.684999999999491,0.4788732394366197,31.7,22.5,0.3138000000000005
Austria,2023,BOT,34.0,3.0,13.0,MEDIUM,70.634,43.8,1.4454,68.6144,1.9200000000000728,0.4788732394366197,31.7,22.5,0.49320000000000164
Austria,2023,PIA,34.0,4.0,12.0,HARD,70.65,43.8,1.4454,68.63040000000001,1.956000000000131,0.4788732394366197,31.7,22.5,0.27899999999999636
Austria,2023,VER,35.0,3.0,11.0,HARD,69.265,42.0,1.3860000000000001,67.186,15.0,0.49295774647887325,31.7,22.5,0.01120000000000232
Austria,2023,LEC,35.0,3.0,20.0,MEDIUM,70.891,42.0,1.3860000000000001,68.81200000000001,1.2539999999999054,0.49295774647887325,31.7,22.5,1.2986000000000075
Austria,2023,SAI,35.0,3.0,20.0,MEDIUM,70.298,42.0,1.3860000000000001,68.21900000000001,6.3989999999994325,0.49295774647887325,31.7,22.5,0.5834000000000117
Austria,2023,NOR,35.0,3.0,21.0,HARD,70.468,42.0,1.3860000000000001,68.38900000000001,7.552000000000589,0.49295774647887325,31.7,22.5,1.3448000000000064
Austria,2023,HAM,35.0,3.0,21.0,HARD,70.978,42.0,1.3860000000000001,68.899,1.6059999999997672,0.49295774647887325,31.7,22.5,0.8573999999999984
Austria,2023,ALO,35.0,3.0,20.0,MEDIUM,70.259,42.0,1.3860000000000001,68.18,2.9399999999996,0.49295774647887325,31.7,22.5,0.9827999999999975
Austria,2023,PER,35.0,3.0,10.0,MEDIUM,69.456,42.0,1.3860000000000001,67.37700000000001,7.488000000000284,0.49295774647887325,31.7,22.5,0.16260000000001185
Austria,2023,GAS,35.0,3.0,21.0,HARD,71.074,42.0,1.3860000000000001,68.995,3.456000000000131,0.49295774647887325,31.7,22.5,0.6295999999999964
Austria,2023,RUS,35.0,3.0,21.0,HARD,70.617,42.0,1.3860000000000001,68.53800000000001,3.1859999999996944,0.49295774647887325,31.7,22.5,0.010200000000011755
Austria,2023,ALB,35.0,3.0,21.0,HARD,71.024,42.0,1.3860000000000001,68.94500000000001,5.8770000000004075,0.49295774647887325,31.7,22.5,1.2806000000000068
Austria,2023,OCO,35.0,3.0,21.0,HARD,70.973,42.0,1.3860000000000001,68.894,0.9439999999995052,0.49295774647887325,31.7,22.5,0.9992000000000019
Austria,2023,STR,35.0,3.0,20.0,HARD,70.97,42.0,1.3860000000000001,68.891,0.7190000000000509,0.49295774647887325,31.7,22.5,1.3297999999999917
Austria,2023,SAR,35.0,3.0,21.0,HARD,71.169,42.0,1.3860000000000001,69.09,8.893000000000029,0.49295774647887325,31.7,22.5,1.1775999999999982
Austria,2023,ZHO,35.0,3.0,27.0,HARD,71.641,42.0,1.3860000000000001,69.56200000000001,5.091000000000349,0.49295774647887325,31.7,22.5,1.713000000000008
Austria,2023,DEV,35.0,3.0,23.0,HARD,71.596,42.0,1.3860000000000001,69.51700000000001,5.306999999999789,0.49295774647887325,31.7,22.5,0.48100000000000875
Austria,2023,TSU,35.0,4.0,12.0,HARD,70.917,42.0,1.3860000000000001,68.83800000000001,5.006000000000313,0.49295774647887325,31.7,22.5,0.5288000000000039
Austria,2023,BOT,35.0,3.0,14.0,MEDIUM,71.023,42.0,1.3860000000000001,68.944,2.02599999999984,0.49295774647887325,31.7,22.5,0.8821999999999974
Austria,2023,VER,36.0,3.0,12.0,HARD,69.367,40.2,1.3266000000000002,67.2286,15.0,0.5070422535211268,31.7,22.5,0.11320000000000618
Austria,2023,LEC,36.0,3.0,21.0,MEDIUM,70.548,40.2,1.3266000000000002,68.4096,2.4350000000004,0.5070422535211268,31.7,22.5,0.955600000000004
Austria,2023,PIA,35.0,4.0,13.0,HARD,73.784,42.0,1.3860000000000001,71.70500000000001,4.7169999999996435,0.49295774647887325,31.7,22.5,3.4129999999999967
Austria,2023,SAI,36.0,3.0,21.0,MEDIUM,70.336,40.2,1.3266000000000002,68.1976,6.186999999999898,0.5070422535211268,31.7,22.5,0.6214000000000084
Austria,2023,NOR,36.0,3.0,22.0,HARD,70.815,40.2,1.3266000000000002,68.6766,8.030999999999949,0.5070422535211268,31.5,22.5,1.6918000000000006
Austria,2023,HAM,36.0,3.0,22.0,HARD,70.725,40.2,1.3266000000000002,68.58659999999999,1.5159999999996217,0.5070422535211268,31.5,22.5,0.6043999999999983
Austria,2023,ALO,36.0,3.0,21.0,MEDIUM,70.591,40.2,1.3266000000000002,68.45259999999999,2.8060000000004948,0.5070422535211268,31.5,22.5,1.314799999999991
Austria,2023,PER,36.0,3.0,11.0,MEDIUM,69.321,40.2,1.3266000000000002,67.1826,6.217999999999847,0.5070422535211268,31.5,22.5,0.02760000000000673
Austria,2023,GAS,36.0,3.0,22.0,HARD,71.142,40.2,1.3266000000000002,69.00359999999999,5.277000000000044,0.5070422535211268,31.5,22.5,0.6975999999999942
Austria,2023,RUS,36.0,3.0,22.0,HARD,70.731,40.2,1.3266000000000002,68.59259999999999,2.774999999999636,0.5070422535211268,31.5,22.5,0.12420000000000186
Austria,2023,ALB,36.0,3.0,22.0,HARD,70.98,40.2,1.3266000000000002,68.8416,6.126000000000204,0.5070422535211268,31.5,22.5,1.23660000000001
Austria,2023,OCO,36.0,3.0,22.0,HARD,71.036,40.2,1.3266000000000002,68.8976,1.0,0.5070422535211268,31.5,22.5,1.0622000000000043
Austria,2023,SAR,36.0,3.0,22.0,HARD,71.263,40.2,1.3266000000000002,69.1246,9.838999999999942,0.5070422535211268,31.5,22.5,1.2716000000000065
Austria,2023,ZHO,36.0,3.0,28.0,HARD,71.766,40.2,1.3266000000000002,69.6276,5.594000000000051,0.5070422535211268,31.5,22.5,1.838000000000008
Austria,2023,DEV,36.0,3.0,24.0,HARD,71.487,40.2,1.3266000000000002,69.34859999999999,5.028000000000247,0.5070422535211268,31.5,22.5,0.3719999999999999
Austria,2023,TSU,36.0,4.0,13.0,HARD,71.069,40.2,1.3266000000000002,68.9306,4.587999999999738,0.5070422535211268,31.5,22.5,0.680800000000005
Austria,2023,VER,37.0,3.0,13.0,HARD,69.707,38.39999999999999,1.2671999999999999,67.50919999999999,15.0,0.5211267605633803,31.5,22.5,0.4531999999999954
Austria,2023,BOT,36.0,3.0,15.0,MEDIUM,72.273,40.2,1.3266000000000002,70.13459999999999,3.230000000000473,0.5070422535211268,31.5,22.5,2.1321999999999974
Austria,2023,LEC,37.0,3.0,22.0,MEDIUM,70.671,38.39999999999999,1.2671999999999999,68.4732,3.399000000000342,0.5211267605633803,31.4,22.5,1.0786000000000087
Austria,2023,PIA,36.0,4.0,14.0,HARD,71.211,40.2,1.3266000000000002,69.0726,3.6549999999997453,0.5070422535211268,31.4,22.5,0.8399999999999892
Austria,2023,SAI,37.0,3.0,22.0,MEDIUM,70.329,38.39999999999999,1.2671999999999999,68.13119999999999,5.844999999999345,0.5211267605633803,31.4,22.5,0.6144000000000034
Austria,2023,MAG,36.0,4.0,3.0,HARD,70.367,40.2,1.3266000000000002,68.2286,9.97400000000016,0.5070422535211268,31.4,22.5,-0.09300000000000352
Austria,2023,NOR,37.0,3.0,23.0,HARD,70.73,38.39999999999999,1.2671999999999999,68.5322,8.432000000000698,0.5211267605633803,31.4,22.5,1.606800000000007
Austria,2023,HAM,37.0,3.0,23.0,HARD,70.857,38.39999999999999,1.2671999999999999,68.6592,1.643000000000029,0.5211267605633803,31.4,22.5,0.7364000000000033
Austria,2023,ALO,37.0,3.0,22.0,MEDIUM,70.617,38.39999999999999,1.2671999999999999,68.4192,2.5659999999998035,0.5211267605633803,31.4,22.5,1.3408000000000015
Austria,2023,PER,37.0,3.0,12.0,MEDIUM,69.338,38.39999999999999,1.2671999999999999,67.1402,4.938999999999396,0.5211267605633803,31.4,22.5,0.04460000000000264
Austria,2023,GAS,37.0,3.0,23.0,HARD,71.214,38.39999999999999,1.2671999999999999,69.0162,7.153000000000247,0.5211267605633803,31.4,22.5,0.769599999999997
Austria,2023,RUS,37.0,3.0,23.0,HARD,70.794,38.39999999999999,1.2671999999999999,68.5962,2.355000000000473,0.5211267605633803,31.4,22.5,0.18720000000000425
Austria,2023,ALB,37.0,3.0,23.0,HARD,70.893,38.39999999999999,1.2671999999999999,68.6952,6.224999999999454,0.5211267605633803,31.4,22.5,1.1496000000000066
Austria,2023,OCO,37.0,3.0,23.0,HARD,71.115,38.39999999999999,1.2671999999999999,68.9172,1.2219999999997526,0.5211267605633803,31.4,22.5,1.1411999999999978
Austria,2023,SAR,37.0,3.0,23.0,HARD,71.439,38.39999999999999,1.2671999999999999,69.24119999999999,10.163000000000466,0.5211267605633803,31.4,22.5,1.4475999999999942
Austria,2023,ZHO,37.0,3.0,29.0,HARD,71.896,38.39999999999999,1.2671999999999999,69.6982,6.051000000000386,0.5211267605633803,31.4,22.5,1.9680000000000035
Austria,2023,TSU,37.0,4.0,14.0,HARD,71.073,38.39999999999999,1.2671999999999999,68.87519999999999,8.792999999999665,0.5211267605633803,31.4,22.5,0.6847999999999956
Austria,2023,VER,38.0,3.0,14.0,HARD,69.568,36.599999999999994,1.2077999999999998,67.3108,15.0,0.5352112676056338,31.4,22.5,0.3141999999999996
Austria,2023,BOT,37.0,3.0,16.0,MEDIUM,70.631,38.39999999999999,1.2671999999999999,68.4332,2.787999999999556,0.5211267605633803,31.4,22.5,0.4902000000000015
Austria,2023,LEC,38.0,3.0,23.0,MEDIUM,70.659,36.599999999999994,1.2077999999999998,68.40180000000001,4.489999999999782,0.5352112676056338,31.4,22.5,1.0666000000000082
Austria,2023,PIA,37.0,4.0,15.0,HARD,71.099,38.39999999999999,1.2671999999999999,68.9012,4.123000000000502,0.5211267605633803,31.4,22.5,0.7279999999999944
Austria,2023,SAI,38.0,3.0,23.0,MEDIUM,70.311,36.599999999999994,1.2077999999999998,68.05380000000001,5.497000000000298,0.5352112676056338,31.4,22.5,0.5964000000000169
Austria,2023,MAG,37.0,4.0,4.0,HARD,70.176,38.39999999999999,1.2671999999999999,67.9782,9.050999999999476,0.5211267605633803,31.4,22.5,-0.284000000000006
Austria,2023,NOR,38.0,3.0,24.0,HARD,70.696,36.599999999999994,1.2077999999999998,68.4388,8.817000000000007,0.5352112676056338,31.4,22.5,1.5728000000000009
Austria,2023,HAM,38.0,3.0,24.0,HARD,70.652,36.599999999999994,1.2077999999999998,68.3948,1.5989999999992506,0.5352112676056338,31.4,22.5,0.531400000000005
Austria,2023,ALO,38.0,3.0,23.0,MEDIUM,70.579,36.599999999999994,1.2077999999999998,68.3218,2.493000000000393,0.5352112676056338,31.4,22.5,1.3027999999999906
Austria,2023,PER,38.0,3.0,13.0,MEDIUM,69.258,36.599999999999994,1.2077999999999998,67.0008,3.618000000000393,0.5352112676056338,31.4,22.5,-0.03539999999999566
Austria,2023,GAS,38.0,3.0,24.0,HARD,71.148,36.599999999999994,1.2077999999999998,68.8908,9.042999999999665,0.5352112676056338,31.4,22.5,0.7035999999999945
Austria,2023,RUS,38.0,3.0,24.0,HARD,70.964,36.599999999999994,1.2077999999999998,68.7068,2.1710000000002765,0.5352112676056338,31.4,22.5,0.35720000000000596
Austria,2023,ALB,38.0,3.0,24.0,HARD,71.165,36.599999999999994,1.2077999999999998,68.90780000000001,6.425999999999476,0.5352112676056338,31.4,22.5,1.4216000000000122
Austria,2023,OCO,38.0,3.0,24.0,HARD,71.585,36.599999999999994,1.2077999999999998,69.3278,1.6419999999998254,0.5352112676056338,31.4,22.5,1.6111999999999966
Austria,2023,SAR,38.0,3.0,24.0,HARD,71.447,36.599999999999994,1.2077999999999998,69.1898,10.025000000000546,0.5352112676056338,31.3,22.5,1.455600000000004
Austria,2023,STR,38.0,4.0,2.0,HARD,69.574,36.599999999999994,1.2077999999999998,67.3168,9.333999999999833,0.5352112676056338,31.3,22.5,-0.06620000000000914
Austria,2023,VER,39.0,3.0,15.0,HARD,69.386,34.8,1.1483999999999999,67.0694,15.0,0.5492957746478874,31.3,22.5,0.13219999999999743
Austria,2023,TSU,38.0,4.0,15.0,HARD,72.269,36.599999999999994,1.2077999999999998,70.01180000000001,6.332000000000335,0.5352112676056338,31.3,22.5,1.8808000000000078
Austria,2023,BOT,38.0,3.0,17.0,MEDIUM,71.504,36.599999999999994,1.2077999999999998,69.24680000000001,2.0229999999992287,0.5352112676056338,31.3,22.5,1.3632000000000062
Austria,2023,LEC,39.0,3.0,24.0,MEDIUM,70.724,34.8,1.1483999999999999,68.40740000000001,5.828000000000429,0.5492957746478874,31.3,22.5,1.131600000000006
Austria,2023,PIA,38.0,4.0,16.0,HARD,71.067,36.599999999999994,1.2077999999999998,68.8098,3.686000000000604,0.5352112676056338,31.3,22.5,0.6959999999999837
Austria,2023,SAI,39.0,3.0,24.0,MEDIUM,70.536,34.8,1.1483999999999999,68.21940000000001,5.3090000000001965,0.5492957746478874,31.3,22.5,0.8214000000000112
Austria,2023,MAG,38.0,4.0,5.0,HARD,71.246,36.599999999999994,1.2077999999999998,68.9888,9.229999999999563,0.5352112676056338,31.3,22.5,0.7859999999999872
Austria,2023,NOR,39.0,3.0,25.0,HARD,71.175,34.8,1.1483999999999999,68.8584,9.455999999999221,0.5492957746478874,31.3,22.5,2.0518
Austria,2023,HAM,39.0,3.0,25.0,HARD,70.959,34.8,1.1483999999999999,68.64240000000001,1.3830000000007203,0.5492957746478874,31.3,22.5,0.8384000000000071
Austria,2023,ALO,39.0,3.0,24.0,MEDIUM,70.599,34.8,1.1483999999999999,68.28240000000001,2.132999999999811,0.5492957746478874,31.3,22.5,1.3228000000000009
Austria,2023,PER,39.0,3.0,14.0,MEDIUM,69.547,34.8,1.1483999999999999,67.2304,2.5659999999998035,0.5492957746478874,31.3,22.5,0.2536000000000058
Austria,2023,GAS,39.0,3.0,25.0,HARD,71.132,34.8,1.1483999999999999,68.81540000000001,10.627999999999702,0.5492957746478874,31.3,22.5,0.6876000000000033
Austria,2023,RUS,39.0,3.0,25.0,HARD,70.982,34.8,1.1483999999999999,68.6654,2.0210000000006403,0.5492957746478874,31.3,22.5,0.37520000000000664
Austria,2023,ALB,39.0,3.0,25.0,HARD,71.189,34.8,1.1483999999999999,68.8724,6.632999999999811,0.5492957746478874,31.4,22.5,1.4455999999999989
Austria,2023,OCO,39.0,3.0,25.0,HARD,71.904,34.8,1.1483999999999999,69.5874,2.356999999999971,0.5492957746478874,31.4,22.5,1.9301999999999992
Austria,2023,SAR,39.0,3.0,25.0,HARD,71.244,34.8,1.1483999999999999,68.9274,9.364999999999782,0.5492957746478874,31.4,22.5,1.252600000000001
Austria,2023,STR,39.0,4.0,3.0,HARD,69.608,34.8,1.1483999999999999,67.29140000000001,7.69800000000032,0.5492957746478874,31.4,22.5,-0.032200000000003115
Austria,2023,VER,40.0,3.0,16.0,HARD,69.431,33.0,1.089,67.05499999999999,15.0,0.5633802816901409,31.4,22.5,0.17719999999999914
Austria,2023,TSU,39.0,4.0,16.0,HARD,71.256,34.8,1.1483999999999999,68.9394,7.979999999999563,0.5492957746478874,31.4,22.5,0.8678000000000026
Austria,2023,BOT,39.0,3.0,18.0,MEDIUM,71.345,34.8,1.1483999999999999,69.0284,2.11200000000008,0.5492957746478874,31.4,22.5,1.2042000000000002
Austria,2023,LEC,40.0,3.0,25.0,MEDIUM,70.896,33.0,1.089,68.52,7.292999999999665,0.5633802816901409,31.4,22.5,1.303600000000003
Austria,2023,PIA,39.0,4.0,17.0,HARD,71.241,34.8,1.1483999999999999,68.9244,3.5820000000003347,0.5492957746478874,31.4,22.5,0.8699999999999903
Austria,2023,SAI,40.0,3.0,25.0,MEDIUM,70.363,33.0,1.089,67.987,4.77599999999984,0.5633802816901409,31.4,22.5,0.6484000000000094
Austria,2023,DEV,39.0,4.0,2.0,MEDIUM,69.974,34.8,1.1483999999999999,67.65740000000001,7.25,0.5492957746478874,31.4,22.5,-0.08120000000000971
Austria,2023,MAG,39.0,4.0,6.0,HARD,70.24,34.8,1.1483999999999999,67.9234,0.9790000000002692,0.5492957746478874,31.4,22.5,-0.22000000000001307
Austria,2023,NOR,40.0,3.0,26.0,HARD,71.559,33.0,1.089,69.18299999999999,10.652000000000044,0.5633802816901409,31.4,22.5,2.4358000000000004
Austria,2023,HAM,40.0,3.0,26.0,HARD,71.384,33.0,1.089,69.008,1.2080000000005384,0.5633802816901409,31.4,22.5,1.2634000000000043
Austria,2023,ALO,40.0,3.0,25.0,MEDIUM,70.636,33.0,1.089,68.25999999999999,1.3849999999993088,0.5633802816901409,31.4,22.5,1.3597999999999928
Austria,2023,PER,40.0,3.0,15.0,MEDIUM,69.337,33.0,1.089,66.961,1.2670000000007349,0.5633802816901409,31.4,22.5,0.043600000000012074
Austria,2023,GAS,40.0,3.0,26.0,HARD,71.112,33.0,1.089,68.73599999999999,12.402999999999338,0.5633802816901409,31.3,22.5,0.6675999999999931
Austria,2023,RUS,40.0,3.0,26.0,HARD,71.034,33.0,1.089,68.658,1.943000000000211,0.5633802816901409,31.3,22.5,0.42720000000001335
Austria,2023,ALB,40.0,3.0,26.0,HARD,71.191,33.0,1.089,68.815,6.789999999999964,0.5633802816901409,31.3,22.5,1.4476000000000084
Austria,2023,SAR,40.0,3.0,26.0,HARD,71.343,33.0,1.089,68.967,11.873999999999796,0.5633802816901409,31.3,22.5,1.3516000000000048
Austria,2023,STR,40.0,4.0,4.0,HARD,69.666,33.0,1.089,67.28999999999999,6.02100000000064,0.5633802816901409,31.3,22.5,0.02579999999998961
Austria,2023,VER,41.0,3.0,17.0,HARD,69.527,31.200000000000003,1.0296,67.0916,15.0,0.5774647887323944,31.3,22.5,0.2732000000000028
Austria,2023,TSU,40.0,4.0,17.0,HARD,71.185,33.0,1.089,68.809,9.498999999999796,0.5633802816901409,31.3,22.5,0.7968000000000046
Austria,2023,LEC,41.0,3.0,26.0,MEDIUM,70.828,31.200000000000003,1.0296,68.3926,8.594000000000051,0.5774647887323944,31.3,22.5,1.2356000000000051
Austria,2023,PIA,40.0,4.0,18.0,HARD,71.015,33.0,1.089,68.639,5.5239999999994325,0.5633802816901409,31.3,22.5,0.6439999999999912
Austria,2023,SAI,41.0,3.0,26.0,MEDIUM,70.577,31.200000000000003,1.0296,68.1416,4.524999999999636,0.5774647887323944,31.3,22.5,0.862400000000008
Austria,2023,ZHO,40.0,4.0,2.0,HARD,69.872,33.0,1.089,67.496,4.441000000000713,0.5633802816901409,31.3,22.5,-0.055999999999997385
Austria,2023,DEV,40.0,4.0,3.0,MEDIUM,70.061,33.0,1.089,67.685,1.8549999999995634,0.5633802816901409,31.3,22.5,0.005799999999993588
Austria,2023,MAG,40.0,4.0,7.0,HARD,70.326,33.0,1.089,67.94999999999999,1.2440000000005966,0.5633802816901409,31.3,22.5,-0.13400000000001455
Austria,2023,HAM,41.0,3.0,27.0,HARD,70.868,31.200000000000003,1.0296,68.4326,12.15099999999984,0.5774647887323944,31.3,22.5,0.747399999999999
Austria,2023,ALO,41.0,3.0,26.0,MEDIUM,70.667,31.200000000000003,1.0296,68.2316,1.1840000000001965,0.5774647887323944,31.2,22.5,1.3907999999999987
Austria,2023,PER,41.0,3.0,16.0,MEDIUM,69.805,31.200000000000003,1.0296,67.3696,0.40499999999974534,0.5774647887323944,31.2,22.5,0.5116000000000156
Austria,2023,GAS,41.0,3.0,27.0,HARD,71.044,31.200000000000003,1.0296,68.6086,13.641999999999825,0.5774647887323944,31.2,22.5,0.5995999999999952
Austria,2023,SAR,41.0,3.0,27.0,HARD,71.488,31.200000000000003,1.0296,69.0526,15.0,0.5774647887323944,31.2,22.5,1.4966000000000008
Austria,2023,STR,41.0,4.0,5.0,HARD,69.752,31.200000000000003,1.0296,67.3166,4.2849999999998545,0.5774647887323944,31.2,22.5,0.11179999999998813
Austria,2023,VER,42.0,3.0,18.0,HARD,69.511,29.39999999999999,0.9701999999999997,67.0162,15.0,0.5915492957746479,31.2,22.5,0.25719999999999743
Austria,2023,TSU,41.0,4.0,18.0,HARD,71.321,31.200000000000003,1.0296,68.8856,11.068000000000211,0.5774647887323944,31.2,22.5,0.9328000000000003
Austria,2023,LEC,42.0,3.0,27.0,MEDIUM,70.522,29.39999999999999,0.9701999999999997,68.02720000000001,9.605000000000473,0.5915492957746479,31.2,22.5,0.9296000000000078
Austria,2023,SAI,42.0,3.0,27.0,MEDIUM,70.521,29.39999999999999,0.9701999999999997,68.0262,4.5239999999994325,0.5915492957746479,31.2,22.5,0.8064000000000107
Austria,2023,ZHO,41.0,4.0,3.0,HARD,70.085,31.200000000000003,1.0296,67.64959999999999,8.72900000000027,0.5774647887323944,31.0,22.3,0.15699999999999648
Austria,2023,DEV,41.0,4.0,4.0,MEDIUM,70.003,31.200000000000003,1.0296,67.5676,1.7730000000001382,0.5774647887323944,31.0,22.3,-0.05220000000001335
Austria,2023,MAG,41.0,4.0,8.0,HARD,70.569,31.200000000000003,1.0296,68.1336,1.8099999999994907,0.5774647887323944,31.0,22.3,0.10899999999999466
Austria,2023,PER,42.0,3.0,17.0,MEDIUM,69.79,29.39999999999999,0.9701999999999997,67.29520000000001,13.009000000000015,0.5915492957746479,31.0,22.3,0.49660000000001503
Austria,2023,ALO,42.0,3.0,27.0,MEDIUM,71.349,29.39999999999999,0.9701999999999997,68.8542,1.154000000000451,0.5915492957746479,31.0,22.3,2.072800000000001
Austria,2023,GAS,42.0,3.0,28.0,HARD,71.96,29.39999999999999,0.9701999999999997,69.4652,14.657999999999447,0.5915492957746479,31.0,22.3,1.515599999999992
Austria,2023,SAR,42.0,3.0,28.0,HARD,71.551,29.39999999999999,0.9701999999999997,69.0562,15.0,0.5915492957746479,31.0,22.3,1.5596000000000032
Austria,2023,STR,42.0,4.0,6.0,HARD,69.898,29.39999999999999,0.9701999999999997,67.4032,2.631999999999607,0.5915492957746479,31.0,22.3,0.2577999999999889
Austria,2023,VER,43.0,3.0,19.0,HARD,69.592,27.599999999999994,0.9107999999999998,67.0378,15.0,0.6056338028169014,31.0,22.3,0.3382000000000005
Austria,2023,TSU,42.0,4.0,19.0,HARD,71.645,29.39999999999999,0.9701999999999997,69.1502,12.8149999999996,0.5915492957746479,31.0,22.2,1.2567999999999984
Austria,2023,LEC,43.0,3.0,28.0,MEDIUM,70.624,27.599999999999994,0.9107999999999998,68.0698,10.636999999999716,0.6056338028169014,31.0,22.2,1.0315999999999974
Austria,2023,OCO,42.0,4.0,2.0,HARD,70.432,29.39999999999999,0.9701999999999997,67.9372,3.037000000000262,0.5915492957746479,31.0,22.2,0.45820000000000505
Austria,2023,SAI,43.0,3.0,28.0,MEDIUM,70.197,27.599999999999994,0.9107999999999998,67.64280000000001,4.096999999999753,0.6056338028169014,31.0,22.2,0.4824000000000126
Austria,2023,ZHO,42.0,4.0,4.0,HARD,69.895,29.39999999999999,0.9701999999999997,67.4002,3.9420000000000073,0.5915492957746479,31.0,22.2,-0.03300000000000125
Austria,2023,DEV,42.0,4.0,5.0,MEDIUM,70.169,29.39999999999999,0.9701999999999997,67.6742,2.04700000000048,0.5915492957746479,31.0,22.2,0.11379999999998347
Austria,2023,MAG,42.0,4.0,9.0,HARD,70.416,29.39999999999999,0.9701999999999997,67.9212,2.056999999999789,0.5915492957746479,31.0,22.2,-0.04400000000001114
Austria,2023,PER,43.0,3.0,18.0,MEDIUM,69.287,27.599999999999994,0.9107999999999998,66.73280000000001,12.09900000000016,0.6056338028169014,31.0,22.2,-0.006399999999985084
Austria,2023,ALO,43.0,3.0,28.0,MEDIUM,70.967,27.599999999999994,0.9107999999999998,68.4128,2.8339999999998327,0.6056338028169014,31.0,22.2,1.6907999999999959
Austria,2023,BOT,42.0,4.0,2.0,HARD,70.102,29.39999999999999,0.9701999999999997,67.6072,9.53399999999965,0.5915492957746479,31.0,22.2,0.022599999999997067
Austria,2023,GAS,43.0,3.0,29.0,HARD,71.116,27.599999999999994,0.9107999999999998,68.5618,14.806999999999789,0.6056338028169014,31.0,22.2,0.671599999999998
Austria,2023,NOR,43.0,4.0,2.0,HARD,69.259,27.599999999999994,0.9107999999999998,66.7048,0.7300000000004729,0.6056338028169014,31.0,22.2,0.13580000000000325
Austria,2023,RUS,43.0,4.0,2.0,MEDIUM,69.659,27.599999999999994,0.9107999999999998,67.10480000000001,15.0,0.6056338028169014,31.0,22.2,0.13309999999999889
Austria,2023,STR,43.0,4.0,7.0,HARD,70.136,27.599999999999994,0.9107999999999998,67.5818,2.610000000000582,0.6056338028169014,30.7,22.3,0.49579999999998847
Austria,2023,VER,44.0,3.0,20.0,HARD,69.678,25.799999999999997,0.8513999999999999,67.06439999999999,15.0,0.6197183098591549,30.7,22.3,0.424199999999999
Austria,2023,ALB,43.0,4.0,2.0,HARD,69.834,27.599999999999994,0.9107999999999998,67.27980000000001,10.14599999999973,0.6056338028169014,30.7,22.3,0.09060000000000912
Austria,2023,LEC,44.0,3.0,29.0,MEDIUM,70.475,25.799999999999997,0.8513999999999999,67.86139999999999,11.434000000000196,0.6197183098591549,30.7,22.3,0.8825999999999965
Austria,2023,OCO,43.0,4.0,3.0,HARD,70.741,27.599999999999994,0.9107999999999998,68.1868,6.310999999999694,0.6056338028169014,30.7,22.3,0.7672000000000025
Austria,2023,SAI,44.0,3.0,29.0,MEDIUM,70.677,25.799999999999997,0.8513999999999999,68.0634,4.298999999999978,0.6197183098591549,30.7,22.3,0.9624000000000166
Austria,2023,ZHO,43.0,4.0,5.0,HARD,70.066,27.599999999999994,0.9107999999999998,67.51180000000001,3.2669999999998254,0.6056338028169014,30.7,22.3,0.13800000000000523
Austria,2023,DEV,43.0,4.0,6.0,MEDIUM,70.275,27.599999999999994,0.9107999999999998,67.72080000000001,2.256000000000313,0.6056338028169014,30.7,22.3,0.21979999999999222
Austria,2023,MAG,43.0,4.0,10.0,HARD,70.631,27.599999999999994,0.9107999999999998,68.0768,2.4130000000004657,0.6056338028169014,30.7,22.3,0.17099999999999227
Austria,2023,PER,44.0,3.0,19.0,MEDIUM,69.489,25.799999999999997,0.8513999999999999,66.8754,10.910999999999149,0.6197183098591549,30.7,22.3,0.1956000000000131
Austria,2023,BOT,43.0,4.0,3.0,HARD,70.343,27.599999999999994,0.9107999999999998,67.78880000000001,9.245999999999185,0.6056338028169014,30.7,22.3,0.2635999999999967
Austria,2023,PIA,43.0,5.0,2.0,MEDIUM,70.091,27.599999999999994,0.9107999999999998,67.5368,4.54700000000048,0.6056338028169014,30.7,22.3,0.09019999999999584
Austria,2023,NOR,44.0,4.0,3.0,HARD,69.164,25.799999999999997,0.8513999999999999,66.5504,15.0,0.6197183098591549,30.7,22.3,0.04080000000000439
Austria,2023,HAM,44.0,4.0,2.0,MEDIUM,70.483,25.799999999999997,0.8513999999999999,67.8694,10.233000000000175,0.6197183098591549,30.7,22.3,1.1740000000000066
Austria,2023,RUS,44.0,4.0,3.0,MEDIUM,69.822,25.799999999999997,0.8513999999999999,67.2084,9.378999999999905,0.6197183098591549,30.7,22.3,0.2960999999999956
Austria,2023,STR,44.0,4.0,8.0,HARD,69.552,25.799999999999997,0.8513999999999999,66.9384,2.3400000000001455,0.6197183098591549,30.7,22.3,-0.0882000000000005
Austria,2023,VER,45.0,3.0,21.0,HARD,69.651,24.0,0.792,66.978,15.0,0.6338028169014085,30.7,22.3,0.397199999999998
Austria,2023,ALB,44.0,4.0,3.0,HARD,69.871,25.799999999999997,0.8513999999999999,67.25739999999999,10.465000000000146,0.6197183098591549,30.7,22.3,0.12760000000000105
Austria,2023,LEC,45.0,3.0,30.0,MEDIUM,70.475,24.0,0.792,67.80199999999999,12.25799999999981,0.6338028169014085,30.7,22.3,0.8825999999999965
Austria,2023,OCO,44.0,4.0,4.0,HARD,70.245,25.799999999999997,0.8513999999999999,67.6314,6.684999999999491,0.6197183098591549,30.7,22.3,0.27120000000000744
Austria,2023,ZHO,44.0,4.0,6.0,HARD,71.369,25.799999999999997,0.8513999999999999,68.7554,4.391000000000531,0.6197183098591549,30.7,22.3,1.4410000000000025
Austria,2023,DEV,44.0,4.0,7.0,MEDIUM,70.472,25.799999999999997,0.8513999999999999,67.85839999999999,1.3589999999994689,0.6197183098591549,30.7,22.3,0.41679999999998074
Austria,2023,MAG,44.0,4.0,11.0,HARD,70.68,25.799999999999997,0.8513999999999999,68.0664,2.6210000000000946,0.6197183098591549,30.7,22.3,0.21999999999999886
Austria,2023,PER,45.0,3.0,20.0,MEDIUM,69.271,24.0,0.792,66.598,14.006000000000313,0.6338028169014085,30.7,22.3,-0.022399999999990428
Austria,2023,BOT,44.0,4.0,4.0,HARD,70.196,25.799999999999997,0.8513999999999999,67.58239999999999,8.762000000000626,0.6197183098591549,30.7,22.3,0.11659999999999116
Austria,2023,PIA,44.0,5.0,3.0,MEDIUM,70.308,25.799999999999997,0.8513999999999999,67.6944,4.658999999999651,0.6197183098591549,30.7,22.3,0.3072000000000088
Austria,2023,NOR,45.0,4.0,4.0,HARD,69.047,24.0,0.792,66.374,15.0,0.6338028169014085,30.7,22.3,-0.07620000000000005
Austria,2023,HAM,45.0,4.0,3.0,MEDIUM,70.105,24.0,0.792,67.432,11.290999999999258,0.6338028169014085,30.6,22.4,0.7960000000000065
Austria,2023,RUS,45.0,4.0,4.0,MEDIUM,69.726,24.0,0.792,67.053,9.0,0.6338028169014085,30.6,22.4,0.20009999999999195
Austria,2023,STR,45.0,4.0,9.0,HARD,69.697,24.0,0.792,67.024,2.311000000000604,0.6338028169014085,30.6,22.4,0.05679999999999552
Austria,2023,VER,46.0,3.0,22.0,HARD,69.563,22.200000000000003,0.7326000000000001,66.8306,15.0,0.647887323943662,30.6,22.4,0.30920000000000414
Austria,2023,ALB,45.0,4.0,4.0,HARD,69.848,24.0,0.792,67.175,10.615999999999985,0.6338028169014085,30.6,22.4,0.10460000000000491
Austria,2023,LEC,46.0,3.0,31.0,MEDIUM,70.631,22.200000000000003,0.7326000000000001,67.8986,13.326000000000022,0.647887323943662,30.6,22.4,1.0386000000000024
Austria,2023,OCO,45.0,4.0,5.0,HARD,70.541,24.0,0.792,67.868,7.377999999999702,0.6338028169014085,30.6,22.4,0.5671999999999997
Austria,2023,SAR,45.0,4.0,2.0,HARD,69.611,24.0,0.792,66.938,2.805000000000291,0.6338028169014085,30.6,22.4,-0.3803999999999945
Austria,2023,ZHO,45.0,4.0,7.0,HARD,71.131,24.0,0.792,68.458,2.175999999999476,0.6338028169014085,30.6,22.4,1.203000000000003
Austria,2023,DEV,45.0,4.0,8.0,MEDIUM,70.767,24.0,0.792,68.094,0.9950000000008004,0.6338028169014085,30.6,22.4,0.7117999999999824
Austria,2023,MAG,45.0,4.0,12.0,HARD,70.703,24.0,0.792,68.03,2.556999999999789,0.6338028169014085,30.6,22.4,0.242999999999995
Austria,2023,PER,46.0,3.0,21.0,MEDIUM,69.288,22.200000000000003,0.7326000000000001,66.5556,12.662999999999556,0.647887323943662,30.6,22.4,-0.00539999999999452
Austria,2023,BOT,45.0,4.0,5.0,HARD,70.009,24.0,0.792,67.336,8.068000000000211,0.6338028169014085,30.6,22.4,-0.07040000000000646
Austria,2023,TSU,45.0,5.0,2.0,MEDIUM,69.62,24.0,0.792,66.947,2.665999999999258,0.6338028169014085,30.6,22.4,-0.40399999999999636
Austria,2023,PIA,45.0,5.0,4.0,MEDIUM,69.901,24.0,0.792,67.228,1.8850000000002183,0.6338028169014085,30.6,22.4,-0.09980000000000189
Austria,2023,NOR,46.0,4.0,5.0,HARD,69.873,22.200000000000003,0.7326000000000001,67.1406,15.0,0.647887323943662,31.0,22.4,0.7498000000000076
Austria,2023,ALO,46.0,4.0,2.0,MEDIUM,69.25,22.200000000000003,0.7326000000000001,66.5176,7.929000000000087,0.647887323943662,31.0,22.4,-0.026200000000002888
Austria,2023,HAM,46.0,4.0,4.0,MEDIUM,69.545,22.200000000000003,0.7326000000000001,66.8126,3.0339999999996508,0.647887323943662,31.0,22.4,0.2360000000000042
Austria,2023,RUS,46.0,4.0,5.0,MEDIUM,69.688,22.200000000000003,0.7326000000000001,66.9556,9.143000000000029,0.647887323943662,31.0,22.4,0.16209999999999525
Austria,2023,STR,46.0,4.0,10.0,HARD,69.729,22.200000000000003,0.7326000000000001,66.9966,2.3519999999998618,0.647887323943662,31.0,22.4,0.088799999999992
Austria,2023,VER,47.0,3.0,23.0,HARD,69.451,20.39999999999999,0.6731999999999998,66.6592,15.0,0.6619718309859155,31.0,22.4,0.19719999999999516
Austria,2023,GAS,46.0,4.0,2.0,MEDIUM,69.157,22.200000000000003,0.7326000000000001,66.4246,6.663000000000466,0.647887323943662,31.0,22.4,-0.10320000000000107
Austria,2023,ALB,46.0,4.0,5.0,HARD,69.732,22.200000000000003,0.7326000000000001,66.9996,3.956000000000131,0.647887323943662,31.0,22.4,-0.011399999999994748
Austria,2023,OCO,46.0,4.0,6.0,HARD,70.451,22.200000000000003,0.7326000000000001,67.7186,8.096999999999753,0.647887323943662,31.0,22.4,0.4771999999999963
Austria,2023,SAR,46.0,4.0,3.0,HARD,69.791,22.200000000000003,0.7326000000000001,67.0586,2.1450000000004366,0.647887323943662,31.0,22.4,-0.2004000000000019
Austria,2023,ZHO,46.0,4.0,8.0,HARD,69.786,22.200000000000003,0.7326000000000001,67.0536,2.170999999999367,0.647887323943662,31.0,22.4,-0.1419999999999959
Austria,2023,DEV,46.0,4.0,9.0,MEDIUM,69.852,22.200000000000003,0.7326000000000001,67.1196,1.061000000000604,0.647887323943662,31.0,22.4,-0.2032000000000096
Austria,2023,MAG,46.0,4.0,13.0,HARD,70.453,22.200000000000003,0.7326000000000001,67.7206,3.157999999999447,0.647887323943662,31.0,22.4,-0.007000000000005002
Austria,2023,PER,47.0,3.0,22.0,MEDIUM,69.402,20.39999999999999,0.6731999999999998,66.6102,15.0,0.6619718309859155,31.0,22.4,0.1086000000000098
Austria,2023,BOT,46.0,4.0,6.0,HARD,70.074,22.200000000000003,0.7326000000000001,67.3416,7.689000000000306,0.647887323943662,31.5,22.3,-0.005400000000008731
Austria,2023,TSU,46.0,5.0,3.0,MEDIUM,69.775,22.200000000000003,0.7326000000000001,67.04260000000001,2.367000000000189,0.647887323943662,31.5,22.3,-0.24899999999999523
Austria,2023,PIA,46.0,5.0,5.0,MEDIUM,69.862,22.200000000000003,0.7326000000000001,67.1296,1.9719999999997526,0.647887323943662,31.5,22.3,-0.13880000000000337
Austria,2023,SAI,47.0,4.0,2.0,HARD,68.943,20.39999999999999,0.6731999999999998,66.1512,15.0,0.6619718309859155,31.5,22.3,-0.001999999999995339
Austria,2023,NOR,47.0,4.0,6.0,HARD,69.453,20.39999999999999,0.6731999999999998,66.66120000000001,1.0080000000007203,0.6619718309859155,31.5,22.3,0.32980000000000587
Austria,2023,ALO,47.0,4.0,3.0,MEDIUM,69.234,20.39999999999999,0.6731999999999998,66.4422,7.710000000000036,0.6619718309859155,31.5,22.3,-0.04220000000000823
Austria,2023,HAM,47.0,4.0,5.0,MEDIUM,69.297,20.39999999999999,0.6731999999999998,66.5052,3.0969999999997526,0.6619718309859155,31.5,22.3,-0.012000000000000455
Austria,2023,RUS,47.0,4.0,6.0,MEDIUM,69.779,20.39999999999999,0.6731999999999998,66.9872,9.625,0.6619718309859155,31.5,22.3,0.2530999999999892
Austria,2023,STR,47.0,4.0,11.0,HARD,69.727,20.39999999999999,0.6731999999999998,66.93520000000001,2.300000000000182,0.6619718309859155,31.5,22.3,0.08679999999999666
Austria,2023,VER,48.0,3.0,24.0,HARD,69.419,18.599999999999994,0.6137999999999998,66.56779999999999,15.0,0.676056338028169,31.5,22.3,0.16519999999999868
Austria,2023,GAS,47.0,4.0,3.0,MEDIUM,69.241,20.39999999999999,0.6731999999999998,66.4492,6.17699999999968,0.6619718309859155,31.5,22.3,-0.019199999999997885
Austria,2023,ALB,47.0,4.0,6.0,HARD,69.766,20.39999999999999,0.6731999999999998,66.97420000000001,4.480999999999767,0.6619718309859155,31.5,22.3,0.022600000000011278
Austria,2023,OCO,47.0,4.0,7.0,HARD,69.967,20.39999999999999,0.6731999999999998,67.1752,8.298000000000684,0.6619718309859155,31.5,22.3,-0.006799999999998363
Austria,2023,SAR,47.0,4.0,4.0,HARD,70.279,20.39999999999999,0.6731999999999998,67.4872,2.456999999999425,0.6619718309859155,31.6,22.4,0.28759999999999764
Austria,2023,ZHO,47.0,4.0,9.0,HARD,69.864,20.39999999999999,0.6731999999999998,67.07220000000001,1.7560000000003129,0.6619718309859155,31.6,22.4,-0.06399999999999295
Austria,2023,DEV,47.0,4.0,10.0,MEDIUM,69.898,20.39999999999999,0.6731999999999998,67.1062,1.0950000000002547,0.6619718309859155,31.6,22.4,-0.15720000000001733
Austria,2023,PER,48.0,3.0,23.0,MEDIUM,69.771,18.599999999999994,0.6137999999999998,66.9198,15.0,0.676056338028169,31.6,22.4,0.4776000000000096
Austria,2023,MAG,47.0,4.0,14.0,HARD,72.041,20.39999999999999,0.6731999999999998,69.2492,5.300999999999476,0.6619718309859155,31.6,22.4,1.5809999999999889
Austria,2023,BOT,47.0,4.0,7.0,HARD,70.078,20.39999999999999,0.6731999999999998,67.28620000000001,5.725999999999658,0.6619718309859155,31.6,22.4,-0.0014000000000038426
Austria,2023,TSU,47.0,5.0,4.0,MEDIUM,70.496,20.39999999999999,0.6731999999999998,67.7042,2.785000000000764,0.6619718309859155,31.6,22.4,0.4719999999999942
Austria,2023,PIA,47.0,5.0,6.0,MEDIUM,70.008,20.39999999999999,0.6731999999999998,67.2162,1.4839999999994689,0.6619718309859155,31.6,22.4,0.007199999999997431
Austria,2023,SAI,48.0,4.0,3.0,HARD,68.948,18.599999999999994,0.6137999999999998,66.09679999999999,15.0,0.676056338028169,31.6,22.4,0.0030000000000001137
Austria,2023,NOR,48.0,4.0,7.0,HARD,68.739,18.599999999999994,0.6137999999999998,65.8878,0.7989999999999782,0.676056338028169,31.6,22.4,-0.38419999999999277
Austria,2023,ALO,48.0,4.0,4.0,MEDIUM,69.634,18.599999999999994,0.6137999999999998,66.7828,8.605000000000473,0.676056338028169,31.6,22.4,0.35779999999999745
Austria,2023,HAM,48.0,4.0,6.0,MEDIUM,69.16,18.599999999999994,0.6137999999999998,66.30879999999999,2.6229999999995925,0.676056338028169,31.6,22.4,-0.1490000000000009
Austria,2023,RUS,48.0,4.0,7.0,MEDIUM,69.734,18.599999999999994,0.6137999999999998,66.88279999999999,10.198999999999614,0.676056338028169,31.6,22.4,0.20809999999998752
Austria,2023,STR,48.0,4.0,12.0,HARD,69.806,18.599999999999994,0.6137999999999998,66.95479999999999,2.3720000000002983,0.676056338028169,31.6,22.4,0.16579999999999018
Austria,2023,GAS,48.0,4.0,4.0,MEDIUM,69.046,18.599999999999994,0.6137999999999998,66.1948,5.417000000000371,0.676056338028169,31.6,22.4,-0.21419999999999106
Austria,2023,ALB,48.0,4.0,7.0,HARD,69.832,18.599999999999994,0.6137999999999998,66.98079999999999,5.266999999999825,0.676056338028169,31.6,22.4,0.08859999999999957
Austria,2023,OCO,48.0,4.0,8.0,HARD,69.982,18.599999999999994,0.6137999999999998,67.1308,8.44800000000032,0.676056338028169,31.7,22.5,0.008200000000002206
Austria,2023,SAR,48.0,4.0,5.0,HARD,70.047,18.599999999999994,0.6137999999999998,67.19579999999999,2.5219999999999345,0.676056338028169,31.7,22.5,0.05559999999999832
Austria,2023,ZHO,48.0,4.0,10.0,HARD,69.863,18.599999999999994,0.6137999999999998,67.0118,1.571999999999207,0.676056338028169,31.7,22.5,-0.06499999999999773
Austria,2023,DEV,48.0,4.0,11.0,MEDIUM,70.463,18.599999999999994,0.6137999999999998,67.61179999999999,1.6950000000006185,0.676056338028169,31.7,22.5,0.4077999999999804
Austria,2023,PER,49.0,3.0,24.0,MEDIUM,69.425,16.799999999999997,0.5543999999999999,66.5144,15.0,0.6901408450704225,31.7,22.5,0.13160000000000593
Austria,2023,MAG,48.0,4.0,15.0,HARD,70.395,18.599999999999994,0.6137999999999998,67.54379999999999,5.233000000000175,0.676056338028169,31.7,22.5,-0.06500000000001194
Austria,2023,LEC,49.0,4.0,2.0,HARD,69.595,16.799999999999997,0.5543999999999999,66.6844,8.257000000000517,0.6901408450704225,31.7,22.5,0.7031999999999954
Austria,2023,BOT,48.0,4.0,8.0,HARD,71.574,18.599999999999994,0.6137999999999998,68.72279999999999,6.904999999999745,0.676056338028169,31.7,22.5,1.4945999999999913
Austria,2023,TSU,48.0,5.0,5.0,MEDIUM,70.008,18.599999999999994,0.6137999999999998,67.15679999999999,1.219000000000051,0.676056338028169,31.7,22.5,-0.016000000000005343
Austria,2023,PIA,48.0,5.0,7.0,MEDIUM,70.179,18.599999999999994,0.6137999999999998,67.3278,1.6549999999997453,0.676056338028169,31.7,22.5,0.1782000000000039
Austria,2023,SAI,49.0,4.0,4.0,HARD,68.906,16.799999999999997,0.5543999999999999,65.9954,7.850999999999658,0.6901408450704225,31.7,22.5,-0.03899999999998727
Austria,2023,NOR,49.0,4.0,8.0,HARD,69.068,16.799999999999997,0.5543999999999999,66.1574,0.9610000000002401,0.6901408450704225,31.7,22.5,-0.05519999999999925
Austria,2023,ALO,49.0,4.0,5.0,MEDIUM,69.595,16.799999999999997,0.5543999999999999,66.6844,9.131999999999607,0.6901408450704225,31.7,22.5,0.318799999999996
Austria,2023,HAM,49.0,4.0,7.0,MEDIUM,69.735,16.799999999999997,0.5543999999999999,66.8244,2.76299999999992,0.6901408450704225,31.7,22.5,0.42600000000000193
Austria,2023,RUS,49.0,4.0,8.0,MEDIUM,69.283,16.799999999999997,0.5543999999999999,66.3724,9.747000000000298,0.6901408450704225,31.7,22.5,-0.2429000000000059
Austria,2023,STR,49.0,4.0,13.0,HARD,69.812,16.799999999999997,0.5543999999999999,66.9014,2.90099999999984,0.6901408450704225,31.7,22.5,0.1717999999999904
Austria,2023,GAS,49.0,4.0,5.0,MEDIUM,69.135,16.799999999999997,0.5543999999999999,66.2244,4.739999999999782,0.6901408450704225,31.5,22.5,-0.12519999999999243
Austria,2023,ALB,49.0,4.0,8.0,HARD,69.648,16.799999999999997,0.5543999999999999,66.7374,5.780000000000655,0.6901408450704225,31.5,22.5,-0.09539999999999793
Austria,2023,OCO,49.0,4.0,9.0,HARD,70.003,16.799999999999997,0.5543999999999999,67.0924,8.802999999999884,0.6901408450704225,31.5,22.5,0.029200000000003
Austria,2023,SAR,49.0,4.0,6.0,HARD,71.652,16.799999999999997,0.5543999999999999,68.7414,4.1710000000002765,0.6901408450704225,31.5,22.5,1.6606000000000023
Austria,2023,ZHO,49.0,4.0,11.0,HARD,70.644,16.799999999999997,0.5543999999999999,67.7334,0.5639999999993961,0.6901408450704225,31.5,22.5,0.7160000000000082
Austria,2023,DEV,49.0,4.0,12.0,MEDIUM,70.483,16.799999999999997,0.5543999999999999,67.5724,1.5340000000005602,0.6901408450704225,31.5,22.5,0.42779999999999063
Austria,2023,MAG,49.0,4.0,16.0,HARD,70.69,16.799999999999997,0.5543999999999999,67.7794,5.4399999999996,0.6901408450704225,31.5,22.5,0.22999999999998977
Austria,2023,LEC,50.0,4.0,3.0,HARD,68.863,15.0,0.495,65.893,15.0,0.704225352112676,31.5,22.5,-0.028800000000003934
Austria,2023,BOT,49.0,4.0,9.0,HARD,69.94,16.799999999999997,0.5543999999999999,67.0294,6.154999999999745,0.6901408450704225,31.5,22.5,-0.13940000000000907
Austria,2023,TSU,49.0,5.0,6.0,MEDIUM,70.04,16.799999999999997,0.5543999999999999,67.1294,1.3190000000004147,0.6901408450704225,31.5,22.5,0.016000000000005343
Austria,2023,PIA,49.0,5.0,8.0,MEDIUM,69.896,16.799999999999997,0.5543999999999999,66.9854,1.5109999999995125,0.6901408450704225,31.5,22.5,-0.10479999999999734
Austria,2023,SAI,50.0,4.0,5.0,HARD,68.88,15.0,0.495,65.91,7.868000000000393,0.704225352112676,31.5,22.5,-0.06499999999999773
Austria,2023,NOR,50.0,4.0,9.0,HARD,68.972,15.0,0.495,66.002,1.0529999999998836,0.704225352112676,31.5,22.5,-0.1512000000000029
Austria,2023,ALO,50.0,4.0,6.0,MEDIUM,69.44,15.0,0.495,66.47,9.600000000000364,0.704225352112676,31.5,22.5,0.16379999999999484
Austria,2023,HAM,50.0,4.0,8.0,MEDIUM,69.371,15.0,0.495,66.401,2.6939999999995052,0.704225352112676,31.5,22.5,0.06199999999999761
Austria,2023,RUS,50.0,4.0,9.0,MEDIUM,69.408,15.0,0.495,66.438,9.78400000000056,0.704225352112676,31.5,22.5,-0.11790000000000589
Austria,2023,STR,50.0,4.0,14.0,HARD,69.623,15.0,0.495,66.653,3.1159999999999854,0.704225352112676,31.5,22.5,-0.017200000000002547
Austria,2023,GAS,50.0,4.0,6.0,MEDIUM,69.313,15.0,0.495,66.343,4.4299999999993815,0.704225352112676,31.5,22.5,0.05280000000000484
Austria,2023,ALB,50.0,4.0,9.0,HARD,69.749,15.0,0.495,66.779,6.216000000000349,0.704225352112676,31.5,22.5,0.00560000000000116
Austria,2023,OCO,50.0,4.0,10.0,HARD,69.797,15.0,0.495,66.827,8.850999999999658,0.704225352112676,31.5,22.5,-0.17680000000000007
Austria,2023,VER,51.0,4.0,2.0,MEDIUM,68.15,13.200000000000003,0.4356000000000001,65.12060000000001,15.0,0.7183098591549296,31.5,22.5,-0.1436999999999955
Austria,2023,SAR,50.0,4.0,7.0,HARD,69.76,15.0,0.495,66.79,4.1340000000000146,0.704225352112676,31.5,22.5,-0.2313999999999936
Austria,2023,ZHO,50.0,4.0,12.0,HARD,69.893,15.0,0.495,66.923,0.6970000000001164,0.704225352112676,31.5,22.5,-0.03499999999999659
Austria,2023,DEV,50.0,4.0,13.0,MEDIUM,70.243,15.0,0.495,67.273,1.8840000000000146,0.704225352112676,31.5,22.5,0.18779999999998154
Austria,2023,MAG,50.0,4.0,17.0,HARD,70.625,15.0,0.495,67.655,5.822000000000116,0.704225352112676,31.5,22.5,0.16499999999999204
Austria,2023,LEC,51.0,4.0,4.0,HARD,68.82,13.200000000000003,0.4356000000000001,65.7906,14.063000000000102,0.7183098591549296,31.5,22.5,-0.0718000000000103
Austria,2023,BOT,50.0,4.0,10.0,HARD,70.146,15.0,0.495,67.176,5.676000000000386,0.704225352112676,31.5,22.5,0.066599999999994
Austria,2023,TSU,50.0,5.0,7.0,MEDIUM,70.138,15.0,0.495,67.168,1.3109999999996944,0.704225352112676,31.5,22.5,0.11400000000000432
Austria,2023,PIA,50.0,5.0,9.0,MEDIUM,69.993,15.0,0.495,67.023,1.3659999999999854,0.704225352112676,31.5,22.5,-0.007800000000003138
Austria,2023,SAI,51.0,4.0,6.0,HARD,69.202,13.200000000000003,0.4356000000000001,66.1726,8.25,0.7183098591549296,31.5,22.5,0.257000000000005
Austria,2023,NOR,51.0,4.0,10.0,HARD,68.959,13.200000000000003,0.4356000000000001,65.92960000000001,0.8099999999994907,0.7183098591549296,31.5,22.5,-0.1641999999999939
Austria,2023,ALO,51.0,4.0,7.0,MEDIUM,69.456,13.200000000000003,0.4356000000000001,66.42660000000001,10.097000000000662,0.7183098591549296,31.5,22.5,0.17980000000000018
Austria,2023,HAM,51.0,4.0,9.0,MEDIUM,69.414,13.200000000000003,0.4356000000000001,66.3846,2.6520000000000437,0.7183098591549296,31.5,22.5,0.10500000000000398
Austria,2023,RUS,51.0,4.0,10.0,MEDIUM,69.71,13.200000000000003,0.4356000000000001,66.6806,10.079999999999927,0.7183098591549296,31.5,22.5,0.1840999999999866
Austria,2023,STR,51.0,4.0,15.0,HARD,69.708,13.200000000000003,0.4356000000000001,66.6786,3.113999999999578,0.7183098591549296,31.5,22.5,0.0677999999999912
Austria,2023,GAS,51.0,4.0,7.0,MEDIUM,69.365,13.200000000000003,0.4356000000000001,66.3356,4.087000000000444,0.7183098591549296,31.5,22.5,0.10479999999999734
Austria,2023,ALB,51.0,4.0,10.0,HARD,69.607,13.200000000000003,0.4356000000000001,66.5776,6.457999999999629,0.7183098591549296,31.5,22.5,-0.13639999999999475
Austria,2023,VER,52.0,4.0,3.0,MEDIUM,68.342,11.399999999999991,0.37619999999999976,65.25319999999999,15.0,0.7323943661971831,31.5,22.5,0.04829999999999757
Austria,2023,OCO,51.0,4.0,11.0,HARD,71.141,13.200000000000003,0.4356000000000001,68.11160000000001,10.385000000000218,0.7183098591549296,31.5,22.5,1.1672000000000082
Austria,2023,SAR,51.0,4.0,8.0,HARD,69.696,13.200000000000003,0.4356000000000001,66.6666,2.688999999999396,0.7183098591549296,31.5,22.5,-0.2954000000000008
Austria,2023,ZHO,51.0,4.0,13.0,HARD,70.079,13.200000000000003,0.4356000000000001,67.0496,1.0799999999999272,0.7183098591549296,31.5,22.5,0.15099999999999625
Austria,2023,DEV,51.0,4.0,14.0,MEDIUM,70.2,13.200000000000003,0.4356000000000001,67.17060000000001,2.005000000000109,0.7183098591549296,31.5,22.5,0.14479999999998938
Austria,2023,MAG,51.0,4.0,18.0,HARD,70.685,13.200000000000003,0.4356000000000001,67.6556,6.3070000000006985,0.7183098591549296,31.5,22.5,0.22499999999999432
Austria,2023,LEC,52.0,4.0,5.0,HARD,69.14,11.399999999999991,0.37619999999999976,66.0512,14.860999999999876,0.7323943661971831,31.5,22.5,0.2481999999999971
Austria,2023,BOT,51.0,4.0,11.0,HARD,70.149,13.200000000000003,0.4356000000000001,67.1196,5.139999999999418,0.7183098591549296,31.5,22.5,0.06959999999999411
Austria,2023,TSU,51.0,5.0,8.0,MEDIUM,70.162,13.200000000000003,0.4356000000000001,67.13260000000001,1.3240000000005239,0.7183098591549296,31.5,22.5,0.13800000000000523
Austria,2023,PIA,51.0,5.0,10.0,MEDIUM,70.073,13.200000000000003,0.4356000000000001,67.0436,1.2770000000000437,0.7183098591549296,31.5,22.5,0.07219999999999516
Austria,2023,SAI,52.0,4.0,7.0,HARD,69.162,11.399999999999991,0.37619999999999976,66.0732,8.271999999999935,0.7323943661971831,31.1,22.6,0.21700000000001296
Austria,2023,NOR,52.0,4.0,11.0,HARD,69.152,11.399999999999991,0.37619999999999976,66.0632,0.8000000000001819,0.7323943661971831,31.1,22.6,0.028800000000003934
Austria,2023,PER,52.0,4.0,2.0,HARD,68.111,11.399999999999991,0.37619999999999976,65.0222,2.6469999999999345,0.7323943661971831,31.1,22.6,-0.39390000000000214
Austria,2023,ALO,52.0,4.0,8.0,MEDIUM,69.361,11.399999999999991,0.37619999999999976,66.2722,7.65900000000056,0.7323943661971831,31.1,22.6,0.08480000000000132
Austria,2023,HAM,52.0,4.0,10.0,MEDIUM,69.22,11.399999999999991,0.37619999999999976,66.13119999999999,2.5109999999995125,0.7323943661971831,31.1,22.6,-0.08899999999999864
Austria,2023,RUS,52.0,4.0,11.0,MEDIUM,69.521,11.399999999999991,0.37619999999999976,66.4322,10.381000000000313,0.7323943661971831,31.1,22.6,-0.004900000000006344
Austria,2023,STR,52.0,4.0,16.0,HARD,69.951,11.399999999999991,0.37619999999999976,66.86219999999999,3.543999999999869,0.7323943661971831,31.1,22.6,0.3107999999999862
Austria,2023,GAS,52.0,4.0,8.0,MEDIUM,69.301,11.399999999999991,0.37619999999999976,66.2122,3.436999999999898,0.7323943661971831,31.1,22.6,0.04080000000000439
Austria,2023,ALB,52.0,4.0,11.0,HARD,69.751,11.399999999999991,0.37619999999999976,66.6622,6.9080000000003565,0.7323943661971831,31.1,22.6,0.007600000000010709
Austria,2023,VER,53.0,4.0,4.0,MEDIUM,68.235,9.599999999999994,0.3167999999999998,65.0868,15.0,0.7464788732394366,31.1,22.6,-0.05870000000000175
Austria,2023,OCO,52.0,4.0,12.0,HARD,69.947,11.399999999999991,0.37619999999999976,66.8582,10.581000000000131,0.7323943661971831,31.1,22.6,-0.026799999999994384
Austria,2023,SAR,52.0,4.0,9.0,HARD,69.989,11.399999999999991,0.37619999999999976,66.9002,2.730999999999767,0.7323943661971831,31.1,22.6,-0.0023999999999944066
Austria,2023,ZHO,52.0,4.0,14.0,HARD,69.961,11.399999999999991,0.37619999999999976,66.87219999999999,1.0519999999996799,0.7323943661971831,31.1,22.6,0.03300000000000125
Austria,2023,DEV,52.0,4.0,15.0,MEDIUM,70.539,11.399999999999991,0.37619999999999976,67.4502,2.5830000000005384,0.7323943661971831,31.1,22.6,0.483799999999988
Austria,2023,LEC,53.0,4.0,6.0,HARD,69.14,9.599999999999994,0.3167999999999998,65.9918,15.0,0.7464788732394366,31.1,22.5,0.2481999999999971
Austria,2023,MAG,52.0,4.0,19.0,HARD,71.977,11.399999999999991,0.37619999999999976,68.8882,7.744999999999891,0.7323943661971831,31.1,22.5,1.516999999999996
Austria,2023,BOT,52.0,4.0,12.0,HARD,70.365,11.399999999999991,0.37619999999999976,67.27619999999999,3.527999999999338,0.7323943661971831,31.1,22.5,0.2855999999999881
Austria,2023,TSU,52.0,5.0,9.0,MEDIUM,70.409,11.399999999999991,0.37619999999999976,67.3202,1.368000000000393,0.7323943661971831,31.1,22.5,0.3850000000000051
Austria,2023,SAI,53.0,4.0,8.0,HARD,69.175,9.599999999999994,0.3167999999999998,66.0268,8.306999999999789,0.7464788732394366,31.1,22.5,0.23000000000000398
Austria,2023,NOR,53.0,4.0,12.0,HARD,69.116,9.599999999999994,0.3167999999999998,65.9678,0.7409999999999854,0.7464788732394366,31.1,22.5,-0.007199999999997431
Austria,2023,PIA,52.0,5.0,11.0,MEDIUM,72.778,11.399999999999991,0.37619999999999976,69.6892,3.645999999999731,0.7323943661971831,31.1,22.5,2.7772000000000077
Austria,2023,PER,53.0,4.0,3.0,HARD,68.726,9.599999999999994,0.3167999999999998,65.5778,2.2570000000005166,0.7464788732394366,31.1,22.5,0.22109999999999275
Austria,2023,ALO,53.0,4.0,9.0,MEDIUM,69.363,9.599999999999994,0.3167999999999998,66.2148,8.295999999999367,0.7464788732394366,31.1,22.5,0.08679999999999666
Austria,2023,HAM,53.0,4.0,11.0,MEDIUM,69.538,9.599999999999994,0.3167999999999998,66.3898,2.686000000000604,0.7464788732394366,31.1,22.5,0.2289999999999992
Austria,2023,RUS,53.0,4.0,12.0,MEDIUM,69.395,9.599999999999994,0.3167999999999998,66.2468,10.237999999999374,0.7464788732394366,31.1,22.5,-0.13090000000001112
Austria,2023,STR,53.0,4.0,17.0,HARD,69.895,9.599999999999994,0.3167999999999998,66.7468,4.0440000000007785,0.7464788732394366,31.1,22.5,0.2547999999999888
Austria,2023,GAS,53.0,4.0,9.0,MEDIUM,69.289,9.599999999999994,0.3167999999999998,66.1408,2.8309999999992215,0.7464788732394366,31.1,22.5,0.028800000000003934
Austria,2023,ALB,53.0,4.0,12.0,HARD,69.56,9.599999999999994,0.3167999999999998,66.4118,7.179000000000087,0.7464788732394366,31.1,22.5,-0.1833999999999918
Austria,2023,VER,54.0,4.0,5.0,MEDIUM,68.25,7.799999999999997,0.2573999999999999,65.0424,15.0,0.7605633802816901,31.1,22.5,-0.04370000000000118
Austria,2023,OCO,53.0,4.0,13.0,HARD,69.868,9.599999999999994,0.3167999999999998,66.71979999999999,10.889000000000124,0.7464788732394366,31.1,22.5,-0.10580000000000211
Austria,2023,SAR,53.0,4.0,10.0,HARD,69.972,9.599999999999994,0.3167999999999998,66.82379999999999,2.8350000000000364,0.7464788732394366,31.1,22.6,-0.019400000000004525
Austria,2023,ZHO,53.0,4.0,15.0,HARD,70.379,9.599999999999994,0.3167999999999998,67.2308,1.4589999999998327,0.7464788732394366,31.1,22.6,0.4510000000000076
Austria,2023,DEV,53.0,4.0,16.0,MEDIUM,70.275,9.599999999999994,0.3167999999999998,67.1268,2.479000000000269,0.7464788732394366,31.1,22.6,0.21979999999999222
Austria,2023,LEC,54.0,4.0,7.0,HARD,68.878,7.799999999999997,0.2573999999999999,65.6704,15.0,0.7605633802816901,31.1,22.6,-0.013800000000003365
Austria,2023,MAG,53.0,4.0,20.0,HARD,70.528,9.599999999999994,0.3167999999999998,67.3798,7.9979999999995925,0.7464788732394366,31.1,22.6,0.06799999999999784
Austria,2023,BOT,53.0,4.0,13.0,HARD,70.075,9.599999999999994,0.3167999999999998,66.9268,3.0750000000007276,0.7464788732394366,31.1,22.6,-0.004400000000003956
Austria,2023,TSU,53.0,5.0,10.0,MEDIUM,70.119,9.599999999999994,0.3167999999999998,66.9708,1.4119999999993524,0.7464788732394366,31.1,22.6,0.09499999999999886
Austria,2023,SAI,54.0,4.0,9.0,HARD,69.089,7.799999999999997,0.2573999999999999,65.8814,8.518000000000029,0.7605633802816901,31.1,22.6,0.14400000000000546
Austria,2023,NOR,54.0,4.0,13.0,HARD,69.299,7.799999999999997,0.2573999999999999,66.09140000000001,0.9510000000000218,0.7605633802816901,31.1,22.6,0.1758000000000095
Austria,2023,PER,54.0,4.0,4.0,HARD,68.525,7.799999999999997,0.2573999999999999,65.3174,1.4830000000001746,0.7605633802816901,31.1,22.6,0.02009999999999934
Austria,2023,PIA,53.0,5.0,12.0,MEDIUM,71.512,9.599999999999994,0.3167999999999998,68.3638,5.039000000000669,0.7464788732394366,31.1,22.6,1.5112000000000023
Austria,2023,ALO,54.0,4.0,10.0,MEDIUM,69.108,7.799999999999997,0.2573999999999999,65.9004,8.878999999999905,0.7605633802816901,31.1,22.6,-0.1681999999999988
Austria,2023,HAM,54.0,4.0,12.0,MEDIUM,69.317,7.799999999999997,0.2573999999999999,66.1094,2.8950000000004366,0.7605633802816901,31.1,22.6,0.007999999999995566
Austria,2023,RUS,54.0,4.0,13.0,MEDIUM,69.588,7.799999999999997,0.2573999999999999,66.3804,10.509000000000015,0.7605633802816901,31.1,22.6,0.06209999999998672
Austria,2023,GAS,54.0,4.0,10.0,MEDIUM,69.391,7.799999999999997,0.2573999999999999,66.1834,6.677999999999884,0.7605633802816901,31.1,22.6,0.1308000000000078
Austria,2023,ALB,54.0,4.0,13.0,HARD,69.678,7.799999999999997,0.2573999999999999,66.4704,7.46599999999944,0.7605633802816901,31.1,22.6,-0.0653999999999968
Austria,2023,VER,55.0,4.0,6.0,MEDIUM,68.273,6.0,0.198,65.006,15.0,0.7746478873239436,31.1,22.5,-0.020700000000005048
Austria,2023,OCO,54.0,4.0,14.0,HARD,69.849,7.799999999999997,0.2573999999999999,66.6414,11.0600000000004,0.7605633802816901,31.1,22.5,-0.12479999999999336
Austria,2023,SAR,54.0,4.0,11.0,HARD,70.001,7.799999999999997,0.2573999999999999,66.7934,2.98700000000008,0.7605633802816901,31.1,22.5,0.009600000000006048
Austria,2023,ZHO,54.0,4.0,16.0,HARD,70.386,7.799999999999997,0.2573999999999999,67.1784,1.844000000000051,0.7605633802816901,31.1,22.5,0.4579999999999984
Austria,2023,DEV,54.0,4.0,17.0,MEDIUM,70.336,7.799999999999997,0.2573999999999999,67.1284,2.4290000000000873,0.7605633802816901,31.1,22.5,0.28079999999998506
Austria,2023,LEC,55.0,4.0,8.0,HARD,68.947,6.0,0.198,65.68,15.0,0.7746478873239436,31.1,22.5,0.05519999999999925
Austria,2023,MAG,54.0,4.0,21.0,HARD,70.523,7.799999999999997,0.2573999999999999,67.3154,8.18499999999949,0.7605633802816901,31.1,22.5,0.06299999999998818
Austria,2023,BOT,54.0,4.0,14.0,HARD,70.282,7.799999999999997,0.2573999999999999,67.0744,2.834000000000742,0.7605633802816901,31.1,22.5,0.20259999999998968
Austria,2023,SAI,55.0,4.0,10.0,HARD,69.393,6.0,0.198,66.126,8.963999999999942,0.7746478873239436,31.1,22.5,0.4480000000000075
Austria,2023,NOR,55.0,4.0,14.0,HARD,69.211,6.0,0.198,65.944,0.7690000000002328,0.7746478873239436,31.1,22.5,0.08780000000000143
Austria,2023,PER,55.0,4.0,5.0,HARD,68.604,6.0,0.198,65.337,0.8760000000002037,0.7746478873239436,31.1,22.5,0.09909999999999286
Austria,2023,TSU,54.0,5.0,11.0,MEDIUM,73.402,7.799999999999997,0.2573999999999999,70.1944,4.531999999999243,0.7605633802816901,31.1,22.5,3.378
Austria,2023,PIA,54.0,5.0,13.0,MEDIUM,70.3,7.799999999999997,0.2573999999999999,67.0924,1.9369999999998981,0.7605633802816901,31.1,22.5,0.299199999999999
Austria,2023,ALO,55.0,4.0,11.0,MEDIUM,69.338,6.0,0.198,66.071,9.612999999999374,0.7746478873239436,31.1,22.5,0.06179999999999097
Austria,2023,HAM,55.0,4.0,13.0,MEDIUM,69.227,6.0,0.198,65.96000000000001,2.7840000000005602,0.7746478873239436,31.1,22.5,-0.08199999999999363
Austria,2023,RUS,55.0,4.0,14.0,MEDIUM,69.649,6.0,0.198,66.382,10.930999999999585,0.7746478873239436,31.1,22.5,0.12309999999999377
Austria,2023,GAS,55.0,4.0,11.0,MEDIUM,69.501,6.0,0.198,66.23400000000001,6.530000000000655,0.7746478873239436,31.1,22.5,0.24080000000000723
Austria,2023,ALB,55.0,4.0,14.0,HARD,69.741,6.0,0.198,66.474,7.7059999999992215,0.7746478873239436,31.1,22.5,-0.0023999999999944066
Austria,2023,VER,56.0,4.0,7.0,MEDIUM,68.35,5.0,0.165,65.05,15.0,0.7887323943661971,31.1,22.5,0.05629999999999313
Austria,2023,OCO,55.0,4.0,15.0,HARD,71.047,6.0,0.198,67.78,12.365999999999985,0.7746478873239436,31.1,22.5,1.0732
Austria,2023,SAR,55.0,4.0,12.0,HARD,70.337,6.0,0.198,67.07000000000001,2.2770000000000437,0.7746478873239436,31.1,22.5,0.34560000000000457
Austria,2023,ZHO,55.0,4.0,17.0,HARD,70.43,6.0,0.198,67.16300000000001,1.9370000000008076,0.7746478873239436,31.1,22.5,0.5020000000000095
Austria,2023,DEV,55.0,4.0,18.0,MEDIUM,70.537,6.0,0.198,67.27000000000001,2.5359999999991487,0.7746478873239436,31.1,22.5,0.4817999999999927
Austria,2023,LEC,56.0,4.0,9.0,HARD,69.074,5.0,0.165,65.774,15.0,0.7887323943661971,31.1,22.5,0.1821999999999946
Austria,2023,MAG,55.0,4.0,22.0,HARD,70.859,6.0,0.198,67.592,8.507000000000517,0.7746478873239436,31.1,22.5,0.3989999999999867
Austria,2023,SAI,56.0,4.0,11.0,HARD,69.242,5.0,0.165,65.94200000000001,9.131999999999607,0.7887323943661971,31.1,22.5,0.29700000000001125
Austria,2023,PER,56.0,4.0,6.0,HARD,68.324,5.0,0.165,65.024,0.7269999999998618,0.7887323943661971,31.1,22.5,-0.18090000000000828
Austria,2023,NOR,56.0,4.0,15.0,HARD,70.208,5.0,0.165,66.908,1.0079999999998108,0.7887323943661971,31.1,22.5,1.0848000000000013
Austria,2023,BOT,55.0,4.0,15.0,HARD,73.55,6.0,0.198,70.283,5.524999999999636,0.7746478873239436,31.1,22.5,3.4705999999999904
Austria,2023,TSU,55.0,5.0,12.0,MEDIUM,70.447,6.0,0.198,67.18,1.4290000000000873,0.7746478873239436,31.1,22.5,0.4230000000000018
Austria,2023,PIA,55.0,5.0,14.0,MEDIUM,70.145,6.0,0.198,66.878,1.6350000000002183,0.7746478873239436,31.1,22.5,0.14419999999999789
Austria,2023,ALO,56.0,4.0,12.0,MEDIUM,69.301,5.0,0.165,66.001,9.582000000000335,0.7887323943661971,31.1,22.5,0.024799999999999045
Austria,2023,HAM,56.0,4.0,14.0,MEDIUM,69.485,5.0,0.165,66.185,2.967999999999847,0.7887323943661971,31.1,22.5,0.17600000000000193
Austria,2023,RUS,56.0,4.0,15.0,MEDIUM,69.528,5.0,0.165,66.22800000000001,10.97400000000016,0.7887323943661971,31.1,22.5,0.0020999999999986585
Austria,2023,GAS,56.0,4.0,12.0,MEDIUM,69.437,5.0,0.165,66.137,6.439000000000306,0.7887323943661971,31.1,22.5,0.17680000000000007
Austria,2023,ALB,56.0,4.0,15.0,HARD,69.86,5.0,0.165,66.56,8.128999999999905,0.7887323943661971,31.1,22.5,0.11660000000000537
Austria,2023,VER,57.0,4.0,8.0,MEDIUM,68.412,5.0,0.165,65.11200000000001,15.0,0.8028169014084507,31.1,22.5,0.11830000000000496
Austria,2023,STR,56.0,5.0,2.0,MEDIUM,68.529,5.0,0.165,65.229,9.149999999999636,0.7887323943661971,31.1,22.5,-0.11839999999999407
Austria,2023,OCO,56.0,4.0,16.0,HARD,70.035,5.0,0.165,66.735,3.391000000000531,0.7887323943661971,31.1,22.5,0.06119999999999948
Austria,2023,SAR,56.0,4.0,13.0,HARD,70.236,5.0,0.165,66.936,2.4780000000000655,0.7887323943661971,31.1,22.5,0.24460000000000548
Austria,2023,ZHO,56.0,4.0,18.0,HARD,70.408,5.0,0.165,67.108,2.108999999999469,0.7887323943661971,31.1,22.5,0.480000000000004
Austria,2023,LEC,57.0,4.0,10.0,HARD,69.347,5.0,0.165,66.047,15.0,0.8028169014084507,31.1,22.5,0.4551999999999907
Austria,2023,DEV,56.0,4.0,19.0,MEDIUM,72.119,5.0,0.165,68.819,4.247000000000298,0.7887323943661971,31.1,22.5,2.0637999999999863
Austria,2023,MAG,56.0,4.0,23.0,HARD,70.861,5.0,0.165,67.561,7.248999999999796,0.7887323943661971,31.1,22.5,0.40099999999999625
Austria,2023,SAI,57.0,4.0,12.0,HARD,69.894,5.0,0.165,66.59400000000001,9.679000000000087,0.8028169014084507,31.1,22.5,0.9490000000000123
Austria,2023,PER,57.0,4.0,7.0,HARD,69.674,5.0,0.165,66.37400000000001,0.5069999999996071,0.8028169014084507,31.1,22.5,1.1691000000000003
Austria,2023,NOR,57.0,4.0,16.0,HARD,69.84,5.0,0.165,66.54,1.1739999999999782,0.8028169014084507,31.1,22.5,0.7168000000000063
Austria,2023,BOT,56.0,4.0,16.0,HARD,70.938,5.0,0.165,67.638,5.601999999999862,0.7887323943661971,31.1,22.5,0.8585999999999956
Austria,2023,TSU,56.0,5.0,13.0,MEDIUM,71.744,5.0,0.165,68.444,2.235000000000582,0.7887323943661971,31.1,22.5,1.7199999999999989
Austria,2023,PIA,56.0,5.0,15.0,MEDIUM,70.723,5.0,0.165,67.423,0.613999999999578,0.7887323943661971,31.1,22.5,0.7222000000000008
Austria,2023,ALO,57.0,4.0,13.0,MEDIUM,69.376,5.0,0.165,66.07600000000001,9.118000000000393,0.8028169014084507,31.1,22.5,0.09980000000000189
Austria,2023,HAM,57.0,4.0,15.0,MEDIUM,69.988,5.0,0.165,66.688,3.5799999999999272,0.8028169014084507,31.2,22.5,0.679000000000002
Austria,2023,RUS,57.0,4.0,16.0,MEDIUM,69.587,5.0,0.165,66.287,10.57300000000032,0.8028169014084507,31.2,22.5,0.06109999999999616
Austria,2023,GAS,57.0,4.0,13.0,MEDIUM,69.507,5.0,0.165,66.20700000000001,6.358999999999469,0.8028169014084507,31.2,22.5,0.24680000000000746
Austria,2023,VER,58.0,4.0,9.0,MEDIUM,68.489,5.0,0.165,65.18900000000001,15.0,0.8169014084507042,31.2,22.5,0.19530000000000314
Austria,2023,ALB,57.0,4.0,16.0,HARD,71.637,5.0,0.165,68.337,10.259000000000015,0.8028169014084507,31.2,22.5,1.8936000000000064
Austria,2023,STR,57.0,5.0,3.0,MEDIUM,68.463,5.0,0.165,65.163,5.9760000000005675,0.8028169014084507,31.2,22.5,-0.18439999999999657
Austria,2023,OCO,57.0,4.0,17.0,HARD,70.09,5.0,0.165,66.79,5.01799999999912,0.8028169014084507,31.2,22.5,0.1162000000000063
Austria,2023,SAR,57.0,4.0,14.0,HARD,70.084,5.0,0.165,66.784,2.472000000000662,0.8028169014084507,31.2,22.5,0.09260000000000446
Austria,2023,ZHO,57.0,4.0,19.0,HARD,70.784,5.0,0.165,67.48400000000001,2.8090000000001965,0.8028169014084507,31.2,22.5,0.8560000000000088
Austria,2023,LEC,58.0,4.0,11.0,HARD,69.222,5.0,0.165,65.922,15.0,0.8169014084507042,31.2,22.5,0.3301999999999907
Austria,2023,DEV,57.0,4.0,20.0,MEDIUM,70.36,5.0,0.165,67.06,3.8229999999994106,0.8028169014084507,31.2,22.5,0.30479999999998597
Austria,2023,SAI,58.0,4.0,13.0,HARD,69.572,5.0,0.165,66.272,10.029000000000451,0.8169014084507042,31.2,22.5,0.6270000000000095
Austria,2023,PER,58.0,4.0,8.0,HARD,69.537,5.0,0.165,66.23700000000001,0.4719999999997526,0.8169014084507042,31.2,22.5,1.0320999999999998
Austria,2023,NOR,58.0,4.0,17.0,HARD,70.11,5.0,0.165,66.81,1.7470000000002983,0.8169014084507042,31.2,22.5,0.9868000000000023
Austria,2023,MAG,57.0,4.0,24.0,HARD,74.147,5.0,0.165,70.84700000000001,11.036000000000058,0.8028169014084507,31.2,22.5,3.6869999999999976
Austria,2023,BOT,57.0,4.0,17.0,HARD,70.827,5.0,0.165,67.527,2.282000000000153,0.8028169014084507,31.5,22.6,0.7475999999999914
Austria,2023,TSU,57.0,5.0,14.0,MEDIUM,70.279,5.0,0.165,66.979,1.6869999999998981,0.8028169014084507,31.5,22.6,0.25499999999999545
Austria,2023,PIA,57.0,5.0,16.0,MEDIUM,70.303,5.0,0.165,67.003,0.63799999999992,0.8028169014084507,31.5,22.6,0.30219999999999914
Austria,2023,ALO,58.0,4.0,14.0,MEDIUM,69.615,5.0,0.165,66.315,8.622999999999593,0.8169014084507042,31.5,22.6,0.338799999999992
Austria,2023,HAM,58.0,4.0,16.0,MEDIUM,69.606,5.0,0.165,66.306,3.5709999999999127,0.8169014084507042,31.5,22.6,0.29699999999999704
Austria,2023,RUS,58.0,4.0,17.0,MEDIUM,69.74,5.0,0.165,66.44,10.707000000000335,0.8169014084507042,31.5,22.6,0.21409999999998774
Austria,2023,GAS,58.0,4.0,14.0,MEDIUM,69.731,5.0,0.165,66.431,6.349999999999454,0.8169014084507042,31.5,22.6,0.470799999999997
Austria,2023,VER,59.0,4.0,10.0,MEDIUM,68.609,5.0,0.165,65.309,15.0,0.8309859154929577,31.5,22.6,0.3152999999999935
Austria,2023,ALB,58.0,4.0,17.0,HARD,70.076,5.0,0.165,66.776,10.60400000000027,0.8169014084507042,31.5,22.6,0.33259999999999934
Austria,2023,STR,58.0,5.0,4.0,MEDIUM,68.633,5.0,0.165,65.333,4.5330000000003565,0.8169014084507042,31.5,22.6,-0.014399999999994861
Austria,2023,OCO,58.0,4.0,18.0,HARD,69.972,5.0,0.165,66.672,6.356999999999971,0.8169014084507042,31.5,22.6,-0.0018000000000029104
Austria,2023,SAR,58.0,4.0,15.0,HARD,70.372,5.0,0.165,67.072,2.871999999999389,0.8169014084507042,31.5,22.6,0.38060000000000116
Austria,2023,LEC,59.0,4.0,12.0,HARD,69.182,5.0,0.165,65.882,15.0,0.8309859154929577,31.5,22.6,0.2901999999999987
Austria,2023,ZHO,58.0,4.0,20.0,HARD,72.024,5.0,0.165,68.724,4.46100000000024,0.8169014084507042,31.5,22.6,2.0960000000000036
Austria,2023,DEV,58.0,4.0,21.0,MEDIUM,70.669,5.0,0.165,67.369,2.467999999999847,0.8169014084507042,31.5,22.6,0.6137999999999835
Austria,2023,SAI,59.0,4.0,14.0,HARD,70.326,5.0,0.165,67.026,11.173000000000684,0.8309859154929577,31.6,22.7,1.3810000000000002
Austria,2023,PER,59.0,4.0,9.0,HARD,70.33,5.0,0.165,67.03,0.47599999999965803,0.8309859154929577,31.6,22.7,1.825099999999992
Austria,2023,NOR,59.0,4.0,18.0,HARD,70.029,5.0,0.165,66.729,1.4459999999999127,0.8309859154929577,31.6,22.7,0.9057999999999993
Austria,2023,MAG,58.0,4.0,25.0,HARD,71.062,5.0,0.165,67.762,11.429000000000087,0.8169014084507042,31.6,22.7,0.6019999999999897
Austria,2023,BOT,58.0,4.0,18.0,HARD,70.517,5.0,0.165,67.217,1.73700000000008,0.8169014084507042,31.6,22.7,0.4375999999999891
Austria,2023,TSU,58.0,5.0,15.0,MEDIUM,70.406,5.0,0.165,67.10600000000001,1.5760000000000218,0.8169014084507042,31.6,22.7,0.382000000000005
Austria,2023,PIA,58.0,5.0,17.0,MEDIUM,70.482,5.0,0.165,67.182,0.7139999999999418,0.8169014084507042,31.6,22.7,0.4812000000000012
Austria,2023,ALO,59.0,4.0,15.0,MEDIUM,69.656,5.0,0.165,66.35600000000001,8.25,0.8309859154929577,31.6,22.7,0.379800000000003
Austria,2023,HAM,59.0,4.0,17.0,MEDIUM,69.869,5.0,0.165,66.569,3.7840000000005602,0.8309859154929577,31.6,22.7,0.5600000000000023
Austria,2023,RUS,59.0,4.0,18.0,MEDIUM,69.731,5.0,0.165,66.431,10.568999999999505,0.8309859154929577,31.6,22.7,0.2050999999999874
Austria,2023,GAS,59.0,4.0,15.0,MEDIUM,69.619,5.0,0.165,66.319,6.238000000000284,0.8309859154929577,31.6,22.7,0.35880000000000223
Austria,2023,VER,60.0,4.0,11.0,MEDIUM,68.535,5.0,0.165,65.235,15.0,0.8450704225352113,31.6,22.7,0.2412999999999954
Austria,2023,ALB,59.0,4.0,18.0,HARD,70.046,5.0,0.165,66.74600000000001,11.030999999999949,0.8309859154929577,31.6,22.7,0.3026000000000124
Austria,2023,STR,59.0,5.0,5.0,MEDIUM,68.669,5.0,0.165,65.369,3.155999999999949,0.8309859154929577,31.6,22.7,0.021600000000006503
Austria,2023,OCO,59.0,4.0,19.0,HARD,69.992,5.0,0.165,66.69200000000001,7.680000000000291,0.8309859154929577,31.6,22.7,0.01820000000000732
Austria,2023,SAR,59.0,4.0,16.0,HARD,70.109,5.0,0.165,66.809,2.988999999999578,0.8309859154929577,31.8,22.7,0.11759999999999593
Austria,2023,LEC,60.0,4.0,13.0,HARD,68.957,5.0,0.165,65.657,15.0,0.8450704225352113,31.8,22.7,0.06519999999999015
Austria,2023,ZHO,59.0,4.0,21.0,HARD,70.294,5.0,0.165,66.994,4.645999999999731,0.8309859154929577,31.8,22.7,0.36599999999999966
Austria,2023,DEV,59.0,4.0,22.0,MEDIUM,70.624,5.0,0.165,67.324,2.798000000000684,0.8309859154929577,31.8,22.7,0.5687999999999818
Austria,2023,SAI,60.0,4.0,15.0,HARD,70.044,5.0,0.165,66.744,12.260000000000218,0.8450704225352113,31.8,22.7,1.0990000000000038
Austria,2023,PER,60.0,4.0,10.0,HARD,70.095,5.0,0.165,66.795,0.5270000000000437,0.8450704225352113,31.8,22.7,1.5900999999999925
Austria,2023,NOR,60.0,4.0,19.0,HARD,69.941,5.0,0.165,66.641,1.2919999999994616,0.8450704225352113,31.8,22.7,0.8178000000000054
Austria,2023,MAG,59.0,4.0,26.0,HARD,71.193,5.0,0.165,67.893,11.997999999999593,0.8309859154929577,31.8,22.7,0.7329999999999899
Austria,2023,BOT,59.0,4.0,19.0,HARD,70.699,5.0,0.165,67.399,1.243000000000393,0.8309859154929577,31.8,22.7,0.6195999999999913
Austria,2023,TSU,59.0,5.0,16.0,MEDIUM,70.451,5.0,0.165,67.151,1.3279999999995198,0.8309859154929577,31.8,22.7,0.4269999999999925
Austria,2023,PIA,59.0,5.0,18.0,MEDIUM,70.522,5.0,0.165,67.22200000000001,0.7849999999998545,0.8309859154929577,31.8,22.7,0.5212000000000074
Austria,2023,ALO,60.0,4.0,16.0,MEDIUM,69.77,5.0,0.165,66.47,8.079000000000633,0.8450704225352113,31.8,22.7,0.49379999999999313
Austria,2023,HAM,60.0,4.0,18.0,MEDIUM,70.029,5.0,0.165,66.729,4.042999999999665,0.8450704225352113,31.8,22.7,0.7199999999999989
Austria,2023,RUS,60.0,4.0,19.0,MEDIUM,69.693,5.0,0.165,66.393,10.233000000000175,0.8450704225352113,31.8,22.7,0.1670999999999907
Austria,2023,GAS,60.0,4.0,16.0,MEDIUM,69.553,5.0,0.165,66.253,6.097999999999956,0.8450704225352113,31.8,22.7,0.2927999999999997
Austria,2023,VER,61.0,4.0,12.0,MEDIUM,68.485,5.0,0.165,65.185,15.0,0.8591549295774648,31.8,22.7,0.19129999999999825
Austria,2023,ALB,60.0,4.0,19.0,HARD,69.953,5.0,0.165,66.653,11.430999999999585,0.8450704225352113,31.8,22.7,0.2096000000000089
Austria,2023,STR,60.0,5.0,6.0,MEDIUM,68.807,5.0,0.165,65.507,2.0100000000002183,0.8450704225352113,31.8,22.7,0.15960000000001173
Austria,2023,OCO,60.0,4.0,20.0,HARD,69.981,5.0,0.165,66.681,8.85400000000027,0.8450704225352113,31.8,22.7,0.007199999999997431
Austria,2023,SAR,60.0,4.0,17.0,HARD,70.062,5.0,0.165,66.762,3.069999999999709,0.8450704225352113,31.8,22.7,0.07059999999999889
Austria,2023,LEC,61.0,4.0,14.0,HARD,69.061,5.0,0.165,65.76100000000001,15.0,0.8591549295774648,31.8,22.7,0.16920000000000357
Austria,2023,ZHO,60.0,4.0,22.0,HARD,70.487,5.0,0.165,67.187,5.070999999999913,0.8450704225352113,31.8,22.7,0.5589999999999975
Austria,2023,DEV,60.0,4.0,23.0,MEDIUM,70.579,5.0,0.165,67.279,2.8900000000003274,0.8450704225352113,31.8,22.7,0.5237999999999801
Austria,2023,PER,61.0,4.0,11.0,HARD,69.188,5.0,0.165,65.888,12.91400000000067,0.8591549295774648,31.8,22.7,0.683099999999996
Austria,2023,SAI,61.0,4.0,16.0,HARD,70.515,5.0,0.165,67.215,0.7999999999992724,0.8591549295774648,31.8,22.7,1.5700000000000074
Austria,2023,NOR,61.0,4.0,20.0,HARD,69.98,5.0,0.165,66.68,1.2840000000005602,0.8591549295774648,31.8,22.7,0.8568000000000069
Austria,2023,MAG,60.0,4.0,27.0,HARD,70.816,5.0,0.165,67.516,12.234999999999673,0.8450704225352113,31.8,22.7,0.35599999999999454
Austria,2023,BOT,60.0,4.0,20.0,HARD,70.68,5.0,0.165,67.38000000000001,1.106999999999971,0.8450704225352113,31.8,22.7,0.6006
Austria,2023,TSU,60.0,5.0,17.0,MEDIUM,70.57,5.0,0.165,67.27,1.2179999999998472,0.8450704225352113,31.8,22.7,0.5459999999999923
Austria,2023,PIA,60.0,5.0,19.0,MEDIUM,70.244,5.0,0.165,66.944,0.45900000000074215,0.8450704225352113,31.8,22.7,0.24320000000000164
Austria,2023,ALO,61.0,4.0,17.0,MEDIUM,69.596,5.0,0.165,66.296,7.694999999999709,0.8591549295774648,31.8,22.7,0.31980000000000075
Austria,2023,HAM,61.0,4.0,19.0,MEDIUM,69.856,5.0,0.165,66.556,4.302999999999884,0.8591549295774648,31.8,22.7,0.546999999999997
Austria,2023,RUS,61.0,4.0,20.0,MEDIUM,69.658,5.0,0.165,66.358,10.034999999999854,0.8591549295774648,31.8,22.7,0.1320999999999941
Austria,2023,GAS,61.0,4.0,17.0,MEDIUM,69.716,5.0,0.165,66.416,6.156000000000859,0.8591549295774648,31.8,22.7,0.45579999999999643
Austria,2023,VER,62.0,4.0,13.0,MEDIUM,68.567,5.0,0.165,65.267,15.0,0.8732394366197183,31.8,22.8,0.2732999999999919
Austria,2023,ALB,61.0,4.0,20.0,HARD,69.868,5.0,0.165,66.568,11.58299999999872,0.8591549295774648,31.8,22.8,0.12460000000000093
Austria,2023,STR,61.0,5.0,7.0,MEDIUM,68.939,5.0,0.165,65.639,1.081000000000131,0.8591549295774648,31.8,22.8,0.2916000000000025
Austria,2023,OCO,61.0,4.0,21.0,HARD,70.072,5.0,0.165,66.772,9.98700000000099,0.8591549295774648,31.8,22.8,0.09820000000000562
Austria,2023,LEC,62.0,4.0,15.0,HARD,69.375,5.0,0.165,66.075,15.0,0.8732394366197183,31.8,22.8,0.4831999999999965
Austria,2023,SAR,61.0,4.0,18.0,HARD,72.132,5.0,0.165,68.83200000000001,5.1299999999992,0.8591549295774648,31.8,22.8,2.1406000000000063
Austria,2023,ZHO,61.0,4.0,23.0,HARD,70.551,5.0,0.165,67.251,3.4899999999997817,0.8591549295774648,31.8,22.8,0.6230000000000047
Austria,2023,DEV,61.0,4.0,24.0,MEDIUM,70.648,5.0,0.165,67.348,2.9870000000009895,0.8591549295774648,31.8,22.8,0.5927999999999827
Austria,2023,PER,62.0,4.0,12.0,HARD,68.887,5.0,0.165,65.587,12.425999999999476,0.8732394366197183,31.8,22.8,0.3820999999999941
Austria,2023,SAI,62.0,4.0,17.0,HARD,69.295,5.0,0.165,65.995,1.2080000000005384,0.8732394366197183,31.8,22.8,0.3500000000000085
Austria,2023,NOR,62.0,4.0,21.0,HARD,69.852,5.0,0.165,66.552,1.8409999999985303,0.8732394366197183,31.8,22.8,0.7288000000000068
Austria,2023,MAG,61.0,4.0,28.0,HARD,71.08,5.0,0.165,67.78,12.666999999999462,0.8591549295774648,31.8,22.8,0.6199999999999903
Austria,2023,BOT,61.0,4.0,21.0,HARD,70.878,5.0,0.165,67.578,0.9050000000006548,0.8591549295774648,31.8,22.8,0.7985999999999933
Austria,2023,ALO,62.0,4.0,18.0,MEDIUM,69.655,5.0,0.165,66.355,7.4980000000014115,0.8732394366197183,31.8,22.8,0.37879999999999825
Austria,2023,TSU,61.0,5.0,18.0,MEDIUM,71.661,5.0,0.165,68.361,2.0010000000002037,0.8591549295774648,31.8,22.8,1.6370000000000005
Austria,2023,PIA,61.0,5.0,20.0,MEDIUM,71.614,5.0,0.165,68.31400000000001,0.41200000000026193,0.8591549295774648,31.8,22.8,1.6132000000000062
Austria,2023,HAM,62.0,4.0,20.0,MEDIUM,69.699,5.0,0.165,66.399,4.346999999999753,0.8732394366197183,31.8,22.8,0.39000000000000057
Austria,2023,RUS,62.0,4.0,21.0,MEDIUM,69.624,5.0,0.165,66.324,9.959999999999127,0.8732394366197183,32.1,22.8,0.09809999999998809
Austria,2023,GAS,62.0,4.0,18.0,MEDIUM,69.908,5.0,0.165,66.608,6.440000000000509,0.8732394366197183,32.1,22.8,0.6478000000000037
Austria,2023,VER,63.0,4.0,14.0,MEDIUM,68.624,5.0,0.165,65.324,15.0,0.8873239436619719,32.1,22.8,0.33029999999999404
Austria,2023,ALB,62.0,4.0,21.0,HARD,69.872,5.0,0.165,66.572,11.54700000000048,0.8732394366197183,32.1,22.8,0.12860000000000582
Austria,2023,STR,62.0,5.0,8.0,MEDIUM,69.244,5.0,0.165,65.944,0.4529999999995198,0.8732394366197183,32.1,22.8,0.5966000000000093
Austria,2023,OCO,62.0,4.0,22.0,HARD,70.151,5.0,0.165,66.851,10.894000000000233,0.8732394366197183,32.1,22.8,0.17719999999999914
Austria,2023,LEC,63.0,4.0,16.0,HARD,69.02,5.0,0.165,65.72,15.0,0.8873239436619719,32.1,22.8,0.12819999999999254
Austria,2023,SAR,62.0,4.0,19.0,HARD,70.499,5.0,0.165,67.199,5.477999999999156,0.8732394366197183,32.1,22.8,0.5075999999999965
Austria,2023,ZHO,62.0,4.0,24.0,HARD,70.643,5.0,0.165,67.343,3.6340000000000146,0.8732394366197183,32.1,22.8,0.7150000000000034
Austria,2023,DEV,62.0,4.0,25.0,MEDIUM,70.572,5.0,0.165,67.272,2.916000000001077,0.8732394366197183,32.1,22.8,0.5167999999999893
Austria,2023,PER,63.0,4.0,13.0,HARD,69.104,5.0,0.165,65.804,12.510000000000218,0.8873239436619719,32.1,22.8,0.5990999999999929
Austria,2023,SAI,63.0,4.0,18.0,HARD,69.751,5.0,0.165,66.45100000000001,1.8550000000013824,0.8873239436619719,32.1,22.8,0.8060000000000116
Austria,2023,NOR,63.0,4.0,22.0,HARD,69.768,5.0,0.165,66.468,1.8579999999983556,0.8873239436619719,32.1,22.8,0.6448000000000036
Austria,2023,MAG,62.0,4.0,29.0,HARD,71.48,5.0,0.165,68.18,13.574999999998909,0.8732394366197183,32.1,22.8,1.019999999999996
Austria,2023,ALO,63.0,4.0,19.0,MEDIUM,70.037,5.0,0.165,66.73700000000001,7.767000000001644,0.8873239436619719,32.1,22.8,0.7608000000000033
Austria,2023,BOT,62.0,4.0,22.0,HARD,71.987,5.0,0.165,68.687,1.412000000000262,0.8732394366197183,32.1,22.8,1.907599999999988
Austria,2023,TSU,62.0,5.0,19.0,MEDIUM,70.698,5.0,0.165,67.398,0.7120000000013533,0.8732394366197183,32.1,22.8,0.6739999999999924
Austria,2023,PIA,62.0,5.0,21.0,MEDIUM,70.546,5.0,0.165,67.24600000000001,0.2599999999983993,0.8732394366197183,32.1,22.8,0.5452000000000083
Austria,2023,HAM,63.0,4.0,21.0,MEDIUM,69.541,5.0,0.165,66.241,3.8509999999987485,0.8873239436619719,32.1,22.8,0.23199999999999932
Austria,2023,RUS,63.0,4.0,22.0,MEDIUM,69.65,5.0,0.165,66.35000000000001,10.069000000001324,0.8873239436619719,32.1,22.8,0.12409999999999854
Austria,2023,GAS,63.0,4.0,19.0,MEDIUM,69.917,5.0,0.165,66.617,6.706999999998516,0.8873239436619719,32.1,22.8,0.656800000000004
Austria,2023,VER,64.0,4.0,15.0,MEDIUM,68.692,5.0,0.165,65.392,15.0,0.9014084507042254,32.1,22.8,0.3982999999999919
Austria,2023,STR,63.0,5.0,9.0,MEDIUM,69.27,5.0,0.165,65.97,11.353000000000975,0.8873239436619719,32.1,22.8,0.6226000000000056
Austria,2023,ALB,63.0,4.0,22.0,HARD,71.221,5.0,0.165,67.921,1.4979999999995925,0.8873239436619719,32.1,22.8,1.4776000000000096
Austria,2023,OCO,63.0,4.0,23.0,HARD,70.244,5.0,0.165,66.944,10.3700000000008,0.8873239436619719,32.1,22.8,0.27020000000000266
Austria,2023,LEC,64.0,4.0,17.0,HARD,69.086,5.0,0.165,65.786,15.0,0.9014084507042254,32.1,22.8,0.19419999999999504
Austria,2023,SAR,63.0,4.0,20.0,HARD,70.287,5.0,0.165,66.98700000000001,5.520999999998821,0.8873239436619719,32.1,22.8,0.2956000000000074
Austria,2023,ZHO,63.0,4.0,25.0,HARD,70.447,5.0,0.165,67.147,3.793999999999869,0.8873239436619719,32.1,22.8,0.5190000000000055
Austria,2023,DEV,63.0,4.0,26.0,MEDIUM,70.726,5.0,0.165,67.426,3.194999999999709,0.8873239436619719,32.1,22.8,0.6707999999999856
Austria,2023,PER,64.0,4.0,14.0,HARD,69.114,5.0,0.165,65.81400000000001,12.538000000000466,0.9014084507042254,32.1,22.8,0.609099999999998
Austria,2023,SAI,64.0,4.0,19.0,HARD,69.647,5.0,0.165,66.34700000000001,2.3879999999990105,0.9014084507042254,32.1,22.8,0.7020000000000124
Austria,2023,NOR,64.0,4.0,23.0,HARD,69.658,5.0,0.165,66.358,1.8690000000005966,0.9014084507042254,32.1,22.8,0.5348000000000042
Austria,2023,ALO,64.0,4.0,20.0,MEDIUM,69.564,5.0,0.165,66.264,7.672999999998865,0.9014084507042254,32.0,22.8,0.28779999999999006
Austria,2023,MAG,63.0,4.0,30.0,HARD,72.365,5.0,0.165,69.065,15.0,0.8873239436619719,32.0,22.8,1.904999999999987
Austria,2023,BOT,63.0,4.0,23.0,HARD,71.463,5.0,0.165,68.163,0.5099999999983993,0.8873239436619719,32.0,22.8,1.383599999999987
Austria,2023,TSU,63.0,5.0,20.0,MEDIUM,71.455,5.0,0.165,68.155,0.7040000000015425,0.8873239436619719,32.0,22.8,1.4309999999999974
Austria,2023,PIA,63.0,5.0,22.0,MEDIUM,71.57,5.0,0.165,68.27,0.375,0.8873239436619719,32.0,22.8,1.569199999999995
Austria,2023,HAM,64.0,4.0,22.0,MEDIUM,69.933,5.0,0.165,66.63300000000001,4.220000000001164,0.9014084507042254,32.0,22.8,0.6240000000000094
Austria,2023,RUS,64.0,4.0,23.0,MEDIUM,69.78,5.0,0.165,66.48,9.915999999999258,0.9014084507042254,32.0,22.8,0.254099999999994
Austria,2023,GAS,64.0,4.0,20.0,MEDIUM,70.175,5.0,0.165,66.875,7.102000000000771,0.9014084507042254,32.0,22.8,0.9147999999999996
Austria,2023,VER,65.0,4.0,16.0,MEDIUM,68.878,5.0,0.165,65.578,15.0,0.9154929577464789,32.0,22.8,0.5842999999999989
Austria,2023,STR,64.0,5.0,10.0,MEDIUM,69.129,5.0,0.165,65.82900000000001,10.30699999999888,0.9014084507042254,32.0,22.8,0.48160000000001446
Austria,2023,ALB,64.0,4.0,23.0,HARD,70.146,5.0,0.165,66.846,2.515000000001237,0.9014084507042254,32.0,22.8,0.40260000000000673
Austria,2023,LEC,65.0,4.0,18.0,HARD,69.335,5.0,0.165,66.035,15.0,0.9154929577464789,32.0,22.8,0.44319999999999027
Austria,2023,OCO,64.0,4.0,24.0,HARD,72.008,5.0,0.165,68.708,12.231999999999971,0.9014084507042254,32.0,22.8,2.0341999999999985
Austria,2023,SAR,64.0,4.0,21.0,HARD,70.379,5.0,0.165,67.07900000000001,3.8919999999998254,0.9014084507042254,32.0,22.8,0.38760000000000616
Austria,2023,ZHO,64.0,4.0,26.0,HARD,70.508,5.0,0.165,67.208,3.922999999998865,0.9014084507042254,32.0,22.8,0.5799999999999983
Austria,2023,PER,65.0,4.0,15.0,HARD,69.077,5.0,0.165,65.777,12.280000000000655,0.9154929577464789,32.0,22.8,0.5720999999999918
Austria,2023,DEV,64.0,4.0,27.0,MEDIUM,71.81,5.0,0.165,68.51,4.497000000001208,0.9014084507042254,32.0,22.8,1.7547999999999888
Austria,2023,SAI,65.0,4.0,20.0,HARD,69.414,5.0,0.165,66.114,2.725000000000364,0.9154929577464789,32.0,22.8,0.4690000000000083
Austria,2023,NOR,65.0,4.0,24.0,HARD,69.87,5.0,0.165,66.57000000000001,2.3249999999989086,0.9154929577464789,32.0,22.8,0.7468000000000075
Austria,2023,ALO,65.0,4.0,21.0,MEDIUM,69.559,5.0,0.165,66.259,7.3620000000009895,0.9154929577464789,32.0,22.8,0.2827999999999946
Austria,2023,MAG,64.0,4.0,31.0,HARD,71.507,5.0,0.165,68.20700000000001,14.911000000000058,0.9014084507042254,32.0,22.8,1.046999999999997
Austria,2023,BOT,64.0,4.0,24.0,HARD,71.609,5.0,0.165,68.309,0.6119999999991705,0.9014084507042254,32.0,22.8,1.5295999999999879
Austria,2023,HAM,65.0,4.0,23.0,MEDIUM,70.506,5.0,0.165,67.206,5.166999999999462,0.9154929577464789,32.0,22.8,1.1970000000000027
Austria,2023,TSU,64.0,5.0,21.0,MEDIUM,72.069,5.0,0.165,68.769,1.1640000000006694,0.9014084507042254,32.0,22.8,2.0450000000000017
Austria,2023,PIA,64.0,5.0,23.0,MEDIUM,72.104,5.0,0.165,68.804,0.4099999999998545,0.9014084507042254,32.0,22.8,2.103200000000001
Austria,2023,RUS,65.0,4.0,24.0,MEDIUM,69.649,5.0,0.165,66.349,9.058999999999287,0.9154929577464789,32.0,22.8,0.12309999999999377
Austria,2023,VER,66.0,4.0,17.0,MEDIUM,68.601,5.0,0.165,65.301,15.0,0.9295774647887324,32.0,22.8,0.3072999999999979
Austria,2023,GAS,65.0,4.0,21.0,MEDIUM,70.896,5.0,0.165,67.596,8.34900000000016,0.9154929577464789,32.0,22.8,1.6358000000000033
Austria,2023,STR,65.0,5.0,11.0,MEDIUM,68.99,5.0,0.165,65.69,8.40099999999984,0.9154929577464789,32.0,22.8,0.34260000000000446
Austria,2023,ALB,65.0,4.0,24.0,HARD,69.949,5.0,0.165,66.649,3.47400000000016,0.9154929577464789,32.0,22.8,0.205600000000004
Austria,2023,LEC,66.0,4.0,19.0,HARD,69.271,5.0,0.165,65.971,15.0,0.9295774647887324,32.0,22.8,0.3791999999999973
Austria,2023,OCO,65.0,4.0,25.0,HARD,70.435,5.0,0.165,67.135,12.718000000000757,0.9154929577464789,31.4,22.9,0.46120000000000516
Austria,2023,SAR,65.0,4.0,22.0,HARD,70.182,5.0,0.165,66.882,3.638999999999214,0.9154929577464789,31.4,22.9,0.19060000000000343
Austria,2023,ZHO,65.0,4.0,27.0,HARD,70.455,5.0,0.165,67.155,4.195999999999913,0.9154929577464789,31.4,22.9,0.527000000000001
Austria,2023,PER,66.0,4.0,16.0,HARD,69.19,5.0,0.165,65.89,12.199000000000524,0.9295774647887324,31.4,22.9,0.6850999999999914
Austria,2023,SAI,66.0,4.0,21.0,HARD,69.496,5.0,0.165,66.196,3.0309999999990396,0.9295774647887324,31.4,22.9,0.5510000000000019
Austria,2023,DEV,65.0,4.0,28.0,MEDIUM,72.165,5.0,0.165,68.86500000000001,6.207000000000335,0.9154929577464789,31.4,22.9,2.109799999999993
Austria,2023,NOR,66.0,4.0,25.0,HARD,69.971,5.0,0.165,66.671,2.8000000000010914,0.9295774647887324,31.4,22.9,0.8478000000000065
Austria,2023,ALO,66.0,4.0,22.0,MEDIUM,69.686,5.0,0.165,66.38600000000001,7.076999999999316,0.9295774647887324,31.4,22.9,0.40980000000000416
Austria,2023,HAM,66.0,4.0,24.0,MEDIUM,69.49,5.0,0.165,66.19,4.970999999999549,0.9295774647887324,31.4,22.9,0.18099999999999739
Austria,2023,MAG,65.0,4.0,32.0,HARD,72.444,5.0,0.165,69.144,15.0,0.9154929577464789,31.4,22.9,1.9839999999999947
Austria,2023,BOT,65.0,4.0,25.0,HARD,72.19,5.0,0.165,68.89,0.3580000000001746,0.9154929577464789,31.4,22.9,2.110599999999991
Austria,2023,TSU,65.0,5.0,22.0,MEDIUM,71.411,5.0,0.165,68.111,0.3850000000002183,0.9154929577464789,31.4,22.9,1.3870000000000005
Austria,2023,PIA,65.0,5.0,24.0,MEDIUM,71.401,5.0,0.165,68.101,0.3999999999996362,0.9154929577464789,31.4,22.9,1.4001999999999981
Austria,2023,RUS,66.0,4.0,25.0,MEDIUM,69.791,5.0,0.165,66.491,9.360000000000582,0.9295774647887324,31.4,22.9,0.2650999999999897
Austria,2023,VER,67.0,4.0,18.0,MEDIUM,68.854,5.0,0.165,65.554,15.0,0.9436619718309859,31.4,22.9,0.560299999999998
Austria,2023,GAS,66.0,4.0,22.0,MEDIUM,70.111,5.0,0.165,66.811,8.668999999999869,0.9295774647887324,31.4,22.9,0.8508000000000067
Austria,2023,STR,66.0,5.0,12.0,MEDIUM,68.901,5.0,0.165,65.601,7.191000000000713,0.9295774647887324,31.4,22.9,0.2536000000000058
Austria,2023,ALB,66.0,4.0,25.0,HARD,70.123,5.0,0.165,66.82300000000001,4.695999999999913,0.9295774647887324,31.4,22.9,0.3796000000000106
Austria,2023,LEC,67.0,4.0,20.0,HARD,69.116,5.0,0.165,65.816,15.0,0.9436619718309859,31.4,22.8,0.22419999999999618
Austria,2023,OCO,66.0,4.0,26.0,HARD,70.267,5.0,0.165,66.967,12.86199999999917,0.9295774647887324,31.4,22.8,0.2931999999999988
Austria,2023,SAR,66.0,4.0,23.0,HARD,70.294,5.0,0.165,66.994,3.665999999999258,0.9295774647887324,31.4,22.8,0.3025999999999982
Austria,2023,PER,67.0,4.0,17.0,HARD,69.58,5.0,0.165,66.28,12.663000000000466,0.9436619718309859,31.4,22.8,1.075099999999992
Austria,2023,ZHO,66.0,4.0,28.0,HARD,72.045,5.0,0.165,68.745,5.947000000000116,0.9295774647887324,31.4,22.8,2.1170000000000044
Austria,2023,SAI,67.0,4.0,22.0,HARD,69.628,5.0,0.165,66.328,3.0789999999997235,0.9436619718309859,31.4,22.8,0.6830000000000069
Austria,2023,DEV,66.0,4.0,29.0,MEDIUM,71.442,5.0,0.165,68.142,5.604000000001179,0.9295774647887324,31.4,22.8,1.3867999999999796
Austria,2023,NOR,67.0,4.0,26.0,HARD,70.214,5.0,0.165,66.914,3.386000000000422,0.9436619718309859,31.4,22.8,1.0908000000000015
Austria,2023,ALO,67.0,4.0,23.0,MEDIUM,69.356,5.0,0.165,66.056,6.218999999999141,0.9436619718309859,31.4,22.8,0.07979999999999166
Austria,2023,HAM,67.0,4.0,25.0,MEDIUM,69.974,5.0,0.165,66.674,5.588999999999942,0.9436619718309859,31.4,22.8,0.6650000000000063
Austria,2023,BOT,66.0,4.0,26.0,HARD,70.748,5.0,0.165,67.44800000000001,14.85399999999936,0.9295774647887324,31.4,22.8,0.6685999999999979
Austria,2023,TSU,66.0,5.0,23.0,MEDIUM,71.592,5.0,0.165,68.292,1.2289999999993597,0.9295774647887324,31.4,22.8,1.5679999999999978
Austria,2023,MAG,66.0,4.0,33.0,HARD,73.027,5.0,0.165,69.727,0.6920000000009168,0.9295774647887324,31.4,22.8,2.566999999999993
Austria,2023,PIA,66.0,5.0,25.0,MEDIUM,72.232,5.0,0.165,68.932,0.34799999999995634,0.9295774647887324,31.4,22.8,2.231200000000001
Austria,2023,RUS,67.0,4.0,26.0,MEDIUM,70.089,5.0,0.165,66.789,9.475000000000364,0.9436619718309859,31.4,22.8,0.5630999999999915
Austria,2023,VER,68.0,4.0,19.0,MEDIUM,69.216,5.0,0.165,65.916,15.0,0.9577464788732394,31.4,22.8,0.9222999999999928
Austria,2023,GAS,67.0,4.0,23.0,MEDIUM,69.965,5.0,0.165,66.665,8.545000000000073,0.9436619718309859,31.4,22.8,0.7048000000000059
Austria,2023,STR,67.0,5.0,13.0,MEDIUM,68.855,5.0,0.165,65.555,6.081000000000131,0.9436619718309859,31.3,22.8,0.20760000000001355
Austria,2023,ALB,67.0,4.0,26.0,HARD,70.185,5.0,0.165,66.885,6.02599999999984,0.9436619718309859,31.3,22.8,0.4416000000000082
Austria,2023,LEC,68.0,4.0,21.0,HARD,68.972,5.0,0.165,65.672,15.0,0.9577464788732394,31.3,22.8,0.08019999999999072
Austria,2023,OCO,67.0,4.0,27.0,HARD,70.008,5.0,0.165,66.708,12.68499999999949,0.9436619718309859,31.3,22.8,0.034199999999998454
Austria,2023,SAR,67.0,4.0,24.0,HARD,70.195,5.0,0.165,66.895,3.853000000000975,0.9436619718309859,31.3,22.8,0.20359999999999445
Austria,2023,PER,68.0,4.0,18.0,HARD,69.137,5.0,0.165,65.837,12.82799999999952,0.9577464788732394,31.3,22.8,0.6320999999999941
Austria,2023,ZHO,67.0,4.0,29.0,HARD,70.253,5.0,0.165,66.953,6.0049999999992,0.9436619718309859,31.3,22.8,0.32500000000000284
Austria,2023,SAI,68.0,4.0,23.0,HARD,69.416,5.0,0.165,66.116,3.3580000000001746,0.9577464788732394,31.3,22.8,0.47100000000000364
Austria,2023,NOR,68.0,4.0,27.0,HARD,69.983,5.0,0.165,66.683,3.9530000000013388,0.9577464788732394,31.3,22.8,0.859800000000007
Austria,2023,DEV,67.0,4.0,30.0,MEDIUM,71.394,5.0,0.165,68.09400000000001,6.7450000000008,0.9436619718309859,31.3,22.8,1.338799999999992
Austria,2023,ALO,68.0,4.0,24.0,MEDIUM,69.27,5.0,0.165,65.97,5.505999999999403,0.9577464788732394,31.3,22.8,-0.006200000000006867
Austria,2023,HAM,68.0,4.0,26.0,MEDIUM,69.766,5.0,0.165,66.46600000000001,6.084999999999127,0.9577464788732394,31.3,22.8,0.45700000000000784
Austria,2023,BOT,67.0,4.0,27.0,HARD,70.382,5.0,0.165,67.08200000000001,13.841999999998734,0.9436619718309859,31.3,22.8,0.3025999999999982
Austria,2023,TSU,67.0,5.0,24.0,MEDIUM,70.839,5.0,0.165,67.539,1.6860000000015134,0.9436619718309859,31.3,22.8,0.8149999999999977
Austria,2023,MAG,67.0,4.0,34.0,HARD,71.413,5.0,0.165,68.113,1.2659999999996217,0.9436619718309859,31.3,22.8,0.9529999999999887
Austria,2023,PIA,67.0,5.0,26.0,MEDIUM,71.381,5.0,0.165,68.081,0.31599999999889405,0.9436619718309859,31.3,22.8,1.380200000000002
Austria,2023,RUS,68.0,4.0,27.0,MEDIUM,69.952,5.0,0.165,66.652,9.661000000000058,0.9577464788732394,31.3,22.8,0.42609999999999104
Austria,2023,GAS,68.0,4.0,24.0,MEDIUM,70.681,5.0,0.165,67.381,9.274000000001251,0.9577464788732394,31.5,22.7,1.4207999999999998
Austria,2023,STR,68.0,5.0,14.0,MEDIUM,68.855,5.0,0.165,65.555,4.2549999999992,0.9577464788732394,31.5,22.7,0.20760000000001355
Austria,2023,ALB,68.0,4.0,27.0,HARD,69.9,5.0,0.165,66.60000000000001,7.070999999999913,0.9577464788732394,31.5,22.7,0.15660000000001162
Austria,2023,LEC,69.0,4.0,22.0,HARD,69.096,5.0,0.165,65.796,15.0,0.971830985915493,31.5,22.7,0.20420000000000016
Austria,2023,OCO,68.0,4.0,28.0,HARD,70.357,5.0,0.165,67.057,13.141999999999825,0.9577464788732394,31.5,22.7,0.3832000000000022
Austria,2023,SAR,68.0,4.0,25.0,HARD,70.193,5.0,0.165,66.893,3.6890000000003056,0.9577464788732394,31.5,22.7,0.2015999999999991
Austria,2023,PER,69.0,4.0,19.0,HARD,69.176,5.0,0.165,65.876,12.908000000001266,0.971830985915493,31.5,22.7,0.6710999999999956
Austria,2023,SAI,69.0,4.0,24.0,HARD,69.647,5.0,0.165,66.34700000000001,3.8289999999997235,0.971830985915493,31.5,22.7,0.7020000000000124
Austria,2023,ZHO,68.0,4.0,30.0,HARD,72.254,5.0,0.165,68.95400000000001,8.066000000000713,0.9577464788732394,31.5,22.7,2.3260000000000076
Austria,2023,NOR,69.0,4.0,28.0,HARD,69.958,5.0,0.165,66.658,4.263999999999214,0.971830985915493,31.5,22.7,0.8348000000000013
Austria,2023,DEV,68.0,4.0,31.0,MEDIUM,70.522,5.0,0.165,67.22200000000001,5.0129999999990105,0.9577464788732394,31.5,22.7,0.4667999999999921
Austria,2023,ALO,69.0,4.0,25.0,MEDIUM,69.256,5.0,0.165,65.956,4.804000000000087,0.971830985915493,31.5,22.7,-0.02020000000000266
Austria,2023,HAM,69.0,4.0,27.0,MEDIUM,70.02,5.0,0.165,66.72,6.84900000000016,0.971830985915493,31.5,22.7,0.7109999999999985
Austria,2023,BOT,68.0,4.0,28.0,HARD,70.477,5.0,0.165,67.177,13.79700000000048,0.9577464788732394,31.1,22.7,0.39759999999999707
Austria,2023,TSU,68.0,5.0,25.0,MEDIUM,70.481,5.0,0.165,67.181,1.6900000000005093,0.9577464788732394,31.1,22.7,0.45699999999999363
Austria,2023,PIA,68.0,5.0,27.0,MEDIUM,70.704,5.0,0.165,67.404,1.804999999998472,0.9577464788732394,31.1,22.7,0.7031999999999954
Austria,2023,MAG,68.0,4.0,35.0,HARD,72.452,5.0,0.165,69.152,1.4320000000006985,0.9577464788732394,31.1,22.7,1.9919999999999902
Austria,2023,RUS,69.0,4.0,28.0,MEDIUM,70.326,5.0,0.165,67.026,9.967000000000553,0.971830985915493,31.1,22.7,0.8000999999999863
Austria,2023,GAS,69.0,4.0,25.0,MEDIUM,70.173,5.0,0.165,66.873,9.120999999999185,0.971830985915493,31.1,22.7,0.9128000000000043
Austria,2023,STR,69.0,5.0,15.0,MEDIUM,69.183,5.0,0.165,65.88300000000001,3.265000000001237,0.971830985915493,31.1,22.7,0.5356000000000165
Austria,2023,ALB,69.0,4.0,28.0,HARD,70.261,5.0,0.165,66.961,8.148999999999432,0.971830985915493,31.1,22.7,0.5176000000000016
Austria,2023,LEC,70.0,4.0,23.0,HARD,69.365,5.0,0.165,66.065,15.0,0.9859154929577465,31.1,22.7,0.4731999999999914
Austria,2023,OCO,69.0,4.0,29.0,HARD,70.26,5.0,0.165,66.96000000000001,13.140999999999622,0.971830985915493,31.1,22.7,0.286200000000008
Austria,2023,SAR,69.0,4.0,26.0,HARD,70.357,5.0,0.165,67.057,3.786000000000058,0.971830985915493,31.1,22.7,0.3656000000000006
Austria,2023,PER,70.0,4.0,20.0,HARD,69.163,5.0,0.165,65.863,12.706000000000131,0.9859154929577465,31.1,22.7,0.6580999999999904
Austria,2023,SAI,70.0,4.0,25.0,HARD,69.492,5.0,0.165,66.19200000000001,4.158000000001266,0.9859154929577465,31.1,22.7,0.5470000000000113
Austria,2023,ZHO,69.0,4.0,31.0,HARD,70.288,5.0,0.165,66.988,7.996999999999389,0.971830985915493,31.1,22.7,0.35999999999999943
Austria,2023,NOR,70.0,4.0,29.0,HARD,69.649,5.0,0.165,66.349,4.4210000000002765,0.9859154929577465,31.1,22.7,0.5258000000000038
Austria,2023,DEV,69.0,4.0,32.0,MEDIUM,70.401,5.0,0.165,67.101,5.126000000000204,0.971830985915493,31.5,22.7,0.3457999999999828
Austria,2023,ALO,70.0,4.0,26.0,MEDIUM,69.2,5.0,0.165,65.9,4.354999999999563,0.9859154929577465,31.5,22.7,-0.07620000000000005
Austria,2023,HAM,70.0,4.0,28.0,MEDIUM,70.285,5.0,0.165,66.985,7.933999999999287,0.9859154929577465,31.5,22.7,0.9759999999999991
Austria,2023,BOT,69.0,4.0,29.0,HARD,70.283,5.0,0.165,66.983,13.679000000000087,0.971830985915493,31.5,22.7,0.20359999999999445
Austria,2023,TSU,69.0,5.0,26.0,MEDIUM,70.409,5.0,0.165,67.10900000000001,1.816000000000713,0.971830985915493,31.5,22.7,0.3850000000000051
Austria,2023,PIA,69.0,5.0,28.0,MEDIUM,70.666,5.0,0.165,67.366,2.061999999999898,0.971830985915493,31.5,22.7,0.6651999999999987
Austria,2023,RUS,70.0,4.0,29.0,MEDIUM,69.822,5.0,0.165,66.522,9.504000000000815,0.9859154929577465,31.5,22.7,0.2960999999999956
Austria,2023,MAG,69.0,4.0,36.0,HARD,72.818,5.0,0.165,69.518,3.583999999998923,0.971830985915493,31.5,22.7,2.35799999999999
Austria,2023,GAS,70.0,4.0,26.0,MEDIUM,69.781,5.0,0.165,66.48100000000001,9.079999999999927,0.9859154929577465,31.5,22.7,0.5208000000000084
Austria,2023,STR,70.0,5.0,16.0,MEDIUM,68.896,5.0,0.165,65.596,2.3799999999991996,0.9859154929577465,31.5,22.7,0.24860000000001037
Austria,2023,ALB,70.0,4.0,29.0,HARD,70.207,5.0,0.165,66.907,9.460000000000946,0.9859154929577465,31.5,22.7,0.46359999999999957
Austria,2023,VER,71.0,5.0,5.0,SOFT,67.012,5.0,0.165,63.712,15.0,1.0,31.5,22.7,0.0
Austria,2023,LEC,71.0,4.0,24.0,HARD,69.99,5.0,0.165,66.69,5.155000000000655,1.0,31.5,22.7,1.0981999999999914
Austria,2023,OCO,70.0,4.0,30.0,HARD,70.043,5.0,0.165,66.74300000000001,12.976999999998952,0.9859154929577465,31.5,22.7,0.06920000000000925
Austria,2023,SAR,70.0,4.0,27.0,HARD,70.501,5.0,0.165,67.20100000000001,4.244000000000597,0.9859154929577465,31.5,22.7,0.509600000000006
Austria,2023,PER,71.0,4.0,21.0,HARD,69.317,5.0,0.165,66.017,12.032999999999447,1.0,31.5,22.7,0.8120999999999867
Austria,2023,SAI,71.0,4.0,26.0,HARD,69.348,5.0,0.165,66.048,4.189000000000306,1.0,31.0,22.6,0.4030000000000058
Austria,2023,ZHO,70.0,4.0,32.0,HARD,70.753,5.0,0.165,67.453,8.248999999999796,0.9859154929577465,31.0,22.6,0.8250000000000028
Austria,2023,NOR,71.0,4.0,30.0,HARD,69.877,5.0,0.165,66.577,4.949999999998909,1.0,31.0,22.6,0.7537999999999982
Austria,2023,DEV,70.0,4.0,33.0,MEDIUM,70.697,5.0,0.165,67.397,5.069999999999709,0.9859154929577465,31.0,22.6,0.6417999999999893
Austria,2023,ALO,71.0,4.0,27.0,MEDIUM,69.512,5.0,0.165,66.212,3.9899999999997817,1.0,31.0,22.6,0.23579999999999757
Austria,2023,HAM,71.0,4.0,29.0,MEDIUM,70.457,5.0,0.165,67.157,8.879000000000815,1.0,31.0,22.6,1.1479999999999961
Austria,2023,BOT,70.0,4.0,30.0,HARD,70.092,5.0,0.165,66.792,13.074000000000524,0.9859154929577465,31.0,22.6,0.012599999999991951
Austria,2023,TSU,70.0,5.0,27.0,MEDIUM,70.372,5.0,0.165,67.072,2.095999999999549,0.9859154929577465,31.0,22.6,0.347999999999999
Austria,2023,PIA,70.0,5.0,29.0,MEDIUM,70.006,5.0,0.165,66.706,1.6959999999999127,0.9859154929577465,31.0,22.6,0.005200000000002092
Austria,2023,RUS,71.0,4.0,30.0,MEDIUM,70.16,5.0,0.165,66.86,9.207000000000335,1.0,31.0,22.6,0.6340999999999894
Austria,2023,MAG,70.0,4.0,37.0,HARD,71.516,5.0,0.165,68.21600000000001,5.09400000000096,0.9859154929577465,31.0,22.6,1.0559999999999974
Austria,2023,GAS,71.0,4.0,27.0,MEDIUM,70.344,5.0,0.165,67.044,9.263999999999214,1.0,31.0,22.6,1.0837999999999965
Austria,2023,STR,71.0,5.0,17.0,MEDIUM,69.34,5.0,0.165,66.04,1.3760000000002037,1.0,31.0,22.6,0.692600000000013
Austria,2023,ALB,71.0,4.0,30.0,HARD,70.604,5.0,0.165,67.304,10.72400000000016,1.0,31.0,22.6,0.8606000000000051
Abu Dhabi,2023,VER,2.0,1.0,2.0,MEDIUM,90.71,101.4,3.3462000000000005,90.5912,15.0,0.034482758620689655,33.4,27.0,0.29239999999998645
Abu Dhabi,2023,LEC,2.0,1.0,2.0,MEDIUM,91.117,101.4,3.3462000000000005,90.99820000000001,1.3359999999997854,0.034482758620689655,33.4,27.0,0.6748000000000047
Abu Dhabi,2023,PIA,2.0,1.0,2.0,MEDIUM,91.075,101.4,3.3462000000000005,90.95620000000001,0.7210000000000036,0.034482758620689655,33.4,27.0,0.4440000000000026
Abu Dhabi,2023,NOR,2.0,1.0,2.0,MEDIUM,91.43,101.4,3.3462000000000005,91.31120000000001,0.7820000000001528,0.034482758620689655,33.4,27.0,0.9793999999999983
Abu Dhabi,2023,RUS,2.0,1.0,2.0,MEDIUM,91.598,101.4,3.3462000000000005,91.4792,0.6349999999997635,0.034482758620689655,33.4,27.0,0.9012000000000029
Abu Dhabi,2023,TSU,2.0,1.0,2.0,MEDIUM,91.674,101.4,3.3462000000000005,91.55520000000001,0.7350000000001273,0.034482758620689655,33.4,27.0,0.924199999999999
Abu Dhabi,2023,ALO,2.0,1.0,2.0,MEDIUM,91.755,101.4,3.3462000000000005,91.6362,0.6900000000000546,0.034482758620689655,33.4,27.0,0.993300000000005
Abu Dhabi,2023,GAS,2.0,1.0,2.0,MEDIUM,91.774,101.4,3.3462000000000005,91.65520000000001,0.6109999999998763,0.034482758620689655,33.4,27.0,1.0007999999999981
Abu Dhabi,2023,HAM,2.0,1.0,2.0,MEDIUM,91.727,101.4,3.3462000000000005,91.60820000000001,0.543999999999869,0.034482758620689655,33.4,27.0,0.8830000000000098
Abu Dhabi,2023,PER,2.0,1.0,2.0,MEDIUM,91.672,101.4,3.3462000000000005,91.5532,0.4630000000001928,0.034482758620689655,33.4,27.0,0.9591999999999956
Abu Dhabi,2023,OCO,2.0,1.0,2.0,MEDIUM,91.81,101.4,3.3462000000000005,91.69120000000001,0.5900000000001455,0.034482758620689655,33.4,27.0,0.8667999999999978
Abu Dhabi,2023,STR,2.0,1.0,3.0,HARD,91.963,101.4,3.3462000000000005,91.8442,0.6769999999996799,0.034482758620689655,33.4,27.0,2.1604999999999848
Abu Dhabi,2023,SAI,2.0,1.0,2.0,HARD,91.98,101.4,3.3462000000000005,91.86120000000001,0.9700000000002547,0.034482758620689655,33.7,27.1,2.339500000000001
Abu Dhabi,2023,HUL,2.0,1.0,2.0,MEDIUM,92.921,101.4,3.3462000000000005,92.80220000000001,0.5579999999999927,0.034482758620689655,33.7,27.1,1.6940000000000026
Abu Dhabi,2023,RIC,2.0,1.0,2.0,MEDIUM,92.742,101.4,3.3462000000000005,92.62320000000001,0.4780000000000655,0.034482758620689655,33.7,27.1,1.5900000000000034
Abu Dhabi,2023,BOT,2.0,1.0,2.0,HARD,92.77,101.4,3.3462000000000005,92.6512,0.3799999999996544,0.034482758620689655,33.7,27.1,1.5189999999999912
Abu Dhabi,2023,ZHO,2.0,1.0,2.0,MEDIUM,92.533,101.4,3.3462000000000005,92.41420000000001,0.4230000000002292,0.034482758620689655,33.7,27.1,3.451999999999998
Abu Dhabi,2023,ALB,2.0,1.0,3.0,MEDIUM,93.56,101.4,3.3462000000000005,93.44120000000001,0.6920000000000073,0.034482758620689655,33.7,27.1,2.106099999999998
Abu Dhabi,2023,MAG,2.0,1.0,2.0,MEDIUM,93.067,101.4,3.3462000000000005,92.9482,0.47899999999981446,0.034482758620689655,33.7,27.1,1.4503999999999877
Abu Dhabi,2023,SAR,2.0,1.0,3.0,MEDIUM,93.582,101.4,3.3462000000000005,93.4632,0.9400000000000546,0.034482758620689655,33.7,27.1,2.1803999999999917
Abu Dhabi,2023,VER,3.0,1.0,3.0,MEDIUM,90.408,99.6,3.2868,90.2298,15.0,0.05172413793103448,33.7,27.0,-0.009600000000006048
Abu Dhabi,2023,LEC,3.0,1.0,3.0,MEDIUM,90.5,99.6,3.2868,90.3218,1.4279999999998836,0.05172413793103448,33.7,27.0,0.057800000000000296
Abu Dhabi,2023,PIA,3.0,1.0,3.0,MEDIUM,90.631,99.6,3.2868,90.4528,0.8519999999998618,0.05172413793103448,33.7,27.0,0.0
Abu Dhabi,2023,NOR,3.0,1.0,3.0,MEDIUM,90.714,99.6,3.2868,90.5358,0.8650000000002365,0.05172413793103448,33.7,27.0,0.2633999999999901
Abu Dhabi,2023,RUS,3.0,1.0,3.0,MEDIUM,90.598,99.6,3.2868,90.4198,0.5189999999997781,0.05172413793103448,33.7,27.0,-0.09879999999999711
Abu Dhabi,2023,TSU,3.0,1.0,3.0,MEDIUM,90.674,99.6,3.2868,90.4958,0.8110000000001492,0.05172413793103448,33.7,27.0,-0.07580000000000098
Abu Dhabi,2023,ALO,3.0,1.0,3.0,MEDIUM,90.823,99.6,3.2868,90.64479999999999,0.8389999999999418,0.05172413793103448,33.7,27.0,0.0613000000000028
Abu Dhabi,2023,GAS,3.0,1.0,3.0,MEDIUM,90.824,99.6,3.2868,90.6458,0.61200000000008,0.05172413793103448,33.7,27.0,0.05079999999999529
Abu Dhabi,2023,PER,3.0,1.0,3.0,MEDIUM,90.469,99.6,3.2868,90.29079999999999,0.6520000000000437,0.05172413793103448,33.7,27.0,-0.24380000000000734
Abu Dhabi,2023,HAM,3.0,1.0,3.0,MEDIUM,91.526,99.6,3.2868,91.34779999999999,0.5940000000000509,0.05172413793103448,33.7,27.0,0.6820000000000022
Abu Dhabi,2023,OCO,3.0,1.0,3.0,MEDIUM,91.033,99.6,3.2868,90.8548,0.5599999999999454,0.05172413793103448,33.7,27.0,0.08979999999999677
Abu Dhabi,2023,STR,3.0,1.0,4.0,HARD,90.927,99.6,3.2868,90.7488,0.5709999999999127,0.05172413793103448,33.7,27.0,1.1244999999999976
Abu Dhabi,2023,SAI,3.0,1.0,3.0,HARD,91.308,99.6,3.2868,91.1298,1.3510000000001128,0.05172413793103448,33.7,27.0,1.667500000000004
Abu Dhabi,2023,HUL,3.0,1.0,3.0,MEDIUM,91.351,99.6,3.2868,91.1728,0.6010000000001128,0.05172413793103448,33.7,27.0,0.12399999999999523
Abu Dhabi,2023,RIC,3.0,1.0,3.0,MEDIUM,91.519,99.6,3.2868,91.3408,0.6459999999997308,0.05172413793103448,33.7,27.0,0.36700000000000443
Abu Dhabi,2023,BOT,3.0,1.0,3.0,HARD,91.698,99.6,3.2868,91.51979999999999,0.5590000000001965,0.05172413793103448,33.7,27.0,0.4469999999999885
Abu Dhabi,2023,ZHO,3.0,1.0,3.0,MEDIUM,91.817,99.6,3.2868,91.63879999999999,0.5419999999999163,0.05172413793103448,33.7,27.0,2.73599999999999
Abu Dhabi,2023,ALB,3.0,1.0,4.0,MEDIUM,91.768,99.6,3.2868,91.5898,0.6430000000000291,0.05172413793103448,33.7,27.0,0.31409999999999627
Abu Dhabi,2023,MAG,3.0,1.0,3.0,MEDIUM,91.711,99.6,3.2868,91.5328,0.42200000000002547,0.05172413793103448,33.7,27.0,0.09439999999999316
Abu Dhabi,2023,SAR,3.0,1.0,4.0,MEDIUM,91.4,99.6,3.2868,91.2218,0.6289999999999054,0.05172413793103448,33.7,27.0,-0.001599999999996271
Abu Dhabi,2023,VER,4.0,1.0,4.0,MEDIUM,90.716,97.8,3.2274000000000003,90.4784,15.0,0.06896551724137931,33.2,27.0,0.2983999999999867
Abu Dhabi,2023,LEC,4.0,1.0,4.0,MEDIUM,90.884,97.8,3.2274000000000003,90.6464,1.5960000000004584,0.06896551724137931,33.2,27.0,0.44180000000000064
Abu Dhabi,2023,NOR,4.0,1.0,4.0,MEDIUM,90.188,97.8,3.2274000000000003,89.9504,1.0209999999997308,0.06896551724137931,33.2,27.0,-0.26260000000000616
Abu Dhabi,2023,PIA,4.0,1.0,4.0,MEDIUM,91.816,97.8,3.2274000000000003,91.5784,0.76299999999992,0.06896551724137931,33.2,27.0,1.1850000000000023
Abu Dhabi,2023,RUS,4.0,1.0,4.0,MEDIUM,90.797,97.8,3.2274000000000003,90.5594,0.3649999999997817,0.06896551724137931,33.2,27.0,0.10020000000000095
Abu Dhabi,2023,TSU,4.0,1.0,4.0,MEDIUM,90.757,97.8,3.2274000000000003,90.5194,0.7709999999997308,0.06896551724137931,33.2,27.0,0.007199999999997431
Abu Dhabi,2023,ALO,4.0,1.0,4.0,MEDIUM,90.66,97.8,3.2274000000000003,90.4224,0.7420000000001892,0.06896551724137931,33.2,27.0,-0.1016999999999939
Abu Dhabi,2023,GAS,4.0,1.0,4.0,MEDIUM,90.758,97.8,3.2274000000000003,90.5204,0.7100000000000364,0.06896551724137931,33.2,27.0,-0.015200000000007208
Abu Dhabi,2023,PER,4.0,1.0,4.0,MEDIUM,90.759,97.8,3.2274000000000003,90.5214,0.6530000000002474,0.06896551724137931,33.2,27.0,0.04619999999999891
Abu Dhabi,2023,HAM,4.0,1.0,4.0,MEDIUM,90.844,97.8,3.2274000000000003,90.6064,0.6790000000000873,0.06896551724137931,33.2,27.0,0.0
Abu Dhabi,2023,OCO,4.0,1.0,4.0,MEDIUM,90.988,97.8,3.2274000000000003,90.7504,0.7039999999997235,0.06896551724137931,33.1,27.0,0.044799999999995066
Abu Dhabi,2023,STR,4.0,1.0,5.0,HARD,91.017,97.8,3.2274000000000003,90.7794,0.6000000000003638,0.06896551724137931,33.1,27.0,1.2144999999999868
Abu Dhabi,2023,SAI,4.0,1.0,4.0,HARD,91.099,97.8,3.2274000000000003,90.8614,1.4329999999999927,0.06896551724137931,33.1,27.0,1.4585000000000008
Abu Dhabi,2023,HUL,4.0,1.0,4.0,MEDIUM,91.374,97.8,3.2274000000000003,91.1364,0.8760000000002037,0.06896551724137931,33.1,27.0,0.14699999999999136
Abu Dhabi,2023,RIC,4.0,1.0,4.0,MEDIUM,91.284,97.8,3.2274000000000003,91.0464,0.5559999999995853,0.06896551724137931,33.1,27.0,0.132000000000005
Abu Dhabi,2023,BOT,4.0,1.0,4.0,HARD,91.281,97.8,3.2274000000000003,91.0434,0.5559999999995853,0.06896551724137931,33.1,27.0,0.030000000000001137
Abu Dhabi,2023,ZHO,4.0,1.0,4.0,MEDIUM,91.303,97.8,3.2274000000000003,91.0654,0.5640000000003056,0.06896551724137931,33.1,27.0,2.221999999999994
Abu Dhabi,2023,ALB,4.0,1.0,5.0,MEDIUM,91.591,97.8,3.2274000000000003,91.3534,0.9310000000004948,0.06896551724137931,33.1,27.0,0.13709999999998956
Abu Dhabi,2023,MAG,4.0,1.0,4.0,MEDIUM,91.593,97.8,3.2274000000000003,91.3554,0.42399999999997817,0.06896551724137931,33.1,27.0,-0.02360000000000184
Abu Dhabi,2023,SAR,4.0,1.0,5.0,MEDIUM,91.487,97.8,3.2274000000000003,91.2494,0.5229999999992287,0.06896551724137931,33.1,27.0,0.08539999999999281
Abu Dhabi,2023,VER,5.0,1.0,5.0,MEDIUM,90.552,96.0,3.168,90.25500000000001,15.0,0.08620689655172414,33.0,27.0,0.1343999999999994
Abu Dhabi,2023,LEC,5.0,1.0,5.0,MEDIUM,90.459,96.0,3.168,90.162,1.5030000000006112,0.08620689655172414,33.0,27.0,0.01680000000000348
Abu Dhabi,2023,NOR,5.0,1.0,5.0,MEDIUM,90.456,96.0,3.168,90.159,1.018000000000029,0.08620689655172414,33.0,27.0,0.00539999999999452
Abu Dhabi,2023,PIA,5.0,1.0,5.0,MEDIUM,90.419,96.0,3.168,90.122,0.725999999999658,0.08620689655172414,33.0,27.0,-0.2120000000000033
Abu Dhabi,2023,RUS,5.0,1.0,5.0,MEDIUM,90.689,96.0,3.168,90.392,0.6350000000002183,0.08620689655172414,33.0,27.0,-0.007800000000003138
Abu Dhabi,2023,TSU,5.0,1.0,5.0,MEDIUM,90.685,96.0,3.168,90.388,0.7669999999998254,0.08620689655172414,33.0,27.0,-0.0648000000000053
Abu Dhabi,2023,ALO,5.0,1.0,5.0,MEDIUM,90.773,96.0,3.168,90.476,0.8299999999999272,0.08620689655172414,33.0,27.0,0.011300000000005639
Abu Dhabi,2023,GAS,5.0,1.0,5.0,MEDIUM,90.764,96.0,3.168,90.467,0.7010000000000218,0.08620689655172414,33.0,27.0,-0.00920000000000698
Abu Dhabi,2023,PER,5.0,1.0,5.0,MEDIUM,90.797,96.0,3.168,90.5,0.6859999999996944,0.08620689655172414,33.0,27.0,0.08419999999999561
Abu Dhabi,2023,HAM,5.0,1.0,5.0,MEDIUM,90.844,96.0,3.168,90.547,0.7260000000005675,0.08620689655172414,33.0,27.0,0.0
Abu Dhabi,2023,OCO,5.0,1.0,5.0,MEDIUM,90.994,96.0,3.168,90.697,0.8539999999993597,0.08620689655172414,33.0,27.0,0.05079999999999529
Abu Dhabi,2023,STR,5.0,1.0,6.0,HARD,91.094,96.0,3.168,90.797,0.7000000000007276,0.08620689655172414,33.0,27.0,1.291499999999985
Abu Dhabi,2023,SAI,5.0,1.0,5.0,HARD,91.158,96.0,3.168,90.861,1.4969999999993888,0.08620689655172414,33.0,27.0,1.5174999999999983
Abu Dhabi,2023,HUL,5.0,1.0,5.0,MEDIUM,91.227,96.0,3.168,90.93,0.9450000000006185,0.08620689655172414,33.0,27.0,0.0
Abu Dhabi,2023,RIC,5.0,1.0,5.0,MEDIUM,91.326,96.0,3.168,91.029,0.6549999999997453,0.08620689655172414,33.0,27.0,0.17399999999999238
Abu Dhabi,2023,BOT,5.0,1.0,5.0,HARD,91.445,96.0,3.168,91.148,0.6750000000001819,0.08620689655172414,33.0,27.0,0.1939999999999884
Abu Dhabi,2023,ZHO,5.0,1.0,5.0,MEDIUM,91.44,96.0,3.168,91.143,0.5590000000001965,0.08620689655172414,33.0,27.0,2.3589999999999947
Abu Dhabi,2023,ALB,5.0,1.0,6.0,MEDIUM,91.422,96.0,3.168,91.125,0.9129999999995562,0.08620689655172414,33.0,27.0,-0.03190000000000737
Abu Dhabi,2023,SAR,5.0,1.0,6.0,MEDIUM,92.275,96.0,3.168,91.97800000000001,1.800000000000182,0.08620689655172414,33.0,27.0,0.8734000000000037
Abu Dhabi,2023,VER,6.0,1.0,6.0,MEDIUM,90.44,94.2,3.1086,90.0836,15.0,0.10344827586206896,33.0,27.0,0.022399999999990428
Abu Dhabi,2023,LEC,6.0,1.0,6.0,MEDIUM,90.544,94.2,3.1086,90.1876,1.606999999999971,0.10344827586206896,33.0,27.0,0.10179999999999723
Abu Dhabi,2023,NOR,6.0,1.0,6.0,MEDIUM,90.45,94.2,3.1086,90.09360000000001,0.9239999999999782,0.10344827586206896,33.0,27.0,-0.0006000000000057071
Abu Dhabi,2023,PIA,6.0,1.0,6.0,MEDIUM,90.813,94.2,3.1086,90.45660000000001,1.0889999999999418,0.10344827586206896,33.0,27.0,0.18200000000000216
Abu Dhabi,2023,RUS,6.0,1.0,6.0,MEDIUM,90.808,94.2,3.1086,90.45160000000001,0.6300000000001091,0.10344827586206896,33.0,27.0,0.11120000000001085
Abu Dhabi,2023,TSU,6.0,1.0,6.0,MEDIUM,90.786,94.2,3.1086,90.42960000000001,0.7449999999998909,0.10344827586206896,33.0,27.0,0.03619999999999379
Abu Dhabi,2023,ALO,6.0,1.0,6.0,MEDIUM,90.803,94.2,3.1086,90.4466,0.8469999999997526,0.10344827586206896,33.0,27.0,0.041300000000006776
Abu Dhabi,2023,GAS,6.0,1.0,6.0,MEDIUM,90.886,94.2,3.1086,90.5296,0.7840000000005602,0.10344827586206896,33.2,27.0,0.1127999999999929
Abu Dhabi,2023,PER,6.0,1.0,6.0,MEDIUM,90.682,94.2,3.1086,90.32560000000001,0.4819999999999709,0.10344827586206896,33.2,27.0,-0.030799999999999272
Abu Dhabi,2023,HAM,6.0,1.0,6.0,MEDIUM,90.634,94.2,3.1086,90.2776,0.6779999999998836,0.10344827586206896,33.2,27.0,-0.20999999999999375
Abu Dhabi,2023,OCO,6.0,1.0,6.0,MEDIUM,90.689,94.2,3.1086,90.3326,0.9089999999996508,0.10344827586206896,33.2,27.0,-0.25420000000001153
Abu Dhabi,2023,STR,6.0,1.0,7.0,HARD,90.795,94.2,3.1086,90.43860000000001,0.8060000000004948,0.10344827586206896,33.2,27.0,0.9924999999999926
Abu Dhabi,2023,SAI,6.0,1.0,6.0,HARD,91.175,94.2,3.1086,90.8186,1.876999999999498,0.10344827586206896,33.2,27.0,1.5344999999999942
Abu Dhabi,2023,HUL,6.0,1.0,6.0,MEDIUM,91.101,94.2,3.1086,90.7446,0.8710000000000946,0.10344827586206896,33.2,27.0,-0.12600000000000477
Abu Dhabi,2023,RIC,6.0,1.0,6.0,MEDIUM,91.064,94.2,3.1086,90.7076,0.6180000000003929,0.10344827586206896,33.2,27.0,-0.08800000000000807
Abu Dhabi,2023,BOT,6.0,1.0,6.0,HARD,91.122,94.2,3.1086,90.7656,0.7329999999992651,0.10344827586206896,33.2,27.0,-0.1290000000000049
Abu Dhabi,2023,ZHO,6.0,1.0,6.0,MEDIUM,91.331,94.2,3.1086,90.97460000000001,0.7680000000000291,0.10344827586206896,33.2,27.0,2.25
Abu Dhabi,2023,ALB,6.0,1.0,7.0,MEDIUM,91.491,94.2,3.1086,91.1346,1.0730000000003201,0.10344827586206896,33.2,27.0,0.03709999999999525
Abu Dhabi,2023,SAR,6.0,1.0,7.0,MEDIUM,91.712,94.2,3.1086,91.35560000000001,2.020999999999731,0.10344827586206896,33.2,27.0,0.31040000000000134
Abu Dhabi,2023,VER,7.0,1.0,7.0,MEDIUM,90.529,92.4,3.0492000000000004,90.11319999999999,15.0,0.1206896551724138,33.1,27.0,0.11139999999998906
Abu Dhabi,2023,LEC,7.0,1.0,7.0,MEDIUM,90.373,92.4,3.0492000000000004,89.9572,1.4510000000000218,0.1206896551724138,33.1,27.0,-0.06919999999999504
Abu Dhabi,2023,NOR,7.0,1.0,7.0,MEDIUM,90.533,92.4,3.0492000000000004,90.1172,1.0839999999998327,0.1206896551724138,33.1,27.0,0.0823999999999927
Abu Dhabi,2023,PIA,7.0,1.0,7.0,MEDIUM,90.953,92.4,3.0492000000000004,90.5372,1.5090000000000146,0.1206896551724138,33.1,27.0,0.32200000000000273
Abu Dhabi,2023,RUS,7.0,1.0,7.0,MEDIUM,90.842,92.4,3.0492000000000004,90.4262,0.5190000000002328,0.1206896551724138,33.1,27.0,0.14520000000000266
Abu Dhabi,2023,TSU,7.0,1.0,7.0,MEDIUM,90.826,92.4,3.0492000000000004,90.41019999999999,0.7290000000002692,0.1206896551724138,33.1,27.0,0.07619999999998583
Abu Dhabi,2023,ALO,7.0,1.0,7.0,MEDIUM,90.782,92.4,3.0492000000000004,90.36619999999999,0.8029999999998836,0.1206896551724138,33.1,27.0,0.02030000000000598
Abu Dhabi,2023,GAS,7.0,1.0,7.0,MEDIUM,90.787,92.4,3.0492000000000004,90.3712,0.7889999999997599,0.1206896551724138,33.1,27.0,0.013800000000003365
Abu Dhabi,2023,PER,7.0,1.0,7.0,MEDIUM,90.818,92.4,3.0492000000000004,90.4022,0.51299999999992,0.1206896551724138,33.1,27.0,0.10519999999999641
Abu Dhabi,2023,HAM,7.0,1.0,7.0,MEDIUM,90.899,92.4,3.0492000000000004,90.4832,0.7590000000000146,0.1206896551724138,33.1,27.0,0.05500000000000682
Abu Dhabi,2023,OCO,7.0,1.0,7.0,MEDIUM,90.932,92.4,3.0492000000000004,90.5162,0.9420000000000073,0.1206896551724138,33.1,27.0,-0.01120000000000232
Abu Dhabi,2023,STR,7.0,1.0,8.0,HARD,91.056,92.4,3.0492000000000004,90.6402,0.930000000000291,0.1206896551724138,33.1,27.0,1.2534999999999883
Abu Dhabi,2023,SAI,7.0,1.0,7.0,HARD,91.301,92.4,3.0492000000000004,90.8852,2.1220000000002983,0.1206896551724138,33.1,27.0,1.660499999999999
Abu Dhabi,2023,HUL,7.0,1.0,7.0,MEDIUM,91.332,92.4,3.0492000000000004,90.91619999999999,0.9020000000000437,0.1206896551724138,33.1,27.0,0.10499999999998977
Abu Dhabi,2023,BOT,7.0,1.0,7.0,HARD,91.189,92.4,3.0492000000000004,90.77319999999999,1.207999999999629,0.1206896551724138,33.1,27.0,-0.06200000000001182
Abu Dhabi,2023,ZHO,7.0,1.0,7.0,MEDIUM,91.227,92.4,3.0492000000000004,90.8112,0.8060000000004948,0.1206896551724138,33.1,27.0,2.146000000000001
Abu Dhabi,2023,ALB,7.0,1.0,8.0,MEDIUM,91.438,92.4,3.0492000000000004,91.0222,1.2839999999996508,0.1206896551724138,33.1,27.0,-0.015900000000002024
Abu Dhabi,2023,SAR,7.0,1.0,8.0,MEDIUM,91.157,92.4,3.0492000000000004,90.74119999999999,1.7399999999997817,0.1206896551724138,33.1,27.0,-0.24460000000000548
Abu Dhabi,2023,MAG,7.0,2.0,2.0,HARD,90.445,92.4,3.0492000000000004,90.02919999999999,15.0,0.1206896551724138,33.0,26.9,0.25619999999999266
Abu Dhabi,2023,VER,8.0,1.0,8.0,MEDIUM,90.516,90.6,2.9898,90.0408,15.0,0.13793103448275862,33.0,26.9,0.09839999999999804
Abu Dhabi,2023,LEC,8.0,1.0,8.0,MEDIUM,90.631,90.6,2.9898,90.1558,1.5659999999998035,0.13793103448275862,33.0,26.9,0.18880000000000052
Abu Dhabi,2023,NOR,8.0,1.0,8.0,MEDIUM,90.676,90.6,2.9898,90.2008,1.1289999999999054,0.13793103448275862,33.0,26.9,0.22539999999999338
Abu Dhabi,2023,PIA,8.0,1.0,8.0,MEDIUM,90.795,90.6,2.9898,90.3198,1.6279999999997017,0.13793103448275862,33.0,26.9,0.16400000000000148
Abu Dhabi,2023,RUS,8.0,1.0,8.0,MEDIUM,90.933,90.6,2.9898,90.4578,0.6570000000001528,0.13793103448275862,33.0,26.9,0.23620000000001085
Abu Dhabi,2023,TSU,8.0,1.0,8.0,MEDIUM,91.097,90.6,2.9898,90.6218,0.8930000000000291,0.13793103448275862,32.8,26.9,0.34719999999998663
Abu Dhabi,2023,ALO,8.0,1.0,8.0,MEDIUM,91.109,90.6,2.9898,90.6338,0.8150000000005093,0.13793103448275862,32.8,26.9,0.34730000000000416
Abu Dhabi,2023,GAS,8.0,1.0,8.0,MEDIUM,90.944,90.6,2.9898,90.4688,0.6239999999997963,0.13793103448275862,32.8,26.9,0.17079999999999984
Abu Dhabi,2023,PER,8.0,1.0,8.0,MEDIUM,90.993,90.6,2.9898,90.5178,0.5619999999998981,0.13793103448275862,32.8,26.9,0.28019999999999357
Abu Dhabi,2023,HAM,8.0,1.0,8.0,MEDIUM,91.061,90.6,2.9898,90.5858,0.8270000000002256,0.13793103448275862,32.8,26.9,0.21700000000001296
Abu Dhabi,2023,OCO,8.0,1.0,8.0,MEDIUM,90.997,90.6,2.9898,90.5218,0.8779999999997017,0.13793103448275862,32.8,26.9,0.05379999999999541
Abu Dhabi,2023,STR,8.0,1.0,9.0,HARD,90.988,90.6,2.9898,90.5128,0.9210000000002765,0.13793103448275862,32.8,26.9,1.1854999999999905
Abu Dhabi,2023,SAI,8.0,1.0,8.0,HARD,91.263,90.6,2.9898,90.7878,2.3969999999999345,0.13793103448275862,32.8,26.9,1.6225000000000023
Abu Dhabi,2023,HUL,8.0,1.0,8.0,MEDIUM,91.5,90.6,2.9898,91.0248,1.1390000000001237,0.13793103448275862,32.8,26.9,0.27299999999999613
Abu Dhabi,2023,BOT,8.0,1.0,8.0,HARD,91.206,90.6,2.9898,90.7308,0.9139999999997599,0.13793103448275862,32.8,26.9,-0.045000000000001705
Abu Dhabi,2023,ZHO,8.0,1.0,8.0,MEDIUM,91.318,90.6,2.9898,90.8428,0.9179999999996653,0.13793103448275862,32.8,26.9,2.2369999999999948
Abu Dhabi,2023,ALB,8.0,1.0,9.0,MEDIUM,91.58,90.6,2.9898,91.1048,1.5460000000002765,0.13793103448275862,32.8,26.9,0.12609999999999388
Abu Dhabi,2023,SAR,8.0,1.0,9.0,MEDIUM,91.542,90.6,2.9898,91.0668,1.7020000000002256,0.13793103448275862,32.8,26.9,0.14039999999999964
Abu Dhabi,2023,MAG,8.0,2.0,3.0,HARD,90.312,90.6,2.9898,89.8368,15.0,0.13793103448275862,32.8,26.9,0.12319999999999709
Abu Dhabi,2023,VER,9.0,1.0,9.0,MEDIUM,90.632,88.8,2.9304,90.09740000000001,15.0,0.15517241379310345,32.7,26.9,0.2143999999999977
Abu Dhabi,2023,LEC,9.0,1.0,9.0,MEDIUM,90.431,88.8,2.9304,89.8964,1.3649999999997817,0.15517241379310345,32.7,26.9,-0.01120000000000232
Abu Dhabi,2023,NOR,9.0,1.0,9.0,MEDIUM,90.613,88.8,2.9304,90.0784,1.311000000000604,0.15517241379310345,32.7,26.9,0.162399999999991
Abu Dhabi,2023,PIA,9.0,1.0,9.0,MEDIUM,90.899,88.8,2.9304,90.3644,1.91399999999976,0.15517241379310345,32.7,26.9,0.2680000000000007
Abu Dhabi,2023,RUS,9.0,1.0,9.0,MEDIUM,90.767,88.8,2.9304,90.2324,0.5249999999996362,0.15517241379310345,32.7,26.9,0.07019999999999982
Abu Dhabi,2023,TSU,9.0,1.0,9.0,MEDIUM,90.862,88.8,2.9304,90.3274,0.9880000000002838,0.15517241379310345,32.7,26.9,0.1121999999999872
Abu Dhabi,2023,ALO,9.0,1.0,9.0,MEDIUM,90.915,88.8,2.9304,90.38040000000001,0.8680000000003929,0.15517241379310345,32.7,26.9,0.15330000000001576
Abu Dhabi,2023,GAS,9.0,1.0,9.0,MEDIUM,91.305,88.8,2.9304,90.77040000000001,1.0140000000001237,0.15517241379310345,32.7,26.9,0.531800000000004
Abu Dhabi,2023,PER,9.0,1.0,9.0,MEDIUM,91.287,88.8,2.9304,90.75240000000001,0.543999999999869,0.15517241379310345,32.7,26.9,0.5742000000000047
Abu Dhabi,2023,HAM,9.0,1.0,9.0,MEDIUM,91.132,88.8,2.9304,90.59740000000001,0.6719999999995707,0.15517241379310345,32.7,26.9,0.2880000000000109
Abu Dhabi,2023,OCO,9.0,1.0,9.0,MEDIUM,91.073,88.8,2.9304,90.5384,0.8190000000004147,0.15517241379310345,32.7,26.9,0.1297999999999888
Abu Dhabi,2023,STR,9.0,1.0,10.0,HARD,91.195,88.8,2.9304,90.6604,1.0429999999996653,0.15517241379310345,32.7,26.9,1.392499999999984
Abu Dhabi,2023,SAI,9.0,1.0,9.0,HARD,90.965,88.8,2.9304,90.4304,2.167000000000371,0.15517241379310345,32.7,26.9,1.3245000000000005
Abu Dhabi,2023,HUL,9.0,1.0,9.0,MEDIUM,91.545,88.8,2.9304,91.0104,1.719000000000051,0.15517241379310345,32.7,26.9,0.31799999999999784
Abu Dhabi,2023,BOT,9.0,1.0,9.0,HARD,91.716,88.8,2.9304,91.1814,1.0850000000000364,0.15517241379310345,32.7,26.9,0.4649999999999892
Abu Dhabi,2023,ZHO,9.0,1.0,9.0,MEDIUM,91.662,88.8,2.9304,91.12740000000001,0.863999999999578,0.15517241379310345,32.7,26.9,2.581000000000003
Abu Dhabi,2023,ALB,9.0,1.0,10.0,MEDIUM,91.644,88.8,2.9304,91.10940000000001,1.5280000000002474,0.15517241379310345,32.7,26.9,0.19010000000000105
Abu Dhabi,2023,SAR,9.0,1.0,10.0,MEDIUM,91.408,88.8,2.9304,90.8734,1.4659999999994398,0.15517241379310345,32.7,26.9,0.006399999999999295
Abu Dhabi,2023,RIC,9.0,2.0,2.0,HARD,89.815,88.8,2.9304,89.2804,14.443000000000211,0.15517241379310345,32.7,26.9,1.0831999999999908
Abu Dhabi,2023,MAG,9.0,2.0,4.0,HARD,90.325,88.8,2.9304,89.7904,2.8450000000002547,0.15517241379310345,32.7,26.9,0.13620000000000232
Abu Dhabi,2023,VER,10.0,1.0,10.0,MEDIUM,90.506,87.0,2.871,89.912,15.0,0.1724137931034483,32.7,26.9,0.08839999999999293
Abu Dhabi,2023,LEC,10.0,1.0,10.0,MEDIUM,90.609,87.0,2.871,90.015,1.4679999999998472,0.1724137931034483,32.7,26.9,0.16679999999999495
Abu Dhabi,2023,NOR,10.0,1.0,10.0,MEDIUM,90.912,87.0,2.871,90.31800000000001,1.613999999999578,0.1724137931034483,32.7,26.9,0.4613999999999976
Abu Dhabi,2023,PIA,10.0,1.0,10.0,MEDIUM,91.239,87.0,2.871,90.64500000000001,2.2409999999999854,0.1724137931034483,32.9,26.9,0.6080000000000041
Abu Dhabi,2023,RUS,10.0,1.0,10.0,MEDIUM,91.14,87.0,2.871,90.546,0.4260000000003856,0.1724137931034483,32.9,26.9,0.4432000000000045
Abu Dhabi,2023,TSU,10.0,1.0,10.0,MEDIUM,91.104,87.0,2.871,90.51,0.9520000000002256,0.1724137931034483,32.9,26.9,0.35419999999999163
Abu Dhabi,2023,ALO,10.0,1.0,10.0,MEDIUM,91.18,87.0,2.871,90.58600000000001,0.9439999999995052,0.1724137931034483,32.9,26.9,0.4183000000000163
Abu Dhabi,2023,GAS,10.0,1.0,10.0,MEDIUM,91.136,87.0,2.871,90.542,0.9700000000002547,0.1724137931034483,32.9,26.9,0.3627999999999929
Abu Dhabi,2023,PER,10.0,1.0,10.0,MEDIUM,91.214,87.0,2.871,90.62,0.6220000000002983,0.1724137931034483,32.9,26.9,0.5011999999999972
Abu Dhabi,2023,HAM,10.0,1.0,10.0,MEDIUM,91.271,87.0,2.871,90.677,0.7289999999993597,0.1724137931034483,32.9,26.9,0.4270000000000067
Abu Dhabi,2023,OCO,10.0,1.0,10.0,MEDIUM,91.254,87.0,2.871,90.66000000000001,0.8020000000005894,0.1724137931034483,32.9,26.9,0.3108000000000004
Abu Dhabi,2023,STR,10.0,1.0,11.0,HARD,91.074,87.0,2.871,90.48,0.8629999999993743,0.1724137931034483,32.9,26.9,1.271499999999989
Abu Dhabi,2023,SAI,10.0,1.0,10.0,HARD,91.305,87.0,2.871,90.71100000000001,2.3980000000001382,0.1724137931034483,32.9,26.9,1.6645000000000039
Abu Dhabi,2023,HUL,10.0,1.0,10.0,MEDIUM,91.583,87.0,2.871,90.989,1.9970000000002983,0.1724137931034483,32.9,26.9,0.35599999999999454
Abu Dhabi,2023,BOT,10.0,1.0,10.0,HARD,91.713,87.0,2.871,91.119,1.2150000000001455,0.1724137931034483,32.9,26.9,0.4619999999999891
Abu Dhabi,2023,ZHO,10.0,1.0,10.0,MEDIUM,91.936,87.0,2.871,91.34200000000001,1.0869999999995343,0.1724137931034483,32.9,26.9,2.855000000000004
Abu Dhabi,2023,ALB,10.0,1.0,11.0,MEDIUM,91.978,87.0,2.871,91.384,1.5700000000006185,0.1724137931034483,32.9,26.9,0.52409999999999
Abu Dhabi,2023,SAR,10.0,1.0,11.0,MEDIUM,92.038,87.0,2.871,91.444,1.52599999999984,0.1724137931034483,32.9,26.9,0.6363999999999947
Abu Dhabi,2023,RIC,10.0,2.0,3.0,HARD,90.238,87.0,2.871,89.644,12.643000000000029,0.1724137931034483,32.9,26.9,1.5061999999999927
Abu Dhabi,2023,MAG,10.0,2.0,5.0,HARD,90.814,87.0,2.871,90.22,3.4210000000002765,0.1724137931034483,32.9,26.9,0.6251999999999924
Abu Dhabi,2023,VER,11.0,1.0,11.0,MEDIUM,90.561,85.2,2.8116000000000003,89.9076,15.0,0.1896551724137931,32.8,26.9,0.14339999999999975
Abu Dhabi,2023,LEC,11.0,1.0,11.0,MEDIUM,90.613,85.2,2.8116000000000003,89.9596,1.5200000000004366,0.1896551724137931,32.8,26.9,0.17079999999999984
Abu Dhabi,2023,NOR,11.0,1.0,11.0,MEDIUM,91.228,85.2,2.8116000000000003,90.57459999999999,2.2289999999993597,0.1896551724137931,32.8,26.9,0.7773999999999859
Abu Dhabi,2023,RUS,11.0,1.0,11.0,MEDIUM,90.856,85.2,2.8116000000000003,90.20259999999999,2.2950000000000728,0.1896551724137931,32.8,26.9,0.15919999999999845
Abu Dhabi,2023,PIA,11.0,1.0,11.0,MEDIUM,92.448,85.2,2.8116000000000003,91.79459999999999,1.1660000000001673,0.1896551724137931,32.8,26.9,1.816999999999993
Abu Dhabi,2023,TSU,11.0,1.0,11.0,MEDIUM,91.472,85.2,2.8116000000000003,90.81859999999999,0.40200000000004366,0.1896551724137931,32.8,26.9,0.7221999999999866
Abu Dhabi,2023,ALO,11.0,1.0,11.0,MEDIUM,91.381,85.2,2.8116000000000003,90.7276,0.8530000000000655,0.1896551724137931,32.8,26.9,0.6193000000000097
Abu Dhabi,2023,GAS,11.0,1.0,11.0,MEDIUM,91.467,85.2,2.8116000000000003,90.8136,1.0559999999995853,0.1896551724137931,32.8,26.9,0.693799999999996
Abu Dhabi,2023,PER,11.0,1.0,11.0,MEDIUM,91.535,85.2,2.8116000000000003,90.88159999999999,0.6900000000005093,0.1896551724137931,32.8,26.9,0.8221999999999952
Abu Dhabi,2023,HAM,11.0,1.0,11.0,MEDIUM,91.378,85.2,2.8116000000000003,90.7246,0.5720000000001164,0.1896551724137931,32.8,26.9,0.534000000000006
Abu Dhabi,2023,OCO,11.0,1.0,11.0,MEDIUM,91.422,85.2,2.8116000000000003,90.76859999999999,0.8459999999995489,0.1896551724137931,32.8,26.9,0.47879999999999256
Abu Dhabi,2023,STR,11.0,1.0,12.0,HARD,91.367,85.2,2.8116000000000003,90.7136,0.8079999999999927,0.1896551724137931,32.8,26.9,1.5644999999999953
Abu Dhabi,2023,SAI,11.0,1.0,11.0,HARD,91.085,85.2,2.8116000000000003,90.43159999999999,2.1159999999999854,0.1896551724137931,32.8,26.9,1.4444999999999908
Abu Dhabi,2023,HUL,11.0,1.0,11.0,MEDIUM,92.002,85.2,2.8116000000000003,91.34859999999999,2.9140000000006694,0.1896551724137931,32.8,26.9,0.7749999999999915
Abu Dhabi,2023,BOT,11.0,1.0,11.0,HARD,91.616,85.2,2.8116000000000003,90.9626,0.8289999999997235,0.1896551724137931,32.8,26.9,0.3649999999999949
Abu Dhabi,2023,ZHO,11.0,1.0,11.0,MEDIUM,91.845,85.2,2.8116000000000003,91.1916,1.3159999999998035,0.1896551724137931,32.8,26.9,2.763999999999996
Abu Dhabi,2023,ALB,11.0,1.0,12.0,MEDIUM,91.962,85.2,2.8116000000000003,91.3086,1.6869999999998981,0.1896551724137931,32.8,26.9,0.5080999999999989
Abu Dhabi,2023,SAR,11.0,1.0,12.0,MEDIUM,91.882,85.2,2.8116000000000003,91.2286,1.4459999999999127,0.1896551724137931,32.8,26.9,0.48040000000000305
Abu Dhabi,2023,RIC,11.0,2.0,4.0,HARD,90.43,85.2,2.8116000000000003,89.7766,11.190999999999804,0.1896551724137931,32.8,26.8,1.6982
Abu Dhabi,2023,MAG,11.0,2.0,6.0,HARD,91.051,85.2,2.8116000000000003,90.3976,4.042000000000371,0.1896551724137931,32.8,26.8,0.8622000000000014
Abu Dhabi,2023,VER,12.0,1.0,12.0,MEDIUM,90.59,83.4,2.7522,89.8772,15.0,0.20689655172413793,32.8,26.8,0.1723999999999961
Abu Dhabi,2023,LEC,12.0,1.0,12.0,MEDIUM,90.584,83.4,2.7522,89.8712,1.5140000000001237,0.20689655172413793,32.8,26.8,0.14180000000000348
Abu Dhabi,2023,NOR,12.0,1.0,12.0,MEDIUM,91.189,83.4,2.7522,90.47619999999999,2.8339999999998327,0.20689655172413793,32.5,26.8,0.7383999999999844
Abu Dhabi,2023,RUS,12.0,1.0,12.0,MEDIUM,90.95,83.4,2.7522,90.2372,2.0560000000004948,0.20689655172413793,32.5,26.8,0.25320000000000675
Abu Dhabi,2023,PIA,12.0,1.0,12.0,MEDIUM,91.304,83.4,2.7522,90.5912,1.519999999999527,0.20689655172413793,32.5,26.8,0.6730000000000018
Abu Dhabi,2023,TSU,12.0,1.0,12.0,MEDIUM,91.466,83.4,2.7522,90.75319999999999,0.5640000000003056,0.20689655172413793,32.5,26.8,0.7161999999999864
Abu Dhabi,2023,PER,12.0,1.0,12.0,MEDIUM,90.874,83.4,2.7522,90.1612,2.006999999999607,0.20689655172413793,32.5,26.8,0.1611999999999938
Abu Dhabi,2023,GAS,12.0,1.0,12.0,MEDIUM,92.492,83.4,2.7522,91.7792,0.9279999999998836,0.20689655172413793,32.5,26.8,1.7188000000000017
Abu Dhabi,2023,HAM,12.0,1.0,12.0,MEDIUM,91.716,83.4,2.7522,91.00319999999999,0.4859999999998763,0.20689655172413793,32.5,26.8,0.8719999999999999
Abu Dhabi,2023,OCO,12.0,1.0,12.0,MEDIUM,91.527,83.4,2.7522,90.8142,0.6570000000001528,0.20689655172413793,32.5,26.8,0.5837999999999965
Abu Dhabi,2023,STR,12.0,1.0,13.0,HARD,91.555,83.4,2.7522,90.8422,0.8360000000002401,0.20689655172413793,32.5,26.8,1.7524999999999977
Abu Dhabi,2023,SAI,12.0,1.0,12.0,HARD,91.278,83.4,2.7522,90.5652,1.8389999999999418,0.20689655172413793,32.5,26.8,1.6375000000000028
Abu Dhabi,2023,HUL,12.0,1.0,12.0,MEDIUM,91.827,83.4,2.7522,91.1142,3.462999999999738,0.20689655172413793,32.5,26.8,0.5999999999999943
Abu Dhabi,2023,BOT,12.0,1.0,12.0,HARD,91.78,83.4,2.7522,91.0672,0.7820000000001528,0.20689655172413793,32.5,26.8,0.5289999999999964
Abu Dhabi,2023,ZHO,12.0,1.0,12.0,MEDIUM,92.298,83.4,2.7522,91.5852,1.8339999999998327,0.20689655172413793,32.5,26.8,3.2169999999999987
Abu Dhabi,2023,ALB,12.0,1.0,13.0,MEDIUM,91.958,83.4,2.7522,91.2452,1.3470000000006621,0.20689655172413793,32.5,26.8,0.504099999999994
Abu Dhabi,2023,SAR,12.0,1.0,13.0,MEDIUM,91.889,83.4,2.7522,91.1762,1.376999999999498,0.20689655172413793,32.5,26.8,0.48739999999999384
Abu Dhabi,2023,RIC,12.0,2.0,5.0,HARD,90.078,83.4,2.7522,89.3652,9.38000000000011,0.20689655172413793,32.5,26.8,1.346199999999996
Abu Dhabi,2023,MAG,12.0,2.0,7.0,HARD,90.791,83.4,2.7522,90.0782,4.755000000000109,0.20689655172413793,32.5,26.8,0.6021999999999963
Abu Dhabi,2023,VER,13.0,1.0,13.0,MEDIUM,90.561,81.6,2.6928,89.78880000000001,15.0,0.22413793103448276,32.5,26.8,0.14339999999999975
Abu Dhabi,2023,LEC,13.0,1.0,13.0,MEDIUM,90.817,81.6,2.6928,90.0448,1.7700000000004366,0.22413793103448276,32.5,26.8,0.37479999999999336
Abu Dhabi,2023,NOR,13.0,1.0,13.0,MEDIUM,91.013,81.6,2.6928,90.24080000000001,3.0299999999997453,0.22413793103448276,32.5,26.8,0.5623999999999967
Abu Dhabi,2023,RUS,13.0,1.0,13.0,MEDIUM,90.816,81.6,2.6928,90.0438,1.8590000000003783,0.22413793103448276,32.5,26.8,0.11920000000000641
Abu Dhabi,2023,TSU,13.0,1.0,13.0,MEDIUM,91.198,81.6,2.6928,90.4258,2.4659999999994398,0.22413793103448276,32.5,26.8,0.4481999999999857
Abu Dhabi,2023,PER,13.0,1.0,13.0,MEDIUM,91.309,81.6,2.6928,90.5368,2.118000000000393,0.22413793103448276,32.5,26.8,0.5961999999999961
Abu Dhabi,2023,GAS,13.0,1.0,13.0,MEDIUM,91.532,81.6,2.6928,90.7598,1.15099999999984,0.22413793103448276,32.5,26.8,0.7587999999999937
Abu Dhabi,2023,HAM,13.0,1.0,13.0,MEDIUM,91.689,81.6,2.6928,90.9168,0.6430000000000291,0.22413793103448276,32.5,26.8,0.8449999999999989
Abu Dhabi,2023,OCO,13.0,1.0,13.0,MEDIUM,91.77,81.6,2.6928,90.9978,0.7380000000002838,0.22413793103448276,32.5,26.8,0.8267999999999915
Abu Dhabi,2023,STR,13.0,1.0,14.0,HARD,91.631,81.6,2.6928,90.8588,0.6970000000001164,0.22413793103448276,32.5,26.8,1.8284999999999911
Abu Dhabi,2023,SAI,13.0,1.0,13.0,HARD,91.385,81.6,2.6928,90.61280000000001,1.5929999999998472,0.22413793103448276,32.5,26.8,1.7445000000000022
Abu Dhabi,2023,BOT,13.0,1.0,13.0,HARD,91.887,81.6,2.6928,91.1148,4.746999999999389,0.22413793103448276,32.5,26.8,0.6359999999999957
Abu Dhabi,2023,ALB,13.0,1.0,14.0,MEDIUM,91.7,81.6,2.6928,90.9278,2.9940000000005966,0.22413793103448276,32.5,26.8,0.24609999999999843
Abu Dhabi,2023,SAR,13.0,1.0,14.0,MEDIUM,92.05,81.6,2.6928,91.2778,1.7269999999998618,0.22413793103448276,32.5,26.8,0.6483999999999952
Abu Dhabi,2023,RIC,13.0,2.0,6.0,HARD,90.271,81.6,2.6928,89.4988,7.600999999999658,0.22413793103448276,32.5,26.8,1.539199999999994
Abu Dhabi,2023,MAG,13.0,2.0,8.0,HARD,90.956,81.6,2.6928,90.1838,5.440000000000509,0.22413793103448276,32.5,26.8,0.7672000000000025
Abu Dhabi,2023,VER,14.0,1.0,14.0,MEDIUM,90.647,79.8,2.6334,89.81540000000001,15.0,0.2413793103448276,32.5,26.8,0.22939999999999827
Abu Dhabi,2023,LEC,14.0,1.0,14.0,MEDIUM,90.571,79.8,2.6334,89.7394,1.6940000000004147,0.2413793103448276,32.5,26.8,0.12879999999999825
Abu Dhabi,2023,TSU,14.0,1.0,14.0,MEDIUM,90.85,79.8,2.6334,90.0184,7.6340000000000146,0.2413793103448276,32.5,26.8,0.10019999999998674
Abu Dhabi,2023,PER,14.0,1.0,14.0,MEDIUM,91.19,79.8,2.6334,90.3584,2.457999999999629,0.2413793103448276,32.5,26.8,0.4771999999999963
Abu Dhabi,2023,GAS,14.0,1.0,14.0,MEDIUM,91.457,79.8,2.6334,90.6254,1.4180000000005748,0.2413793103448276,32.5,26.8,0.6837999999999909
Abu Dhabi,2023,HAM,14.0,1.0,14.0,MEDIUM,91.432,79.8,2.6334,90.60040000000001,0.6179999999994834,0.2413793103448276,32.5,26.8,0.5880000000000081
Abu Dhabi,2023,OCO,14.0,1.0,14.0,MEDIUM,91.647,79.8,2.6334,90.81540000000001,0.9530000000004293,0.2413793103448276,32.5,26.8,0.7038000000000011
Abu Dhabi,2023,STR,14.0,1.0,15.0,HARD,91.693,79.8,2.6334,90.8614,0.7429999999994834,0.2413793103448276,32.5,26.8,1.8904999999999887
Abu Dhabi,2023,SAI,14.0,1.0,14.0,HARD,91.416,79.8,2.6334,90.5844,1.316000000000713,0.2413793103448276,32.5,26.8,1.7754999999999939
Abu Dhabi,2023,BOT,14.0,1.0,14.0,HARD,91.709,79.8,2.6334,90.87740000000001,5.039999999999964,0.2413793103448276,32.5,26.8,0.4579999999999984
Abu Dhabi,2023,ALB,14.0,1.0,15.0,MEDIUM,91.655,79.8,2.6334,90.8234,2.9399999999996,0.2413793103448276,32.5,26.8,0.20109999999999673
Abu Dhabi,2023,SAR,14.0,1.0,15.0,MEDIUM,91.825,79.8,2.6334,90.99340000000001,1.8969999999999345,0.2413793103448276,32.5,26.8,0.4234000000000009
Abu Dhabi,2023,ALO,14.0,2.0,3.0,HARD,90.466,79.8,2.6334,89.6344,3.805000000000291,0.2413793103448276,32.5,26.8,1.8716000000000008
Abu Dhabi,2023,RIC,14.0,2.0,7.0,HARD,90.424,79.8,2.6334,89.59240000000001,2.394999999999527,0.2413793103448276,32.5,26.8,1.6921999999999997
Abu Dhabi,2023,MAG,14.0,2.0,9.0,HARD,91.074,79.8,2.6334,90.2424,6.0900000000001455,0.2413793103448276,32.5,26.8,0.8851999999999975
Abu Dhabi,2023,VER,15.0,1.0,15.0,MEDIUM,90.267,78.0,2.5740000000000003,89.37599999999999,15.0,0.25862068965517243,32.3,26.8,-0.1506000000000114
Abu Dhabi,2023,LEC,15.0,1.0,15.0,MEDIUM,90.618,78.0,2.5740000000000003,89.72699999999999,2.0450000000000728,0.25862068965517243,32.3,26.8,0.1757999999999953
Abu Dhabi,2023,TSU,15.0,1.0,15.0,MEDIUM,90.901,78.0,2.5740000000000003,90.00999999999999,7.916999999999462,0.25862068965517243,32.3,26.8,0.15119999999998868
Abu Dhabi,2023,PER,15.0,1.0,15.0,MEDIUM,91.225,78.0,2.5740000000000003,90.33399999999999,2.782000000000153,0.25862068965517243,32.3,26.8,0.5121999999999929
Abu Dhabi,2023,GAS,15.0,1.0,15.0,MEDIUM,91.986,78.0,2.5740000000000003,91.095,2.1790000000000873,0.25862068965517243,32.3,26.8,1.2128000000000014
Abu Dhabi,2023,STR,15.0,1.0,16.0,HARD,91.312,78.0,2.5740000000000003,90.42099999999999,1.639999999999418,0.25862068965517243,32.3,26.8,1.5094999999999885
Abu Dhabi,2023,SAI,15.0,1.0,15.0,HARD,91.619,78.0,2.5740000000000003,90.728,1.623000000000502,0.25862068965517243,32.3,26.8,1.9784999999999968
Abu Dhabi,2023,BOT,15.0,1.0,15.0,HARD,91.436,78.0,2.5740000000000003,90.545,4.856999999999971,0.25862068965517243,32.3,26.8,0.18500000000000227
Abu Dhabi,2023,ALB,15.0,1.0,16.0,MEDIUM,91.729,78.0,2.5740000000000003,90.838,3.2330000000001746,0.25862068965517243,32.3,26.8,0.2750999999999948
Abu Dhabi,2023,PIA,15.0,2.0,2.0,HARD,90.649,78.0,2.5740000000000003,89.758,3.8869999999997162,0.25862068965517243,32.3,26.8,2.1798
Abu Dhabi,2023,ALO,15.0,2.0,4.0,HARD,90.389,78.0,2.5740000000000003,89.49799999999999,0.4750000000003638,0.25862068965517243,32.3,26.8,1.7946000000000026
Abu Dhabi,2023,RIC,15.0,2.0,8.0,HARD,90.475,78.0,2.5740000000000003,89.58399999999999,2.480999999999767,0.25862068965517243,32.3,26.7,1.7431999999999874
Abu Dhabi,2023,MAG,15.0,2.0,10.0,HARD,91.241,78.0,2.5740000000000003,90.35,6.855999999999767,0.25862068965517243,32.3,26.7,1.0521999999999991
Abu Dhabi,2023,HUL,15.0,2.0,2.0,HARD,90.133,78.0,2.5740000000000003,89.24199999999999,1.84900000000016,0.25862068965517243,32.3,26.7,0.668699999999987
Abu Dhabi,2023,ZHO,15.0,2.0,2.0,HARD,90.762,78.0,2.5740000000000003,89.871,5.083999999999833,0.25862068965517243,32.3,26.7,0.15290000000000248
Abu Dhabi,2023,LEC,16.0,1.0,16.0,MEDIUM,90.711,76.2,2.5146,89.7606,15.0,0.27586206896551724,32.3,26.7,0.2687999999999988
Abu Dhabi,2023,TSU,16.0,1.0,16.0,MEDIUM,91.081,76.2,2.5146,90.1306,8.287000000000262,0.27586206896551724,32.3,26.7,0.3311999999999955
Abu Dhabi,2023,PER,16.0,1.0,16.0,MEDIUM,91.375,76.2,2.5146,90.4246,3.076000000000022,0.27586206896551724,32.3,26.7,0.6621999999999986
Abu Dhabi,2023,GAS,16.0,1.0,16.0,MEDIUM,92.273,76.2,2.5146,91.3226,3.0770000000002256,0.27586206896551724,32.3,26.7,1.4997999999999934
Abu Dhabi,2023,STR,16.0,1.0,17.0,HARD,91.293,76.2,2.5146,90.3426,0.6599999999998545,0.27586206896551724,32.3,26.7,1.4904999999999973
Abu Dhabi,2023,SAI,16.0,1.0,16.0,HARD,91.197,76.2,2.5146,90.2466,1.5270000000000437,0.27586206896551724,32.3,26.7,1.5564999999999998
Abu Dhabi,2023,BOT,16.0,1.0,16.0,HARD,91.475,76.2,2.5146,90.52459999999999,5.135000000000218,0.27586206896551724,32.3,26.7,0.22399999999998954
Abu Dhabi,2023,RUS,16.0,2.0,2.0,HARD,89.537,76.2,2.5146,88.5866,2.751999999999498,0.27586206896551724,32.3,26.7,1.1370000000000005
Abu Dhabi,2023,NOR,16.0,2.0,2.0,HARD,89.654,76.2,2.5146,88.7036,1.8640000000004875,0.27586206896551724,32.3,26.7,1.1280000000000001
Abu Dhabi,2023,PIA,16.0,2.0,3.0,HARD,90.276,76.2,2.5146,89.3256,1.3049999999993815,0.27586206896551724,32.3,26.7,1.8067999999999955
Abu Dhabi,2023,ALO,16.0,2.0,5.0,HARD,90.314,76.2,2.5146,89.36359999999999,0.51299999999992,0.27586206896551724,32.3,26.7,1.7195999999999998
Abu Dhabi,2023,RIC,16.0,2.0,9.0,HARD,90.482,76.2,2.5146,89.5316,2.649000000000342,0.27586206896551724,32.3,26.7,1.7501999999999924
Abu Dhabi,2023,MAG,16.0,2.0,11.0,HARD,91.91,76.2,2.5146,90.9596,8.28399999999965,0.27586206896551724,32.3,26.7,1.721199999999996
Abu Dhabi,2023,HUL,16.0,2.0,3.0,HARD,90.574,76.2,2.5146,89.6236,0.51299999999992,0.27586206896551724,32.3,26.7,1.1096999999999895
Abu Dhabi,2023,ZHO,16.0,2.0,3.0,HARD,90.842,76.2,2.5146,89.8916,5.352000000000771,0.27586206896551724,32.3,26.7,0.23290000000000077
Abu Dhabi,2023,TSU,17.0,1.0,17.0,MEDIUM,91.228,74.4,2.4552000000000005,90.2182,15.0,0.29310344827586204,32.6,26.6,0.47819999999998686
Abu Dhabi,2023,STR,17.0,1.0,18.0,HARD,90.5,74.4,2.4552000000000005,89.4902,6.085000000000036,0.29310344827586204,32.6,26.6,0.6974999999999909
Abu Dhabi,2023,SAI,17.0,1.0,17.0,HARD,91.621,74.4,2.4552000000000005,90.6112,2.6480000000001382,0.29310344827586204,32.6,26.6,1.9804999999999922
Abu Dhabi,2023,BOT,17.0,1.0,17.0,HARD,91.561,74.4,2.4552000000000005,90.55120000000001,5.074999999999818,0.29310344827586204,32.6,26.6,0.3100000000000023
Abu Dhabi,2023,RUS,17.0,2.0,3.0,HARD,90.049,74.4,2.4552000000000005,89.03920000000001,1.2399999999997817,0.29310344827586204,32.6,26.6,1.649000000000001
Abu Dhabi,2023,NOR,17.0,2.0,3.0,HARD,90.133,74.4,2.4552000000000005,89.1232,1.9480000000003201,0.29310344827586204,32.6,26.6,1.6069999999999993
Abu Dhabi,2023,PIA,17.0,2.0,4.0,HARD,89.954,74.4,2.4552000000000005,88.9442,1.1260000000002037,0.29310344827586204,32.6,26.6,1.4847999999999928
Abu Dhabi,2023,ALO,17.0,2.0,6.0,HARD,90.308,74.4,2.4552000000000005,89.29820000000001,0.8669999999992797,0.29310344827586204,32.6,26.6,1.7136000000000138
Abu Dhabi,2023,RIC,17.0,2.0,10.0,HARD,90.391,74.4,2.4552000000000005,89.3812,2.731999999999971,0.29310344827586204,32.6,26.7,1.6591999999999985
Abu Dhabi,2023,HAM,17.0,2.0,2.0,HARD,90.095,74.4,2.4552000000000005,89.0852,4.144000000000233,0.29310344827586204,32.6,26.7,1.5101000000000084
Abu Dhabi,2023,OCO,17.0,2.0,2.0,HARD,90.134,74.4,2.4552000000000005,89.1242,0.7880000000004657,0.29310344827586204,32.6,26.7,-0.00039999999999906777
Abu Dhabi,2023,HUL,17.0,2.0,4.0,HARD,90.356,74.4,2.4552000000000005,89.3462,3.8299999999999272,0.29310344827586204,32.6,26.7,0.891699999999986
Abu Dhabi,2023,MAG,17.0,2.0,12.0,HARD,92.454,74.4,2.4552000000000005,91.4442,1.5850000000000364,0.29310344827586204,32.6,26.7,2.265199999999993
Abu Dhabi,2023,ZHO,17.0,2.0,4.0,HARD,90.892,74.4,2.4552000000000005,89.8822,4.302999999999884,0.29310344827586204,32.6,26.7,0.28289999999999793
Abu Dhabi,2023,SAR,17.0,2.0,2.0,HARD,90.404,74.4,2.4552000000000005,89.3942,4.96599999999944,0.29310344827586204,32.6,26.7,1.5715999999999894
Abu Dhabi,2023,TSU,18.0,1.0,18.0,MEDIUM,91.244,72.6,2.3958,90.1748,15.0,0.3103448275862069,32.6,26.7,0.4941999999999922
Abu Dhabi,2023,STR,18.0,1.0,19.0,HARD,91.011,72.6,2.3958,89.9418,5.851999999999862,0.3103448275862069,32.6,26.7,1.2084999999999866
Abu Dhabi,2023,SAI,18.0,1.0,18.0,HARD,90.96,72.6,2.3958,89.8908,2.597000000000662,0.3103448275862069,32.6,26.7,1.3194999999999908
Abu Dhabi,2023,VER,18.0,2.0,2.0,HARD,89.896,72.6,2.3958,88.8268,0.6779999999998836,0.3103448275862069,32.6,26.7,2.071399999999997
Abu Dhabi,2023,RUS,18.0,2.0,4.0,HARD,89.522,72.6,2.3958,88.45280000000001,4.198999999999614,0.3103448275862069,32.6,26.7,1.1219999999999999
Abu Dhabi,2023,BOT,18.0,1.0,18.0,HARD,92.236,72.6,2.3958,91.16680000000001,1.47400000000016,0.3103448275862069,32.6,26.7,0.9849999999999994
Abu Dhabi,2023,NOR,18.0,2.0,4.0,HARD,90.044,72.6,2.3958,88.9748,0.9960000000000946,0.3103448275862069,32.6,26.7,1.5180000000000007
Abu Dhabi,2023,PIA,18.0,2.0,5.0,HARD,90.438,72.6,2.3958,89.36880000000001,1.519999999999527,0.3103448275862069,32.6,26.7,1.9688000000000017
Abu Dhabi,2023,ALO,18.0,2.0,7.0,HARD,90.38,72.6,2.3958,89.3108,0.8090000000001965,0.3103448275862069,32.6,26.7,1.7856000000000023
Abu Dhabi,2023,RIC,18.0,2.0,11.0,HARD,90.697,72.6,2.3958,89.62780000000001,3.048999999999978,0.3103448275862069,32.6,26.7,1.9651999999999958
Abu Dhabi,2023,HAM,18.0,2.0,3.0,HARD,90.057,72.6,2.3958,88.98780000000001,3.5039999999999054,0.3103448275862069,32.6,26.7,1.4721000000000117
Abu Dhabi,2023,OCO,18.0,2.0,3.0,HARD,90.276,72.6,2.3958,89.2068,1.0070000000005166,0.3103448275862069,32.6,26.7,0.14159999999999684
Abu Dhabi,2023,HUL,18.0,2.0,5.0,HARD,91.635,72.6,2.3958,90.56580000000001,5.188999999999396,0.3103448275862069,32.6,26.7,2.1706999999999965
Abu Dhabi,2023,MAG,18.0,2.0,13.0,HARD,92.108,72.6,2.3958,91.03880000000001,2.0579999999999927,0.3103448275862069,32.6,26.7,1.9192000000000036
Abu Dhabi,2023,ZHO,18.0,2.0,5.0,HARD,90.973,72.6,2.3958,89.9038,3.168000000000575,0.3103448275862069,32.6,26.7,0.363900000000001
Abu Dhabi,2023,ALB,18.0,2.0,2.0,HARD,90.463,72.6,2.3958,89.3938,3.306999999999789,0.3103448275862069,32.6,26.7,1.7890000000000015
Abu Dhabi,2023,SAR,18.0,2.0,3.0,HARD,91.295,72.6,2.3958,90.2258,1.9809999999997672,0.3103448275862069,32.6,26.7,2.462599999999995
Abu Dhabi,2023,TSU,19.0,1.0,19.0,MEDIUM,91.453,70.8,2.3364,90.3244,15.0,0.3275862068965517,32.5,26.7,0.7031999999999954
Abu Dhabi,2023,STR,19.0,1.0,20.0,HARD,90.64,70.8,2.3364,89.5114,5.03899999999976,0.3275862068965517,32.5,26.7,0.8374999999999915
Abu Dhabi,2023,VER,19.0,2.0,3.0,HARD,89.386,70.8,2.3364,88.25739999999999,2.020999999999731,0.3275862068965517,32.5,26.7,1.561399999999992
Abu Dhabi,2023,SAI,19.0,1.0,19.0,HARD,91.551,70.8,2.3364,90.4224,1.48700000000008,0.3275862068965517,32.5,26.7,1.910499999999999
Abu Dhabi,2023,LEC,19.0,2.0,2.0,HARD,89.908,70.8,2.3364,88.7794,1.9589999999998327,0.3275862068965517,32.5,26.7,1.6367000000000047
Abu Dhabi,2023,RUS,19.0,2.0,5.0,HARD,90.358,70.8,2.3364,89.2294,1.7250000000003638,0.3275862068965517,32.5,26.7,1.9579999999999984
Abu Dhabi,2023,NOR,19.0,2.0,5.0,HARD,89.727,70.8,2.3364,88.5984,1.8389999999999418,0.3275862068965517,32.5,26.7,1.2010000000000076
Abu Dhabi,2023,BOT,19.0,1.0,19.0,HARD,92.309,70.8,2.3364,91.18039999999999,1.58600000000024,0.3275862068965517,32.5,26.7,1.0579999999999927
Abu Dhabi,2023,PIA,19.0,2.0,6.0,HARD,90.498,70.8,2.3364,89.3694,0.7049999999999272,0.3275862068965517,32.5,26.7,2.028800000000004
Abu Dhabi,2023,ALO,19.0,2.0,8.0,HARD,90.205,70.8,2.3364,89.07639999999999,0.5159999999996217,0.3275862068965517,32.6,26.7,1.6106000000000051
Abu Dhabi,2023,RIC,19.0,2.0,12.0,HARD,90.418,70.8,2.3364,89.2894,3.2620000000006257,0.3275862068965517,32.6,26.7,1.6861999999999995
Abu Dhabi,2023,PER,19.0,2.0,2.0,HARD,89.365,70.8,2.3364,88.23639999999999,0.6639999999997599,0.3275862068965517,32.6,26.7,1.4849999999999994
Abu Dhabi,2023,HAM,19.0,2.0,4.0,HARD,89.979,70.8,2.3364,88.8504,2.40099999999984,0.3275862068965517,32.6,26.7,1.3941000000000088
Abu Dhabi,2023,OCO,19.0,2.0,4.0,HARD,90.132,70.8,2.3364,89.0034,1.1599999999998545,0.3275862068965517,32.6,26.7,-0.0023999999999944066
Abu Dhabi,2023,GAS,19.0,2.0,2.0,HARD,90.0,70.8,2.3364,88.8714,3.9780000000000655,0.3275862068965517,32.6,26.7,0.6621999999999986
Abu Dhabi,2023,HUL,19.0,2.0,6.0,HARD,90.335,70.8,2.3364,89.20639999999999,1.41399999999976,0.3275862068965517,32.6,26.7,0.8706999999999852
Abu Dhabi,2023,MAG,19.0,2.0,14.0,HARD,92.16,70.8,2.3364,91.03139999999999,3.8830000000007203,0.3275862068965517,32.6,26.7,1.971199999999996
Abu Dhabi,2023,ZHO,19.0,2.0,6.0,HARD,91.083,70.8,2.3364,89.95439999999999,2.0909999999994398,0.3275862068965517,32.6,26.7,0.47390000000000043
Abu Dhabi,2023,ALB,19.0,2.0,3.0,HARD,90.573,70.8,2.3364,89.44439999999999,2.79700000000048,0.3275862068965517,32.6,26.7,1.899000000000001
Abu Dhabi,2023,SAR,19.0,2.0,4.0,HARD,90.368,70.8,2.3364,89.23939999999999,1.77599999999984,0.3275862068965517,32.6,26.7,1.535599999999988
Abu Dhabi,2023,TSU,20.0,1.0,20.0,MEDIUM,91.211,69.0,2.277,90.023,15.0,0.3448275862068966,32.6,26.7,0.46119999999999095
Abu Dhabi,2023,STR,20.0,1.0,21.0,HARD,90.655,69.0,2.277,89.467,4.482999999999265,0.3448275862068966,32.6,26.7,0.852499999999992
Abu Dhabi,2023,VER,20.0,2.0,4.0,HARD,89.628,69.0,2.277,88.44,0.9940000000005966,0.3448275862068966,32.6,26.7,1.8033999999999963
Abu Dhabi,2023,SAI,20.0,1.0,20.0,HARD,90.933,69.0,2.277,89.745,2.7919999999994616,0.3448275862068966,32.6,26.7,1.292500000000004
Abu Dhabi,2023,LEC,20.0,2.0,3.0,HARD,90.073,69.0,2.277,88.88499999999999,1.09900000000016,0.3448275862068966,32.6,26.7,1.8016999999999967
Abu Dhabi,2023,RUS,20.0,2.0,6.0,HARD,90.088,69.0,2.277,88.89999999999999,1.7399999999997817,0.3448275862068966,32.6,26.7,1.6879999999999882
Abu Dhabi,2023,NOR,20.0,2.0,6.0,HARD,89.902,69.0,2.277,88.714,1.6530000000002474,0.3448275862068966,32.6,26.7,1.3760000000000048
Abu Dhabi,2023,PIA,20.0,2.0,7.0,HARD,90.088,69.0,2.277,88.89999999999999,2.4769999999998618,0.3448275862068966,32.6,26.7,1.6187999999999931
Abu Dhabi,2023,ALO,20.0,2.0,9.0,HARD,90.38,69.0,2.277,89.192,0.8079999999999927,0.3448275862068966,32.6,26.7,1.7856000000000023
Abu Dhabi,2023,BOT,20.0,1.0,20.0,HARD,92.795,69.0,2.277,91.607,1.1940000000004147,0.3448275862068966,32.6,26.7,1.543999999999997
Abu Dhabi,2023,PER,20.0,2.0,3.0,HARD,89.107,69.0,2.277,87.919,1.4589999999998327,0.3448275862068966,32.6,26.7,1.2270000000000039
Abu Dhabi,2023,RIC,20.0,2.0,13.0,HARD,91.085,69.0,2.277,89.89699999999999,1.3140000000003056,0.3448275862068966,32.6,26.7,2.353199999999987
Abu Dhabi,2023,HAM,20.0,2.0,5.0,HARD,89.657,69.0,2.277,88.469,1.6369999999997162,0.3448275862068966,32.6,26.7,1.072100000000006
Abu Dhabi,2023,OCO,20.0,2.0,5.0,HARD,90.128,69.0,2.277,88.94,1.6310000000003129,0.3448275862068966,32.6,26.7,-0.006399999999999295
Abu Dhabi,2023,GAS,20.0,2.0,3.0,HARD,90.242,69.0,2.277,89.054,4.0919999999996435,0.3448275862068966,32.6,26.7,0.904200000000003
Abu Dhabi,2023,HUL,20.0,2.0,7.0,HARD,90.436,69.0,2.277,89.248,1.6080000000001746,0.3448275862068966,32.6,26.7,0.9716999999999985
Abu Dhabi,2023,MAG,20.0,2.0,15.0,HARD,91.521,69.0,2.277,90.333,4.967999999999847,0.3448275862068966,32.6,26.7,1.3322000000000003
Abu Dhabi,2023,ZHO,20.0,2.0,7.0,HARD,91.099,69.0,2.277,89.911,1.668999999999869,0.3448275862068966,32.6,26.7,0.4899000000000058
Abu Dhabi,2023,ALB,20.0,2.0,4.0,HARD,90.392,69.0,2.277,89.204,2.0900000000001455,0.3448275862068966,32.6,26.7,1.7180000000000035
Abu Dhabi,2023,SAR,20.0,2.0,5.0,HARD,90.406,69.0,2.277,89.218,1.7899999999999636,0.3448275862068966,32.6,26.7,1.573599999999999
Abu Dhabi,2023,TSU,21.0,1.0,21.0,MEDIUM,91.134,67.19999999999999,2.2175999999999996,89.8866,15.0,0.3620689655172414,32.4,26.7,0.38419999999999277
Abu Dhabi,2023,VER,21.0,2.0,5.0,HARD,89.127,67.19999999999999,2.2175999999999996,87.8796,3.4700000000002547,0.3620689655172414,32.4,26.7,1.3023999999999916
Abu Dhabi,2023,STR,21.0,1.0,22.0,HARD,91.623,67.19999999999999,2.2175999999999996,90.3756,1.5020000000004075,0.3620689655172414,32.4,26.7,1.8204999999999956
Abu Dhabi,2023,LEC,21.0,2.0,4.0,HARD,89.724,67.19999999999999,2.2175999999999996,88.4766,2.9859999999998763,0.3620689655172414,32.4,26.7,1.4527000000000072
Abu Dhabi,2023,SAI,21.0,1.0,21.0,HARD,92.184,67.19999999999999,2.2175999999999996,90.9366,1.3609999999998763,0.3620689655172414,32.4,26.7,2.5434999999999945
Abu Dhabi,2023,RUS,21.0,2.0,7.0,HARD,90.118,67.19999999999999,2.2175999999999996,88.8706,0.7730000000001382,0.3620689655172414,32.4,26.7,1.7179999999999893
Abu Dhabi,2023,NOR,21.0,2.0,7.0,HARD,89.781,67.19999999999999,2.2175999999999996,88.5336,1.3159999999998035,0.3620689655172414,32.4,26.7,1.2550000000000097
Abu Dhabi,2023,PIA,21.0,2.0,8.0,HARD,89.888,67.19999999999999,2.2175999999999996,88.6406,2.5839999999998327,0.3620689655172414,32.4,26.7,1.4188000000000045
Abu Dhabi,2023,ALO,21.0,2.0,10.0,HARD,89.887,67.19999999999999,2.2175999999999996,88.6396,0.8070000000006985,0.3620689655172414,32.4,26.7,1.2926000000000073
Abu Dhabi,2023,PER,21.0,2.0,4.0,HARD,88.986,67.19999999999999,2.2175999999999996,87.7386,1.751999999999498,0.3620689655172414,32.4,26.7,1.1060000000000088
Abu Dhabi,2023,BOT,21.0,1.0,21.0,HARD,92.462,67.19999999999999,2.2175999999999996,91.2146,2.0169999999998254,0.3620689655172414,32.4,26.7,1.2109999999999985
Abu Dhabi,2023,RIC,21.0,2.0,14.0,HARD,90.686,67.19999999999999,2.2175999999999996,89.43860000000001,0.9970000000002983,0.3620689655172414,32.4,26.7,1.9542000000000002
Abu Dhabi,2023,HAM,21.0,2.0,6.0,HARD,89.85,67.19999999999999,2.2175999999999996,88.6026,0.8010000000003856,0.3620689655172414,32.4,26.7,1.2651000000000039
Abu Dhabi,2023,OCO,21.0,2.0,6.0,HARD,90.246,67.19999999999999,2.2175999999999996,88.9986,2.026999999999134,0.3620689655172414,32.4,26.7,0.1115999999999957
Abu Dhabi,2023,GAS,21.0,2.0,4.0,HARD,90.422,67.19999999999999,2.2175999999999996,89.1746,4.268000000000029,0.3620689655172414,32.4,26.7,1.0841999999999956
Abu Dhabi,2023,HUL,21.0,2.0,8.0,HARD,90.636,67.19999999999999,2.2175999999999996,89.3886,1.8220000000001164,0.3620689655172414,32.4,26.7,1.171699999999987
Abu Dhabi,2023,MAG,21.0,2.0,16.0,HARD,91.95,67.19999999999999,2.2175999999999996,90.7026,6.282000000000153,0.3620689655172414,32.4,26.7,1.7612000000000023
Abu Dhabi,2023,ZHO,21.0,2.0,8.0,HARD,91.055,67.19999999999999,2.2175999999999996,89.80760000000001,0.774000000000342,0.3620689655172414,32.4,26.7,0.44590000000000884
Abu Dhabi,2023,ALB,21.0,2.0,5.0,HARD,90.54,67.19999999999999,2.2175999999999996,89.29260000000001,1.574999999999818,0.3620689655172414,32.4,26.7,1.8660000000000139
Abu Dhabi,2023,SAR,21.0,2.0,6.0,HARD,90.281,67.19999999999999,2.2175999999999996,89.0336,1.530999999999949,0.3620689655172414,32.4,26.7,1.448599999999999
Abu Dhabi,2023,VER,22.0,2.0,6.0,HARD,89.689,65.4,2.1582000000000003,88.3822,15.0,0.3793103448275862,32.1,26.7,1.8643999999999892
Abu Dhabi,2023,LEC,22.0,2.0,5.0,HARD,89.704,65.4,2.1582000000000003,88.3972,4.502999999999702,0.3793103448275862,32.1,26.7,1.432699999999997
Abu Dhabi,2023,RUS,22.0,2.0,8.0,HARD,89.786,65.4,2.1582000000000003,88.4792,2.2160000000003492,0.3793103448275862,32.1,26.7,1.3859999999999957
Abu Dhabi,2023,SAI,22.0,1.0,22.0,HARD,92.071,65.4,2.1582000000000003,90.7642,1.5119999999997162,0.3793103448275862,32.1,26.7,2.430499999999995
Abu Dhabi,2023,NOR,22.0,2.0,8.0,HARD,90.393,65.4,2.1582000000000003,89.0862,0.4110000000000582,0.3793103448275862,32.1,26.7,1.8670000000000044
Abu Dhabi,2023,PIA,22.0,2.0,9.0,HARD,90.496,65.4,2.1582000000000003,89.1892,2.686999999999898,0.3793103448275862,32.1,26.7,2.0267999999999944
Abu Dhabi,2023,ALO,22.0,2.0,11.0,HARD,90.463,65.4,2.1582000000000003,89.1562,0.774000000000342,0.3793103448275862,32.1,26.7,1.8686000000000007
Abu Dhabi,2023,PER,22.0,2.0,5.0,HARD,89.719,65.4,2.1582000000000003,88.4122,1.0079999999998108,0.3793103448275862,32.1,26.7,1.8389999999999986
Abu Dhabi,2023,RIC,22.0,2.0,15.0,HARD,90.883,65.4,2.1582000000000003,89.5762,4.177999999999884,0.3793103448275862,32.1,26.7,2.1511999999999887
Abu Dhabi,2023,BOT,22.0,1.0,22.0,HARD,92.922,65.4,2.1582000000000003,91.6152,1.042000000000371,0.3793103448275862,32.1,26.7,1.6709999999999923
Abu Dhabi,2023,HAM,22.0,2.0,7.0,HARD,91.502,65.4,2.1582000000000003,90.1952,0.3779999999997017,0.3793103448275862,32.1,26.7,2.917100000000005
Abu Dhabi,2023,OCO,22.0,2.0,7.0,HARD,90.756,65.4,2.1582000000000003,89.4492,1.280999999999949,0.3793103448275862,32.1,26.7,0.6216000000000008
Abu Dhabi,2023,GAS,22.0,2.0,5.0,HARD,90.179,65.4,2.1582000000000003,88.8722,3.6909999999998035,0.3793103448275862,32.1,26.7,0.8412000000000006
Abu Dhabi,2023,HUL,22.0,2.0,9.0,HARD,90.451,65.4,2.1582000000000003,89.1442,2.094000000000051,0.3793103448275862,32.1,26.7,0.9866999999999848
Abu Dhabi,2023,ZHO,22.0,2.0,9.0,HARD,90.353,65.4,2.1582000000000003,89.0462,6.958000000000538,0.3793103448275862,32.1,26.7,-0.25610000000000355
Abu Dhabi,2023,ALB,22.0,2.0,6.0,HARD,90.706,65.4,2.1582000000000003,89.39920000000001,1.9279999999998836,0.3793103448275862,32.1,26.7,2.0320000000000107
Abu Dhabi,2023,SAR,22.0,2.0,7.0,HARD,90.434,65.4,2.1582000000000003,89.1272,1.2590000000000146,0.3793103448275862,32.1,26.7,1.6015999999999906
Abu Dhabi,2023,VER,23.0,2.0,7.0,HARD,89.634,63.6,2.0988,88.2678,15.0,0.39655172413793105,32.1,26.7,1.8093999999999966
Abu Dhabi,2023,LEC,23.0,2.0,6.0,HARD,89.847,63.6,2.0988,88.48079999999999,4.71599999999944,0.39655172413793105,32.1,26.7,1.5756999999999977
Abu Dhabi,2023,RUS,23.0,2.0,9.0,HARD,89.672,63.6,2.0988,88.30579999999999,2.0410000000001673,0.39655172413793105,32.1,26.7,1.2719999999999914
Abu Dhabi,2023,NOR,23.0,2.0,9.0,HARD,90.24,63.6,2.0988,88.87379999999999,2.4909999999999854,0.39655172413793105,32.1,26.7,1.7139999999999986
Abu Dhabi,2023,PIA,23.0,2.0,10.0,HARD,90.103,63.6,2.0988,88.73679999999999,2.550000000000182,0.39655172413793105,32.1,26.7,1.6337999999999937
Abu Dhabi,2023,ALO,23.0,2.0,12.0,HARD,90.102,63.6,2.0988,88.7358,0.7730000000001382,0.39655172413793105,32.1,26.7,1.5076000000000107
Abu Dhabi,2023,PER,23.0,2.0,6.0,HARD,89.71,63.6,2.0988,88.34379999999999,0.6159999999999854,0.39655172413793105,32.1,26.7,1.8299999999999983
Abu Dhabi,2023,RIC,23.0,2.0,16.0,HARD,90.476,63.6,2.0988,89.10979999999999,4.944000000000415,0.39655172413793105,32.1,26.7,1.7441999999999922
Abu Dhabi,2023,HAM,23.0,2.0,8.0,HARD,90.265,63.6,2.0988,88.8988,1.2089999999998327,0.39655172413793105,32.1,26.7,1.6801000000000101
Abu Dhabi,2023,BOT,23.0,1.0,23.0,HARD,92.934,63.6,2.0988,91.56779999999999,2.2910000000001673,0.39655172413793105,32.1,26.7,1.6829999999999927
Abu Dhabi,2023,OCO,23.0,2.0,8.0,HARD,91.726,63.6,2.0988,90.35979999999999,0.45099999999911233,0.39655172413793105,32.1,26.7,1.5915999999999997
Abu Dhabi,2023,GAS,23.0,2.0,6.0,HARD,91.158,63.6,2.0988,89.7918,3.123000000000502,0.39655172413793105,32.1,26.7,1.8201999999999998
Abu Dhabi,2023,HUL,23.0,2.0,10.0,HARD,91.02,63.6,2.0988,89.65379999999999,1.956000000000131,0.39655172413793105,32.1,26.7,1.5556999999999874
Abu Dhabi,2023,ZHO,23.0,2.0,10.0,HARD,90.707,63.6,2.0988,89.34079999999999,6.644999999999527,0.39655172413793105,32.1,26.7,0.09789999999999566
Abu Dhabi,2023,ALB,23.0,2.0,7.0,HARD,90.272,63.6,2.0988,88.9058,1.493000000000393,0.39655172413793105,32.1,26.7,1.5980000000000132
Abu Dhabi,2023,SAR,23.0,2.0,8.0,HARD,90.837,63.6,2.0988,89.4708,1.8239999999996144,0.39655172413793105,32.1,26.7,2.0045999999999964
Abu Dhabi,2023,VER,24.0,2.0,8.0,HARD,89.293,61.8,2.0394,87.8674,15.0,0.41379310344827586,31.9,26.7,1.4684000000000026
Abu Dhabi,2023,LEC,24.0,2.0,7.0,HARD,89.577,61.8,2.0394,88.1514,5.0,0.41379310344827586,31.9,26.7,1.3057000000000016
Abu Dhabi,2023,RUS,24.0,2.0,10.0,HARD,89.355,61.8,2.0394,87.9294,1.8190000000004147,0.41379310344827586,31.9,26.7,0.9549999999999983
Abu Dhabi,2023,NOR,24.0,2.0,10.0,HARD,89.791,61.8,2.0394,88.3654,2.92699999999968,0.41379310344827586,31.9,26.7,1.2650000000000006
Abu Dhabi,2023,PIA,24.0,2.0,11.0,HARD,89.958,61.8,2.0394,88.5324,2.717000000000553,0.41379310344827586,31.9,26.7,1.4887999999999977
Abu Dhabi,2023,ALO,24.0,2.0,13.0,HARD,90.093,61.8,2.0394,88.6674,0.907999999999447,0.41379310344827586,31.9,26.7,1.4986000000000104
Abu Dhabi,2023,PER,24.0,2.0,7.0,HARD,90.001,61.8,2.0394,88.5754,0.524000000000342,0.41379310344827586,31.9,26.7,2.1210000000000093
Abu Dhabi,2023,RIC,24.0,2.0,17.0,HARD,90.295,61.8,2.0394,88.8694,5.237999999999374,0.41379310344827586,31.9,26.7,1.5631999999999948
Abu Dhabi,2023,HAM,24.0,2.0,9.0,HARD,89.861,61.8,2.0394,88.4354,0.7750000000005457,0.41379310344827586,31.9,26.7,1.2761000000000138
Abu Dhabi,2023,TSU,24.0,2.0,2.0,HARD,90.313,61.8,2.0394,88.8874,1.2899999999999636,0.41379310344827586,31.9,26.7,0.9180000000000064
Abu Dhabi,2023,OCO,24.0,2.0,9.0,HARD,90.791,61.8,2.0394,89.3654,2.381999999999607,0.41379310344827586,31.9,26.7,0.6565999999999974
Abu Dhabi,2023,BOT,24.0,1.0,24.0,HARD,92.36,61.8,2.0394,90.9344,1.118000000000393,0.41379310344827586,31.9,26.7,1.1089999999999947
Abu Dhabi,2023,STR,24.0,2.0,3.0,HARD,90.353,61.8,2.0394,88.92739999999999,0.42699999999967986,0.41379310344827586,31.9,26.7,0.5504999999999853
Abu Dhabi,2023,GAS,24.0,2.0,7.0,HARD,90.802,61.8,2.0394,89.3764,1.5889999999999418,0.41379310344827586,31.9,26.7,1.4642000000000053
Abu Dhabi,2023,HUL,24.0,2.0,11.0,HARD,91.104,61.8,2.0394,89.6784,2.257999999999811,0.41379310344827586,31.9,26.7,1.6396999999999906
Abu Dhabi,2023,ZHO,24.0,2.0,11.0,HARD,90.957,61.8,2.0394,89.53139999999999,6.498000000000502,0.41379310344827586,31.9,26.7,0.34789999999999566
Abu Dhabi,2023,ALB,24.0,2.0,8.0,HARD,90.511,61.8,2.0394,89.08539999999999,1.0469999999995707,0.41379310344827586,31.9,26.7,1.8370000000000033
Abu Dhabi,2023,SAR,24.0,2.0,9.0,HARD,90.609,61.8,2.0394,89.18339999999999,1.9220000000004802,0.41379310344827586,31.9,26.7,1.7765999999999877
Abu Dhabi,2023,MAG,24.0,3.0,2.0,HARD,91.448,61.8,2.0394,90.02239999999999,15.0,0.41379310344827586,32.0,26.7,1.2591999999999928
Abu Dhabi,2023,VER,25.0,2.0,9.0,HARD,89.401,60.0,1.98,87.916,15.0,0.43103448275862066,32.0,26.7,1.5763999999999925
Abu Dhabi,2023,LEC,25.0,2.0,8.0,HARD,89.707,60.0,1.98,88.222,5.306000000000495,0.43103448275862066,32.0,26.7,1.435699999999997
Abu Dhabi,2023,RUS,25.0,2.0,11.0,HARD,89.545,60.0,1.98,88.06,1.6570000000001528,0.43103448275862066,32.0,26.7,1.144999999999996
Abu Dhabi,2023,NOR,25.0,2.0,11.0,HARD,89.637,60.0,1.98,88.152,3.0189999999993233,0.43103448275862066,32.0,26.7,1.1110000000000042
Abu Dhabi,2023,PIA,25.0,2.0,12.0,HARD,90.028,60.0,1.98,88.543,3.1080000000001746,0.43103448275862066,32.0,26.6,1.558800000000005
Abu Dhabi,2023,PER,25.0,2.0,8.0,HARD,89.572,60.0,1.98,88.087,0.9760000000005675,0.43103448275862066,32.0,26.6,1.6920000000000073
Abu Dhabi,2023,ALO,25.0,2.0,14.0,HARD,90.951,60.0,1.98,89.466,0.8549999999995634,0.43103448275862066,32.0,26.6,2.3566000000000003
Abu Dhabi,2023,HAM,25.0,2.0,10.0,HARD,89.37,60.0,1.98,87.885,4.956000000000131,0.43103448275862066,32.0,26.6,0.7851000000000141
Abu Dhabi,2023,RIC,25.0,2.0,18.0,HARD,91.132,60.0,1.98,89.647,0.98700000000008,0.43103448275862066,32.0,26.6,2.400199999999998
Abu Dhabi,2023,TSU,25.0,2.0,3.0,HARD,90.104,60.0,1.98,88.619,1.037000000000262,0.43103448275862066,32.0,26.6,0.7090000000000032
Abu Dhabi,2023,OCO,25.0,2.0,10.0,HARD,90.338,60.0,1.98,88.853,2.6159999999999854,0.43103448275862066,32.0,26.6,0.20359999999999445
Abu Dhabi,2023,STR,25.0,2.0,4.0,HARD,89.87,60.0,1.98,88.385,1.076999999999316,0.43103448275862066,32.0,26.6,0.06749999999999545
Abu Dhabi,2023,BOT,25.0,1.0,25.0,HARD,92.139,60.0,1.98,90.654,1.842000000000553,0.43103448275862066,32.0,26.6,0.887999999999991
Abu Dhabi,2023,GAS,25.0,2.0,8.0,HARD,90.852,60.0,1.98,89.367,0.7289999999993597,0.43103448275862066,32.0,26.6,1.5142000000000024
Abu Dhabi,2023,HUL,25.0,2.0,12.0,HARD,90.868,60.0,1.98,89.383,2.274000000000342,0.43103448275862066,32.0,26.6,1.4036999999999864
Abu Dhabi,2023,SAI,25.0,2.0,2.0,HARD,90.188,60.0,1.98,88.703,2.4960000000000946,0.43103448275862066,32.0,26.6,0.5474999999999994
Abu Dhabi,2023,ZHO,25.0,2.0,12.0,HARD,90.695,60.0,1.98,89.21,3.8289999999997235,0.43103448275862066,32.0,26.6,0.0858999999999952
Abu Dhabi,2023,ALB,25.0,2.0,9.0,HARD,90.655,60.0,1.98,89.17,1.0070000000005166,0.43103448275862066,32.0,26.6,1.9810000000000088
Abu Dhabi,2023,SAR,25.0,2.0,10.0,HARD,90.53,60.0,1.98,89.045,1.7969999999995707,0.43103448275862066,32.0,26.6,1.6975999999999942
Abu Dhabi,2023,MAG,25.0,3.0,3.0,HARD,90.592,60.0,1.98,89.107,15.0,0.43103448275862066,32.0,26.6,0.4031999999999982
Abu Dhabi,2023,VER,26.0,2.0,10.0,HARD,89.289,58.199999999999996,1.9205999999999999,87.7446,15.0,0.4482758620689655,32.0,26.7,1.4643999999999977
Abu Dhabi,2023,LEC,26.0,2.0,9.0,HARD,89.655,58.199999999999996,1.9205999999999999,88.1106,5.671999999999571,0.4482758620689655,32.0,26.7,1.3837000000000046
Abu Dhabi,2023,RUS,26.0,2.0,12.0,HARD,89.54,58.199999999999996,1.9205999999999999,87.99560000000001,1.542000000000371,0.4482758620689655,32.0,26.7,1.1400000000000006
Abu Dhabi,2023,NOR,26.0,2.0,12.0,HARD,89.308,58.199999999999996,1.9205999999999999,87.76360000000001,2.7869999999993524,0.4482758620689655,32.0,26.7,0.7820000000000107
Abu Dhabi,2023,PIA,26.0,2.0,13.0,HARD,89.918,58.199999999999996,1.9205999999999999,88.37360000000001,3.7180000000007567,0.4482758620689655,32.0,26.7,1.4488000000000056
Abu Dhabi,2023,PER,26.0,2.0,9.0,HARD,89.864,58.199999999999996,1.9205999999999999,88.31960000000001,0.9219999999995707,0.4482758620689655,32.0,26.7,1.9840000000000089
Abu Dhabi,2023,ALO,26.0,2.0,15.0,HARD,89.936,58.199999999999996,1.9205999999999999,88.39160000000001,0.9269999999996799,0.4482758620689655,32.0,26.7,1.341600000000014
Abu Dhabi,2023,HAM,26.0,2.0,11.0,HARD,89.899,58.199999999999996,1.9205999999999999,88.3546,4.9190000000007785,0.4482758620689655,32.0,26.7,1.3141000000000105
Abu Dhabi,2023,TSU,26.0,2.0,4.0,HARD,89.724,58.199999999999996,1.9205999999999999,88.17960000000001,1.8489999999992506,0.4482758620689655,32.0,26.7,0.32900000000000773
Abu Dhabi,2023,RIC,26.0,2.0,19.0,HARD,91.949,58.199999999999996,1.9205999999999999,90.4046,1.1880000000001019,0.4482758620689655,32.0,26.7,3.217199999999991
Abu Dhabi,2023,STR,26.0,2.0,5.0,HARD,88.86,58.199999999999996,1.9205999999999999,87.3156,1.6410000000005311,0.4482758620689655,32.0,26.7,-0.9425000000000097
Abu Dhabi,2023,OCO,26.0,2.0,11.0,HARD,90.993,58.199999999999996,1.9205999999999999,89.4486,1.0559999999995853,0.4482758620689655,32.0,26.7,0.8585999999999956
Abu Dhabi,2023,GAS,26.0,2.0,9.0,HARD,90.629,58.199999999999996,1.9205999999999999,89.08460000000001,3.2840000000005602,0.4482758620689655,32.0,26.7,1.2912000000000035
Abu Dhabi,2023,BOT,26.0,1.0,26.0,HARD,92.821,58.199999999999996,1.9205999999999999,91.2766,1.462999999999738,0.4482758620689655,32.0,26.7,1.5699999999999932
Abu Dhabi,2023,HUL,26.0,2.0,13.0,HARD,91.444,58.199999999999996,1.9205999999999999,89.8996,1.6260000000002037,0.4482758620689655,32.0,26.7,1.979699999999994
Abu Dhabi,2023,SAI,26.0,2.0,3.0,HARD,90.007,58.199999999999996,1.9205999999999999,88.46260000000001,1.058999999999287,0.4482758620689655,32.0,26.7,0.36650000000000205
Abu Dhabi,2023,ALB,26.0,2.0,10.0,HARD,90.092,58.199999999999996,1.9205999999999999,88.5476,4.9210000000002765,0.4482758620689655,32.0,26.7,1.4180000000000064
Abu Dhabi,2023,ZHO,26.0,2.0,13.0,HARD,91.879,58.199999999999996,1.9205999999999999,90.33460000000001,0.7799999999997453,0.4482758620689655,32.0,26.7,1.269900000000007
Abu Dhabi,2023,SAR,26.0,2.0,11.0,HARD,90.608,58.199999999999996,1.9205999999999999,89.06360000000001,1.5330000000003565,0.4482758620689655,32.0,26.7,1.7755999999999972
Abu Dhabi,2023,MAG,26.0,3.0,4.0,HARD,90.599,58.199999999999996,1.9205999999999999,89.05460000000001,15.0,0.4482758620689655,32.1,26.7,0.41020000000000323
Abu Dhabi,2023,VER,27.0,2.0,11.0,HARD,89.156,56.4,1.8612,87.5522,15.0,0.46551724137931033,32.1,26.7,1.3314000000000021
Abu Dhabi,2023,LEC,27.0,2.0,10.0,HARD,89.21,56.4,1.8612,87.60619999999999,5.725999999999658,0.46551724137931033,32.1,26.7,0.9386999999999972
Abu Dhabi,2023,RUS,27.0,2.0,13.0,HARD,89.432,56.4,1.8612,87.8282,1.7640000000001237,0.46551724137931033,32.1,26.7,1.0319999999999965
Abu Dhabi,2023,NOR,27.0,2.0,13.0,HARD,89.48,56.4,1.8612,87.8762,2.8350000000000364,0.46551724137931033,32.1,26.7,0.9540000000000077
Abu Dhabi,2023,PIA,27.0,2.0,14.0,HARD,89.602,56.4,1.8612,87.9982,3.8400000000001455,0.46551724137931033,32.1,26.7,1.1328000000000031
Abu Dhabi,2023,PER,27.0,2.0,10.0,HARD,89.34,56.4,1.8612,87.7362,0.6599999999998545,0.46551724137931033,32.1,26.6,1.460000000000008
Abu Dhabi,2023,ALO,27.0,2.0,16.0,HARD,90.229,56.4,1.8612,88.62519999999999,1.8159999999998035,0.46551724137931033,32.1,26.6,1.634600000000006
Abu Dhabi,2023,HAM,27.0,2.0,12.0,HARD,89.568,56.4,1.8612,87.96419999999999,4.257999999999811,0.46551724137931033,32.1,26.6,0.9831000000000074
Abu Dhabi,2023,TSU,27.0,2.0,5.0,HARD,89.942,56.4,1.8612,88.33819999999999,2.2229999999999563,0.46551724137931033,32.1,26.6,0.546999999999997
Abu Dhabi,2023,RIC,27.0,2.0,20.0,HARD,90.737,56.4,1.8612,89.13319999999999,1.9830000000001746,0.46551724137931033,32.1,26.6,2.005199999999988
Abu Dhabi,2023,STR,27.0,2.0,6.0,HARD,90.191,56.4,1.8612,88.5872,1.0950000000002547,0.46551724137931033,32.1,26.6,0.3884999999999934
Abu Dhabi,2023,OCO,27.0,2.0,12.0,HARD,90.578,56.4,1.8612,88.9742,1.443000000000211,0.46551724137931033,32.1,26.6,0.44360000000000355
Abu Dhabi,2023,GAS,27.0,2.0,10.0,HARD,90.404,56.4,1.8612,88.80019999999999,3.1099999999996726,0.46551724137931033,32.1,26.6,1.066199999999995
Abu Dhabi,2023,BOT,27.0,1.0,27.0,HARD,91.817,56.4,1.8612,90.21319999999999,2.8760000000002037,0.46551724137931033,32.1,26.6,0.5659999999999883
Abu Dhabi,2023,SAI,27.0,2.0,4.0,HARD,89.841,56.4,1.8612,88.23719999999999,0.7089999999998327,0.46551724137931033,32.1,26.6,0.20049999999999102
Abu Dhabi,2023,HUL,27.0,2.0,14.0,HARD,92.085,56.4,1.8612,90.48119999999999,1.1850000000004002,0.46551724137931033,32.1,26.6,2.620699999999985
Abu Dhabi,2023,ALB,27.0,2.0,11.0,HARD,90.728,56.4,1.8612,89.12419999999999,4.6229999999995925,0.46551724137931033,32.1,26.6,2.054000000000002
Abu Dhabi,2023,ZHO,27.0,2.0,14.0,HARD,90.619,56.4,1.8612,89.0152,0.6710000000002765,0.46551724137931033,32.1,26.6,0.009900000000001796
Abu Dhabi,2023,SAR,27.0,2.0,12.0,HARD,90.465,56.4,1.8612,88.8612,1.3789999999999054,0.46551724137931033,32.1,26.6,1.6325999999999965
Abu Dhabi,2023,MAG,27.0,3.0,5.0,HARD,90.691,56.4,1.8612,89.0872,15.0,0.46551724137931033,32.1,26.6,0.502200000000002
Abu Dhabi,2023,VER,28.0,2.0,12.0,HARD,89.217,54.6,1.8018,87.5538,15.0,0.4827586206896552,32.1,26.6,1.392399999999995
Abu Dhabi,2023,LEC,28.0,2.0,11.0,HARD,89.556,54.6,1.8018,87.8928,6.065000000000509,0.4827586206896552,32.1,26.6,1.2847000000000008
Abu Dhabi,2023,RUS,28.0,2.0,14.0,HARD,89.565,54.6,1.8018,87.9018,1.7729999999992287,0.4827586206896552,32.1,26.6,1.164999999999992
Abu Dhabi,2023,NOR,28.0,2.0,14.0,HARD,89.469,54.6,1.8018,87.80579999999999,2.7390000000004875,0.4827586206896552,32.1,26.6,0.9429999999999978
Abu Dhabi,2023,PER,28.0,2.0,11.0,HARD,88.954,54.6,1.8018,87.29079999999999,3.9849999999996726,0.4827586206896552,32.1,26.6,1.073999999999998
Abu Dhabi,2023,PIA,28.0,2.0,15.0,HARD,91.036,54.6,1.8018,89.3728,1.4220000000004802,0.4827586206896552,32.1,26.6,2.5668000000000006
Abu Dhabi,2023,ALO,28.0,2.0,17.0,HARD,90.559,54.6,1.8018,88.8958,1.9989999999997963,0.4827586206896552,32.1,26.6,1.9646000000000043
Abu Dhabi,2023,HAM,28.0,2.0,13.0,HARD,89.691,54.6,1.8018,88.0278,3.3900000000003274,0.4827586206896552,32.1,26.6,1.106100000000012
Abu Dhabi,2023,TSU,28.0,2.0,6.0,HARD,89.892,54.6,1.8018,88.22879999999999,2.423999999999978,0.4827586206896552,32.1,26.6,0.4969999999999999
Abu Dhabi,2023,RIC,28.0,2.0,21.0,HARD,90.697,54.6,1.8018,89.0338,2.787999999999556,0.4827586206896552,32.1,26.6,1.9651999999999958
Abu Dhabi,2023,STR,28.0,2.0,7.0,HARD,90.312,54.6,1.8018,88.6488,0.7100000000000364,0.4827586206896552,32.1,26.6,0.5094999999999885
Abu Dhabi,2023,OCO,28.0,2.0,13.0,HARD,90.322,54.6,1.8018,88.6588,1.4530000000004293,0.4827586206896552,32.1,26.6,0.18760000000000332
Abu Dhabi,2023,GAS,28.0,2.0,11.0,HARD,90.496,54.6,1.8018,88.83279999999999,3.2839999999996508,0.4827586206896552,32.1,26.6,1.1581999999999937
Abu Dhabi,2023,SAI,28.0,2.0,5.0,HARD,89.977,54.6,1.8018,88.3138,3.0659999999998035,0.4827586206896552,32.1,26.6,0.3365000000000009
Abu Dhabi,2023,BOT,28.0,1.0,28.0,HARD,92.424,54.6,1.8018,90.7608,1.7380000000002838,0.4827586206896552,32.1,26.6,1.1730000000000018
Abu Dhabi,2023,HUL,28.0,2.0,15.0,HARD,91.58,54.6,1.8018,89.9168,1.050000000000182,0.4827586206896552,32.1,26.6,2.1156999999999897
Abu Dhabi,2023,ALB,28.0,2.0,12.0,HARD,90.631,54.6,1.8018,88.9678,3.673999999999978,0.4827586206896552,32.1,26.6,1.9570000000000078
Abu Dhabi,2023,ZHO,28.0,2.0,15.0,HARD,90.782,54.6,1.8018,89.1188,0.8220000000001164,0.4827586206896552,32.1,26.6,0.1728999999999985
Abu Dhabi,2023,SAR,28.0,2.0,13.0,HARD,90.987,54.6,1.8018,89.32379999999999,1.5839999999998327,0.4827586206896552,32.1,26.6,2.154599999999988
Abu Dhabi,2023,MAG,28.0,3.0,6.0,HARD,90.709,54.6,1.8018,89.0458,15.0,0.4827586206896552,32.1,26.6,0.5202000000000027
Abu Dhabi,2023,VER,29.0,2.0,13.0,HARD,89.183,52.8,1.7424,87.4604,15.0,0.5,32.1,26.6,1.3584000000000032
Abu Dhabi,2023,LEC,29.0,2.0,12.0,HARD,89.556,52.8,1.7424,87.8334,6.438000000000102,0.5,32.1,26.6,1.2847000000000008
Abu Dhabi,2023,RUS,29.0,2.0,15.0,HARD,89.722,52.8,1.7424,87.9994,1.9390000000003056,0.5,32.1,26.6,1.3219999999999885
Abu Dhabi,2023,NOR,29.0,2.0,15.0,HARD,89.426,52.8,1.7424,87.7034,2.4429999999993015,0.5,32.1,26.6,0.9000000000000057
Abu Dhabi,2023,PER,29.0,2.0,12.0,HARD,89.563,52.8,1.7424,87.8404,4.122000000000298,0.5,32.1,26.6,1.683000000000007
Abu Dhabi,2023,PIA,29.0,2.0,16.0,HARD,90.34,52.8,1.7424,88.6174,2.199000000000524,0.5,31.7,26.6,1.8708000000000027
Abu Dhabi,2023,ALO,29.0,2.0,18.0,HARD,90.009,52.8,1.7424,88.2864,1.6679999999996653,0.5,31.7,26.6,1.4146000000000072
Abu Dhabi,2023,HAM,29.0,2.0,14.0,HARD,89.842,52.8,1.7424,88.1194,3.2229999999999563,0.5,31.7,26.6,1.2571000000000083
Abu Dhabi,2023,TSU,29.0,2.0,7.0,HARD,89.688,52.8,1.7424,87.9654,2.269999999999527,0.5,31.7,26.6,0.29300000000000637
Abu Dhabi,2023,STR,29.0,2.0,8.0,HARD,89.602,52.8,1.7424,87.8794,3.412000000000262,0.5,31.7,26.6,-0.20050000000000523
Abu Dhabi,2023,RIC,29.0,2.0,22.0,HARD,91.307,52.8,1.7424,89.5844,0.9949999999998909,0.5,31.7,26.6,2.5751999999999953
Abu Dhabi,2023,OCO,29.0,2.0,14.0,HARD,90.504,52.8,1.7424,88.7814,1.360000000000582,0.5,31.7,26.6,0.3696000000000055
Abu Dhabi,2023,GAS,29.0,2.0,12.0,HARD,90.329,52.8,1.7424,88.6064,3.108999999999469,0.5,31.7,26.6,0.9911999999999921
Abu Dhabi,2023,SAI,29.0,2.0,6.0,HARD,89.64,52.8,1.7424,87.9174,2.3770000000004075,0.5,31.7,26.6,-0.0005000000000023874
Abu Dhabi,2023,HUL,29.0,2.0,16.0,HARD,91.768,52.8,1.7424,90.0454,4.916000000000167,0.5,31.7,26.6,2.303699999999992
Abu Dhabi,2023,ALB,29.0,2.0,13.0,HARD,90.588,52.8,1.7424,88.8654,2.493999999999687,0.5,31.7,26.6,1.9140000000000015
Abu Dhabi,2023,ZHO,29.0,2.0,16.0,HARD,90.608,52.8,1.7424,88.8854,0.8419999999996435,0.5,31.7,26.6,-0.0010999999999938836
Abu Dhabi,2023,SAR,29.0,2.0,14.0,HARD,90.693,52.8,1.7424,88.9704,1.668999999999869,0.5,31.7,26.6,1.860599999999991
Abu Dhabi,2023,MAG,29.0,3.0,7.0,HARD,90.628,52.8,1.7424,88.9054,15.0,0.5,31.7,26.6,0.4391999999999996
Abu Dhabi,2023,VER,30.0,2.0,14.0,HARD,89.266,51.0,1.683,87.48400000000001,15.0,0.5172413793103449,31.9,26.6,1.4414000000000016
Abu Dhabi,2023,LEC,30.0,2.0,13.0,HARD,89.428,51.0,1.683,87.646,6.599999999999454,0.5172413793103449,31.9,26.6,1.1567000000000007
Abu Dhabi,2023,RUS,30.0,2.0,16.0,HARD,89.84,51.0,1.683,88.058,2.3510000000005675,0.5172413793103449,31.9,26.6,1.4399999999999977
Abu Dhabi,2023,NOR,30.0,2.0,16.0,HARD,89.5,51.0,1.683,87.718,2.102999999999156,0.5172413793103449,31.9,26.6,0.9740000000000038
Abu Dhabi,2023,PER,30.0,2.0,13.0,HARD,89.48,51.0,1.683,87.69800000000001,4.102000000000771,0.5172413793103449,31.9,26.6,1.6000000000000085
Abu Dhabi,2023,PIA,30.0,2.0,17.0,HARD,90.497,51.0,1.683,88.715,3.2159999999994398,0.5172413793103449,31.9,26.6,2.027799999999999
Abu Dhabi,2023,ALO,30.0,2.0,19.0,HARD,90.415,51.0,1.683,88.63300000000001,1.58600000000024,0.5172413793103449,31.9,26.6,1.820600000000013
Abu Dhabi,2023,HAM,30.0,2.0,15.0,HARD,90.118,51.0,1.683,88.336,2.9260000000003856,0.5172413793103449,31.9,26.6,1.5331000000000046
Abu Dhabi,2023,TSU,30.0,2.0,8.0,HARD,89.989,51.0,1.683,88.20700000000001,2.1409999999996217,0.5172413793103449,31.9,26.6,0.5940000000000083
Abu Dhabi,2023,STR,30.0,2.0,9.0,HARD,89.736,51.0,1.683,87.95400000000001,3.1589999999996508,0.5172413793103449,31.9,26.6,-0.06650000000000489
Abu Dhabi,2023,RIC,30.0,2.0,23.0,HARD,90.678,51.0,1.683,88.896,1.9369999999998981,0.5172413793103449,31.9,26.6,1.9461999999999904
Abu Dhabi,2023,OCO,30.0,2.0,15.0,HARD,90.514,51.0,1.683,88.732,1.1960000000008222,0.5172413793103449,31.9,26.6,0.3795999999999964
Abu Dhabi,2023,GAS,30.0,2.0,13.0,HARD,90.392,51.0,1.683,88.61,2.9869999999991705,0.5172413793103449,31.9,26.6,1.0541999999999945
Abu Dhabi,2023,SAI,30.0,2.0,7.0,HARD,89.7,51.0,1.683,87.918,1.6850000000004002,0.5172413793103449,31.9,26.6,0.059499999999999886
Abu Dhabi,2023,HUL,30.0,2.0,17.0,HARD,90.667,51.0,1.683,88.885,5.882999999999811,0.5172413793103449,31.9,26.6,1.202699999999993
Abu Dhabi,2023,ALB,30.0,2.0,14.0,HARD,90.591,51.0,1.683,88.809,2.418000000000575,0.5172413793103449,31.9,26.6,1.9170000000000016
Abu Dhabi,2023,ZHO,30.0,2.0,17.0,HARD,91.054,51.0,1.683,89.272,1.3049999999993815,0.5172413793103449,31.9,26.6,0.44490000000000407
Abu Dhabi,2023,SAR,30.0,2.0,15.0,HARD,90.642,51.0,1.683,88.86,1.2570000000005166,0.5172413793103449,31.9,26.6,1.809599999999989
Abu Dhabi,2023,MAG,30.0,3.0,8.0,HARD,90.116,51.0,1.683,88.334,15.0,0.5172413793103449,31.9,26.6,-0.07280000000000086
Abu Dhabi,2023,VER,31.0,2.0,15.0,HARD,89.149,49.199999999999996,1.6236,87.30760000000001,15.0,0.5344827586206896,31.9,26.6,1.3243999999999971
Abu Dhabi,2023,LEC,31.0,2.0,14.0,HARD,89.554,49.199999999999996,1.6236,87.71260000000001,7.005000000000109,0.5344827586206896,31.9,26.6,1.2827000000000055
Abu Dhabi,2023,RUS,31.0,2.0,17.0,HARD,89.402,49.199999999999996,1.6236,87.5606,2.1989999999996144,0.5344827586206896,31.9,26.6,1.0019999999999953
Abu Dhabi,2023,NOR,31.0,2.0,17.0,HARD,90.01,49.199999999999996,1.6236,88.1686,2.71100000000024,0.5344827586206896,31.9,26.6,1.4840000000000089
Abu Dhabi,2023,PER,31.0,2.0,14.0,HARD,89.413,49.199999999999996,1.6236,87.57159999999999,3.505000000000109,0.5344827586206896,31.9,26.6,1.5330000000000013
Abu Dhabi,2023,PIA,31.0,2.0,18.0,HARD,90.082,49.199999999999996,1.6236,88.2406,3.8850000000002183,0.5344827586206896,31.6,26.6,1.612799999999993
Abu Dhabi,2023,ALO,31.0,2.0,20.0,HARD,90.128,49.199999999999996,1.6236,88.28659999999999,1.631999999999607,0.5344827586206896,31.6,26.6,1.533600000000007
Abu Dhabi,2023,HAM,31.0,2.0,16.0,HARD,89.806,49.199999999999996,1.6236,87.96459999999999,2.604000000000269,0.5344827586206896,31.6,26.6,1.221100000000007
Abu Dhabi,2023,TSU,31.0,2.0,9.0,HARD,89.667,49.199999999999996,1.6236,87.82560000000001,2.0020000000004075,0.5344827586206896,31.6,26.6,0.27200000000000557
Abu Dhabi,2023,STR,31.0,2.0,10.0,HARD,89.706,49.199999999999996,1.6236,87.8646,3.1979999999994106,0.5344827586206896,31.6,26.6,-0.09650000000000603
Abu Dhabi,2023,OCO,31.0,2.0,16.0,HARD,90.319,49.199999999999996,1.6236,88.4776,3.7460000000000946,0.5344827586206896,31.6,26.6,0.1846000000000032
Abu Dhabi,2023,GAS,31.0,2.0,14.0,HARD,90.239,49.199999999999996,1.6236,88.39760000000001,2.907000000000153,0.5344827586206896,31.6,26.6,0.9012000000000029
Abu Dhabi,2023,SAI,31.0,2.0,8.0,HARD,89.764,49.199999999999996,1.6236,87.92259999999999,1.2100000000000364,0.5344827586206896,31.6,26.6,0.12349999999999284
Abu Dhabi,2023,HUL,31.0,2.0,18.0,HARD,90.593,49.199999999999996,1.6236,88.7516,6.711999999999534,0.5344827586206896,31.6,26.6,1.128699999999995
Abu Dhabi,2023,ALB,31.0,2.0,15.0,HARD,90.555,49.199999999999996,1.6236,88.71360000000001,2.380000000000109,0.5344827586206896,31.6,26.6,1.8810000000000144
Abu Dhabi,2023,ZHO,31.0,2.0,18.0,HARD,90.935,49.199999999999996,1.6236,89.09360000000001,1.6850000000004002,0.5344827586206896,31.6,26.6,0.3259000000000043
Abu Dhabi,2023,SAR,31.0,2.0,16.0,HARD,90.647,49.199999999999996,1.6236,88.8056,0.9690000000000509,0.5344827586206896,31.6,26.6,1.8145999999999987
Abu Dhabi,2023,BOT,31.0,2.0,2.0,MEDIUM,91.308,49.199999999999996,1.6236,89.4666,15.0,0.5344827586206896,31.6,26.6,1.3078000000000003
Abu Dhabi,2023,MAG,31.0,3.0,9.0,HARD,90.631,49.199999999999996,1.6236,88.78960000000001,1.464999999999236,0.5344827586206896,31.6,26.6,0.4421999999999997
Abu Dhabi,2023,VER,32.0,2.0,16.0,HARD,89.1,47.4,1.5642,87.19919999999999,15.0,0.5517241379310345,31.7,26.6,1.2753999999999905
Abu Dhabi,2023,LEC,32.0,2.0,15.0,HARD,89.815,47.4,1.5642,87.9142,7.719999999999345,0.5517241379310345,31.7,26.6,1.5437000000000012
Abu Dhabi,2023,RUS,32.0,2.0,18.0,HARD,89.692,47.4,1.5642,87.79119999999999,2.076000000000022,0.5517241379310345,31.7,26.6,1.2919999999999874
Abu Dhabi,2023,NOR,32.0,2.0,18.0,HARD,89.842,47.4,1.5642,87.9412,2.861000000000786,0.5517241379310345,31.7,26.6,1.3160000000000025
Abu Dhabi,2023,PER,32.0,2.0,15.0,HARD,89.314,47.4,1.5642,87.41319999999999,2.9769999999998618,0.5517241379310345,31.7,26.6,1.4339999999999975
Abu Dhabi,2023,PIA,32.0,2.0,19.0,HARD,89.847,47.4,1.5642,87.94619999999999,4.417999999999665,0.5517241379310345,31.7,26.6,1.3777999999999935
Abu Dhabi,2023,ALO,32.0,2.0,21.0,HARD,89.807,47.4,1.5642,87.9062,1.592000000000553,0.5517241379310345,31.7,26.6,1.212600000000009
Abu Dhabi,2023,HAM,32.0,2.0,17.0,HARD,89.876,47.4,1.5642,87.9752,2.6729999999997744,0.5517241379310345,31.7,26.6,1.2911000000000143
Abu Dhabi,2023,TSU,32.0,2.0,10.0,HARD,89.968,47.4,1.5642,88.0672,2.094000000000051,0.5517241379310345,31.7,26.6,0.5730000000000075
Abu Dhabi,2023,STR,32.0,2.0,11.0,HARD,89.831,47.4,1.5642,87.9302,3.0609999999996944,0.5517241379310345,31.7,26.6,0.028499999999993975
Abu Dhabi,2023,OCO,32.0,2.0,17.0,HARD,90.243,47.4,1.5642,88.34219999999999,4.1580000000003565,0.5517241379310345,31.7,26.6,0.10859999999999559
Abu Dhabi,2023,SAI,32.0,2.0,9.0,HARD,89.897,47.4,1.5642,87.9962,3.770999999999731,0.5517241379310345,31.7,26.6,0.2565000000000026
Abu Dhabi,2023,HUL,32.0,2.0,19.0,HARD,90.845,47.4,1.5642,88.9442,7.6599999999998545,0.5517241379310345,31.7,26.6,1.3806999999999903
Abu Dhabi,2023,ALB,32.0,2.0,16.0,HARD,90.35,47.4,1.5642,88.44919999999999,1.8850000000002183,0.5517241379310345,31.7,26.6,1.676000000000002
Abu Dhabi,2023,ZHO,32.0,2.0,19.0,HARD,90.874,47.4,1.5642,88.97319999999999,2.2089999999998327,0.5517241379310345,31.7,26.6,0.26489999999999725
Abu Dhabi,2023,SAR,32.0,2.0,17.0,HARD,91.13,47.4,1.5642,89.22919999999999,1.2250000000003638,0.5517241379310345,31.7,26.6,2.2975999999999885
Abu Dhabi,2023,BOT,32.0,2.0,3.0,MEDIUM,90.245,47.4,1.5642,88.3442,15.0,0.5517241379310345,31.7,26.6,0.2447999999999979
Abu Dhabi,2023,MAG,32.0,3.0,10.0,HARD,90.684,47.4,1.5642,88.7832,1.9039999999995416,0.5517241379310345,31.7,26.6,0.495199999999997
Abu Dhabi,2023,VER,33.0,2.0,17.0,HARD,89.137,45.6,1.5048000000000001,87.1768,15.0,0.5689655172413793,31.7,26.6,1.3123999999999967
Abu Dhabi,2023,LEC,33.0,2.0,16.0,HARD,89.693,45.6,1.5048000000000001,87.7328,8.27599999999984,0.5689655172413793,31.7,26.6,1.4217000000000013
Abu Dhabi,2023,RUS,33.0,2.0,19.0,HARD,89.593,45.6,1.5048000000000001,87.6328,1.9760000000005675,0.5689655172413793,31.7,26.6,1.1929999999999978
Abu Dhabi,2023,PER,33.0,2.0,16.0,HARD,89.261,45.6,1.5048000000000001,87.3008,5.505999999999403,0.5689655172413793,31.7,26.6,1.3810000000000002
Abu Dhabi,2023,PIA,33.0,2.0,20.0,HARD,89.777,45.6,1.5048000000000001,87.8168,4.9340000000001965,0.5689655172413793,31.9,26.5,1.3078000000000003
Abu Dhabi,2023,ALO,33.0,2.0,22.0,HARD,90.426,45.6,1.5048000000000001,88.4658,2.2409999999999854,0.5689655172413793,31.9,26.5,1.8316000000000088
Abu Dhabi,2023,HAM,33.0,2.0,18.0,HARD,89.774,45.6,1.5048000000000001,87.8138,2.020999999999731,0.5689655172413793,31.9,26.5,1.1891000000000105
Abu Dhabi,2023,TSU,33.0,2.0,11.0,HARD,89.759,45.6,1.5048000000000001,87.7988,2.079000000000633,0.5689655172413793,31.9,26.5,0.3640000000000043
Abu Dhabi,2023,STR,33.0,2.0,12.0,HARD,90.128,45.6,1.5048000000000001,88.1678,3.4299999999993815,0.5689655172413793,31.9,26.5,0.325499999999991
Abu Dhabi,2023,OCO,33.0,2.0,18.0,HARD,90.244,45.6,1.5048000000000001,88.2838,4.274000000000342,0.5689655172413793,31.9,26.5,0.10960000000000036
Abu Dhabi,2023,SAI,33.0,2.0,10.0,HARD,89.76,45.6,1.5048000000000001,87.7998,3.287000000000262,0.5689655172413793,31.9,26.5,0.11950000000000216
Abu Dhabi,2023,ALB,33.0,2.0,17.0,HARD,90.447,45.6,1.5048000000000001,88.4868,10.231999999999971,0.5689655172413793,31.9,26.5,1.7730000000000103
Abu Dhabi,2023,ZHO,33.0,2.0,20.0,HARD,90.844,45.6,1.5048000000000001,88.8838,2.605999999999767,0.5689655172413793,31.9,26.5,0.2348999999999961
Abu Dhabi,2023,SAR,33.0,2.0,18.0,HARD,90.878,45.6,1.5048000000000001,88.9178,1.2590000000000146,0.5689655172413793,31.9,26.5,2.045599999999993
Abu Dhabi,2023,RIC,33.0,3.0,2.0,HARD,89.349,45.6,1.5048000000000001,87.3888,2.505000000000109,0.5689655172413793,31.9,26.5,0.6171999999999969
Abu Dhabi,2023,BOT,33.0,2.0,4.0,MEDIUM,90.623,45.6,1.5048000000000001,88.6628,15.0,0.5689655172413793,31.9,26.5,0.622799999999998
Abu Dhabi,2023,MAG,33.0,3.0,11.0,HARD,90.437,45.6,1.5048000000000001,88.4768,1.7179999999998472,0.5689655172413793,31.9,26.5,0.2481999999999971
Abu Dhabi,2023,VER,34.0,2.0,18.0,HARD,89.077,43.8,1.4454,87.0574,15.0,0.5862068965517241,31.8,26.6,1.2523999999999944
Abu Dhabi,2023,LEC,34.0,2.0,17.0,HARD,89.447,43.8,1.4454,87.4274,8.64599999999973,0.5862068965517241,31.8,26.6,1.1757000000000062
Abu Dhabi,2023,PER,34.0,2.0,17.0,HARD,89.316,43.8,1.4454,87.2964,7.350999999999658,0.5862068965517241,31.8,26.6,1.436000000000007
Abu Dhabi,2023,PIA,34.0,2.0,21.0,HARD,89.841,43.8,1.4454,87.8214,5.459000000000742,0.5862068965517241,31.8,26.6,1.3717999999999932
Abu Dhabi,2023,ALO,34.0,2.0,23.0,HARD,89.884,43.8,1.4454,87.8644,2.2839999999996508,0.5862068965517241,31.8,26.6,1.2896000000000072
Abu Dhabi,2023,HAM,34.0,2.0,19.0,HARD,89.789,43.8,1.4454,87.7694,1.9260000000003856,0.5862068965517241,31.8,26.6,1.204100000000011
Abu Dhabi,2023,TSU,34.0,2.0,12.0,HARD,89.976,43.8,1.4454,87.9564,2.2659999999996217,0.5862068965517241,31.8,26.6,0.5810000000000031
Abu Dhabi,2023,STR,34.0,2.0,13.0,HARD,89.921,43.8,1.4454,87.90140000000001,3.375,0.5862068965517241,31.8,26.6,0.11849999999999739
Abu Dhabi,2023,OCO,34.0,2.0,19.0,HARD,90.033,43.8,1.4454,88.0134,4.386000000000422,0.5862068965517241,31.8,26.6,-0.10139999999999816
Abu Dhabi,2023,SAI,34.0,2.0,11.0,HARD,89.674,43.8,1.4454,87.65440000000001,2.9279999999998836,0.5862068965517241,31.8,26.6,0.03350000000000364
Abu Dhabi,2023,ALB,34.0,2.0,18.0,HARD,90.026,43.8,1.4454,88.0064,10.583999999999833,0.5862068965517241,31.8,26.6,1.3520000000000039
Abu Dhabi,2023,ZHO,34.0,2.0,21.0,HARD,90.941,43.8,1.4454,88.9214,3.520999999999731,0.5862068965517241,31.7,26.6,0.3319000000000045
Abu Dhabi,2023,SAR,34.0,2.0,19.0,HARD,90.769,43.8,1.4454,88.74940000000001,1.0870000000004438,0.5862068965517241,31.7,26.6,1.9365999999999985
Abu Dhabi,2023,RIC,34.0,3.0,3.0,HARD,89.584,43.8,1.4454,87.5644,1.319999999999709,0.5862068965517241,31.7,26.6,0.8521999999999963
Abu Dhabi,2023,GAS,34.0,3.0,2.0,HARD,89.151,43.8,1.4454,87.1314,5.962000000000444,0.5862068965517241,31.7,26.6,-0.18680000000000518
Abu Dhabi,2023,BOT,34.0,2.0,5.0,MEDIUM,90.473,43.8,1.4454,88.4534,10.657999999999447,0.5862068965517241,31.7,26.6,0.47279999999999234
Abu Dhabi,2023,MAG,34.0,3.0,12.0,HARD,90.452,43.8,1.4454,88.4324,1.6970000000001164,0.5862068965517241,31.7,26.6,0.26319999999999766
Abu Dhabi,2023,VER,35.0,2.0,19.0,HARD,89.148,42.0,1.3860000000000001,87.069,15.0,0.603448275862069,31.7,26.6,1.3233999999999924
Abu Dhabi,2023,PER,35.0,2.0,18.0,HARD,89.243,42.0,1.3860000000000001,87.164,15.0,0.603448275862069,31.7,26.6,1.3629999999999995
Abu Dhabi,2023,PIA,35.0,2.0,22.0,HARD,89.858,42.0,1.3860000000000001,87.77900000000001,6.073999999999614,0.603448275862069,31.7,26.6,1.3888000000000034
Abu Dhabi,2023,ALO,35.0,2.0,24.0,HARD,89.869,42.0,1.3860000000000001,87.79,2.2950000000000728,0.603448275862069,31.7,26.6,1.2746000000000066
Abu Dhabi,2023,TSU,35.0,2.0,13.0,HARD,89.773,42.0,1.3860000000000001,87.694,4.096000000000458,0.603448275862069,31.7,26.6,0.3780000000000001
Abu Dhabi,2023,STR,35.0,2.0,14.0,HARD,89.902,42.0,1.3860000000000001,87.82300000000001,3.5039999999999054,0.603448275862069,31.7,26.6,0.09949999999999193
Abu Dhabi,2023,NOR,35.0,3.0,2.0,HARD,88.736,42.0,1.3860000000000001,86.65700000000001,1.11200000000008,0.603448275862069,31.7,26.6,0.21000000000000796
Abu Dhabi,2023,OCO,35.0,2.0,20.0,HARD,90.474,42.0,1.3860000000000001,88.39500000000001,3.845999999999549,0.603448275862069,31.7,26.6,0.33960000000000434
Abu Dhabi,2023,SAI,35.0,2.0,12.0,HARD,89.494,42.0,1.3860000000000001,87.415,1.9480000000003201,0.603448275862069,31.7,26.6,-0.14650000000000318
Abu Dhabi,2023,ALB,35.0,2.0,19.0,HARD,89.987,42.0,1.3860000000000001,87.908,11.077000000000226,0.603448275862069,31.7,26.6,1.3130000000000024
Abu Dhabi,2023,ZHO,35.0,2.0,22.0,HARD,90.594,42.0,1.3860000000000001,88.515,4.127999999999702,0.603448275862069,31.7,26.6,-0.015100000000003888
Abu Dhabi,2023,SAR,35.0,2.0,20.0,HARD,90.545,42.0,1.3860000000000001,88.46600000000001,1.0380000000004657,0.603448275862069,31.7,26.6,1.7125999999999948
Abu Dhabi,2023,RIC,35.0,3.0,4.0,HARD,89.814,42.0,1.3860000000000001,87.735,0.5889999999999418,0.603448275862069,31.7,26.6,1.082199999999986
Abu Dhabi,2023,GAS,35.0,3.0,3.0,HARD,89.016,42.0,1.3860000000000001,86.93700000000001,5.16399999999976,0.603448275862069,31.7,26.6,-0.3217999999999961
Abu Dhabi,2023,HUL,35.0,3.0,2.0,HARD,90.498,42.0,1.3860000000000001,88.41900000000001,9.886999999999716,0.603448275862069,31.7,26.6,1.033699999999996
Abu Dhabi,2023,BOT,35.0,2.0,6.0,MEDIUM,90.401,42.0,1.3860000000000001,88.322,2.155999999999949,0.603448275862069,31.7,26.6,0.4007999999999896
Abu Dhabi,2023,MAG,35.0,3.0,13.0,HARD,90.413,42.0,1.3860000000000001,88.334,1.7090000000007421,0.603448275862069,31.7,26.6,0.22419999999999618
Abu Dhabi,2023,VER,36.0,2.0,20.0,HARD,88.902,40.2,1.3266000000000002,86.7636,15.0,0.6206896551724138,31.4,26.7,1.0773999999999972
Abu Dhabi,2023,PER,36.0,2.0,19.0,HARD,88.928,40.2,1.3266000000000002,86.7896,15.0,0.6206896551724138,31.4,26.7,1.0480000000000018
Abu Dhabi,2023,TSU,36.0,2.0,14.0,HARD,89.64,40.2,1.3266000000000002,87.5016,13.17700000000059,0.6206896551724138,31.4,26.7,0.24500000000000455
Abu Dhabi,2023,RUS,36.0,3.0,2.0,HARD,88.687,40.2,1.3266000000000002,86.5486,2.8079999999999927,0.6206896551724138,31.4,26.7,0.28699999999999193
Abu Dhabi,2023,STR,36.0,2.0,15.0,HARD,90.486,40.2,1.3266000000000002,88.3476,1.5419999999994616,0.6206896551724138,31.4,26.7,0.6834999999999951
Abu Dhabi,2023,NOR,36.0,3.0,3.0,HARD,89.881,40.2,1.3266000000000002,87.7426,0.5070000000005166,0.6206896551724138,31.4,26.7,1.355000000000004
Abu Dhabi,2023,OCO,36.0,2.0,21.0,HARD,90.622,40.2,1.3266000000000002,88.4836,4.586999999999534,0.6206896551724138,31.4,26.7,0.4876000000000005
Abu Dhabi,2023,SAI,36.0,2.0,13.0,HARD,90.228,40.2,1.3266000000000002,88.08959999999999,1.5540000000000873,0.6206896551724138,31.4,26.7,0.5874999999999915
Abu Dhabi,2023,ALB,36.0,2.0,20.0,HARD,90.341,40.2,1.3266000000000002,88.20259999999999,11.1899999999996,0.6206896551724138,31.4,26.7,1.6670000000000016
Abu Dhabi,2023,ZHO,36.0,2.0,23.0,HARD,90.67,40.2,1.3266000000000002,88.5316,4.457000000000335,0.6206896551724138,31.4,26.7,0.06090000000000373
Abu Dhabi,2023,SAR,36.0,2.0,21.0,HARD,90.74,40.2,1.3266000000000002,88.60159999999999,1.1080000000001746,0.6206896551724138,31.4,26.7,1.907599999999988
Abu Dhabi,2023,RIC,36.0,3.0,5.0,HARD,90.531,40.2,1.3266000000000002,88.3926,0.38000000000010914,0.6206896551724138,31.4,26.7,1.799199999999999
Abu Dhabi,2023,GAS,36.0,3.0,4.0,HARD,89.351,40.2,1.3266000000000002,87.2126,3.983999999999469,0.6206896551724138,31.4,26.7,0.013199999999997658
Abu Dhabi,2023,HUL,36.0,3.0,3.0,HARD,89.691,40.2,1.3266000000000002,87.5526,10.226999999999862,0.6206896551724138,31.4,26.7,0.2266999999999939
Abu Dhabi,2023,BOT,36.0,2.0,7.0,MEDIUM,90.207,40.2,1.3266000000000002,88.06859999999999,2.67200000000048,0.6206896551724138,31.4,26.7,0.206799999999987
Abu Dhabi,2023,MAG,36.0,3.0,14.0,HARD,90.674,40.2,1.3266000000000002,88.5356,2.1760000000003856,0.6206896551724138,31.4,26.7,0.48520000000000607
Abu Dhabi,2023,VER,37.0,2.0,21.0,HARD,88.91,38.39999999999999,1.2671999999999999,86.7122,15.0,0.6379310344827587,31.4,26.7,1.0853999999999928
Abu Dhabi,2023,PER,37.0,2.0,20.0,HARD,88.992,38.39999999999999,1.2671999999999999,86.7942,15.0,0.6379310344827587,31.4,26.7,1.112000000000009
Abu Dhabi,2023,TSU,37.0,2.0,15.0,HARD,89.834,38.39999999999999,1.2671999999999999,87.6362,14.019000000000233,0.6379310344827587,31.4,26.7,0.43900000000000716
Abu Dhabi,2023,LEC,37.0,3.0,2.0,HARD,89.035,38.39999999999999,1.2671999999999999,86.8372,0.7649999999994179,0.6379310344827587,31.4,26.7,0.7637
Abu Dhabi,2023,RUS,37.0,3.0,3.0,HARD,88.943,38.39999999999999,1.2671999999999999,86.7452,1.1520000000000437,0.6379310344827587,31.4,26.7,0.5429999999999922
Abu Dhabi,2023,NOR,37.0,3.0,4.0,HARD,89.22,38.39999999999999,1.2671999999999999,87.0222,2.326000000000022,0.6379310344827587,31.4,26.7,0.6940000000000026
Abu Dhabi,2023,STR,37.0,2.0,16.0,HARD,90.751,38.39999999999999,1.2671999999999999,88.5532,1.024000000000342,0.6379310344827587,31.4,26.7,0.9484999999999957
Abu Dhabi,2023,OCO,37.0,2.0,22.0,HARD,90.307,38.39999999999999,1.2671999999999999,88.1092,4.649999999999636,0.6379310344827587,31.4,26.7,0.17260000000000275
Abu Dhabi,2023,SAI,37.0,2.0,14.0,HARD,89.807,38.39999999999999,1.2671999999999999,87.6092,1.0540000000000873,0.6379310344827587,31.4,26.7,0.1664999999999992
Abu Dhabi,2023,HAM,37.0,3.0,2.0,HARD,89.532,38.39999999999999,1.2671999999999999,87.3342,7.153000000000247,0.6379310344827587,31.4,26.7,0.947100000000006
Abu Dhabi,2023,ALB,37.0,2.0,21.0,HARD,90.413,38.39999999999999,1.2671999999999999,88.2152,4.643000000000029,0.6379310344827587,31.4,26.7,1.7390000000000043
Abu Dhabi,2023,SAR,37.0,2.0,22.0,HARD,91.78,38.39999999999999,1.2671999999999999,89.5822,6.931999999999789,0.6379310344827587,31.4,26.7,2.9475999999999942
Abu Dhabi,2023,RIC,37.0,3.0,6.0,HARD,91.968,38.39999999999999,1.2671999999999999,89.7702,0.568000000000211,0.6379310344827587,31.4,26.7,3.2361999999999966
Abu Dhabi,2023,GAS,37.0,3.0,5.0,HARD,90.01,38.39999999999999,1.2671999999999999,87.8122,2.02599999999984,0.6379310344827587,31.4,26.7,0.6722000000000037
Abu Dhabi,2023,HUL,37.0,3.0,4.0,HARD,89.747,38.39999999999999,1.2671999999999999,87.5492,9.963999999999942,0.6379310344827587,31.4,26.7,0.2826999999999913
Abu Dhabi,2023,BOT,37.0,2.0,8.0,MEDIUM,90.246,38.39999999999999,1.2671999999999999,88.0482,3.1710000000002765,0.6379310344827587,31.4,26.7,0.24579999999998847
Abu Dhabi,2023,MAG,37.0,3.0,15.0,HARD,90.345,38.39999999999999,1.2671999999999999,88.1472,2.274999999999636,0.6379310344827587,31.4,26.7,0.15619999999999834
Abu Dhabi,2023,VER,38.0,2.0,22.0,HARD,89.073,36.599999999999994,1.2077999999999998,86.8158,15.0,0.6551724137931034,31.4,26.6,1.2483999999999895
Abu Dhabi,2023,PER,38.0,2.0,21.0,HARD,89.043,36.599999999999994,1.2077999999999998,86.78580000000001,15.0,0.6551724137931034,31.4,26.6,1.163000000000011
Abu Dhabi,2023,LEC,38.0,3.0,3.0,HARD,88.736,36.599999999999994,1.2077999999999998,86.4788,14.477000000000771,0.6551724137931034,31.4,26.6,0.46470000000000766
Abu Dhabi,2023,TSU,38.0,2.0,16.0,HARD,90.579,36.599999999999994,1.2077999999999998,88.3218,1.0779999999995198,0.6551724137931034,31.4,26.6,1.1839999999999975
Abu Dhabi,2023,RUS,38.0,3.0,4.0,HARD,89.243,36.599999999999994,1.2077999999999998,86.9858,0.581000000000131,0.6551724137931034,31.4,26.6,0.8429999999999893
Abu Dhabi,2023,NOR,38.0,3.0,5.0,HARD,89.596,36.599999999999994,1.2077999999999998,87.3388,2.6790000000000873,0.6551724137931034,31.4,26.6,1.0700000000000074
Abu Dhabi,2023,STR,38.0,2.0,17.0,HARD,90.403,36.599999999999994,1.2077999999999998,88.14580000000001,1.831000000000131,0.6551724137931034,31.4,26.6,0.6004999999999967
Abu Dhabi,2023,OCO,38.0,2.0,23.0,HARD,90.138,36.599999999999994,1.2077999999999998,87.88080000000001,4.384999999999309,0.6551724137931034,31.4,26.6,0.0036000000000058208
Abu Dhabi,2023,SAI,38.0,2.0,15.0,HARD,89.746,36.599999999999994,1.2077999999999998,87.4888,0.6620000000002619,0.6551724137931034,31.4,26.6,0.10549999999999216
Abu Dhabi,2023,PIA,38.0,3.0,2.0,HARD,88.138,36.599999999999994,1.2077999999999998,85.88080000000001,0.668999999999869,0.6551724137931034,31.4,26.6,-0.3311999999999955
Abu Dhabi,2023,ALO,38.0,3.0,3.0,HARD,88.909,36.599999999999994,1.2077999999999998,86.65180000000001,6.280000000000655,0.6551724137931034,31.4,26.6,0.31460000000001287
Abu Dhabi,2023,HAM,38.0,3.0,3.0,HARD,90.373,36.599999999999994,1.2077999999999998,88.11580000000001,0.8309999999992215,0.6551724137931034,31.4,26.6,1.7881000000000142
Abu Dhabi,2023,ALB,38.0,2.0,22.0,HARD,90.238,36.599999999999994,1.2077999999999998,87.9808,4.50800000000072,0.6551724137931034,31.4,26.6,1.5640000000000072
Abu Dhabi,2023,SAR,38.0,2.0,23.0,HARD,91.231,36.599999999999994,1.2077999999999998,88.9738,7.924999999999272,0.6551724137931034,31.5,26.6,2.3985999999999876
Abu Dhabi,2023,RIC,38.0,3.0,7.0,HARD,91.008,36.599999999999994,1.2077999999999998,88.7508,0.34500000000025466,0.6551724137931034,31.5,26.6,2.2761999999999887
Abu Dhabi,2023,GAS,38.0,3.0,6.0,HARD,90.098,36.599999999999994,1.2077999999999998,87.8408,1.1159999999999854,0.6551724137931034,31.5,26.6,0.7601999999999975
Abu Dhabi,2023,HUL,38.0,3.0,5.0,HARD,89.462,36.599999999999994,1.2077999999999998,87.2048,9.32800000000043,0.6551724137931034,31.5,26.6,-0.002300000000005298
Abu Dhabi,2023,BOT,38.0,2.0,9.0,MEDIUM,90.016,36.599999999999994,1.2077999999999998,87.75880000000001,3.7249999999994543,0.6551724137931034,31.5,26.6,0.015799999999998704
Abu Dhabi,2023,MAG,38.0,3.0,16.0,HARD,90.376,36.599999999999994,1.2077999999999998,88.11880000000001,2.6350000000002183,0.6551724137931034,31.5,26.6,0.18720000000000425
Abu Dhabi,2023,VER,39.0,2.0,23.0,HARD,88.849,34.8,1.1483999999999999,86.53240000000001,15.0,0.6724137931034483,31.5,26.6,1.0244
Abu Dhabi,2023,PER,39.0,2.0,22.0,HARD,89.13,34.8,1.1483999999999999,86.8134,15.0,0.6724137931034483,31.5,26.6,1.25
Abu Dhabi,2023,LEC,39.0,3.0,4.0,HARD,88.759,34.8,1.1483999999999999,86.4424,14.105999999999767,0.6724137931034483,31.1,26.6,0.4877000000000038
Abu Dhabi,2023,RUS,39.0,3.0,5.0,HARD,89.194,34.8,1.1483999999999999,86.87740000000001,2.094000000000051,0.6724137931034483,31.1,26.6,0.7939999999999969
Abu Dhabi,2023,TSU,39.0,2.0,17.0,HARD,91.013,34.8,1.1483999999999999,88.69640000000001,1.2380000000002838,0.6724137931034483,31.1,26.6,1.6180000000000092
Abu Dhabi,2023,NOR,39.0,3.0,6.0,HARD,89.432,34.8,1.1483999999999999,87.11540000000001,1.6790000000000873,0.6724137931034483,31.1,26.6,0.9060000000000059
Abu Dhabi,2023,STR,39.0,2.0,18.0,HARD,90.305,34.8,1.1483999999999999,87.98840000000001,2.7039999999997235,0.6724137931034483,31.1,26.6,0.5024999999999977
Abu Dhabi,2023,PIA,39.0,3.0,3.0,HARD,88.65,34.8,1.1483999999999999,86.33340000000001,4.061000000000604,0.6724137931034483,31.1,26.6,0.18080000000000496
Abu Dhabi,2023,SAI,39.0,2.0,16.0,HARD,90.581,34.8,1.1483999999999999,88.26440000000001,1.2619999999997162,0.6724137931034483,31.1,26.6,0.9405000000000001
Abu Dhabi,2023,OCO,39.0,2.0,24.0,HARD,92.095,34.8,1.1483999999999999,89.7784,0.8519999999998618,0.6724137931034483,31.1,26.6,1.9605999999999995
Abu Dhabi,2023,ALO,39.0,3.0,4.0,HARD,88.8,34.8,1.1483999999999999,86.4834,4.3159999999998035,0.6724137931034483,31.1,26.6,0.205600000000004
Abu Dhabi,2023,HAM,39.0,3.0,4.0,HARD,89.221,34.8,1.1483999999999999,86.90440000000001,1.2520000000004075,0.6724137931034483,31.1,26.6,0.6361000000000132
Abu Dhabi,2023,ALB,39.0,2.0,23.0,HARD,90.497,34.8,1.1483999999999999,88.1804,5.783999999999651,0.6724137931034483,31.1,26.6,1.8230000000000075
Abu Dhabi,2023,RIC,39.0,3.0,8.0,HARD,90.068,34.8,1.1483999999999999,87.7514,7.841000000000349,0.6724137931034483,31.1,26.6,1.336199999999991
Abu Dhabi,2023,SAR,39.0,2.0,24.0,HARD,91.989,34.8,1.1483999999999999,89.67240000000001,1.5760000000000218,0.6724137931034483,31.1,26.6,3.1565999999999974
Abu Dhabi,2023,GAS,39.0,3.0,7.0,HARD,90.797,34.8,1.1483999999999999,88.4804,0.26900000000023283,0.6724137931034483,31.1,26.6,1.4591999999999956
Abu Dhabi,2023,HUL,39.0,3.0,6.0,HARD,90.091,34.8,1.1483999999999999,87.7744,8.621999999999389,0.6724137931034483,31.1,26.6,0.6266999999999854
Abu Dhabi,2023,BOT,39.0,2.0,10.0,MEDIUM,90.001,34.8,1.1483999999999999,87.68440000000001,3.6350000000002183,0.6724137931034483,31.1,26.6,0.0007999999999981355
Abu Dhabi,2023,MAG,39.0,3.0,17.0,HARD,90.425,34.8,1.1483999999999999,88.1084,3.0590000000001965,0.6724137931034483,31.1,26.6,0.23619999999999663
Abu Dhabi,2023,ZHO,39.0,3.0,2.0,MEDIUM,88.951,34.8,1.1483999999999999,86.6344,1.0900000000001455,0.6724137931034483,31.1,26.6,-0.13000000000000966
Abu Dhabi,2023,VER,40.0,2.0,24.0,HARD,89.053,33.0,1.089,86.67699999999999,15.0,0.6896551724137931,31.1,26.6,1.2283999999999935
Abu Dhabi,2023,PER,40.0,2.0,23.0,HARD,88.909,33.0,1.089,86.533,15.0,0.6896551724137931,31.1,26.6,1.0290000000000106
Abu Dhabi,2023,LEC,40.0,3.0,5.0,HARD,88.546,33.0,1.089,86.17,13.742999999999483,0.6896551724137931,31.1,26.6,0.27470000000000994
Abu Dhabi,2023,RUS,40.0,3.0,6.0,HARD,88.683,33.0,1.089,86.307,2.230999999999767,0.6896551724137931,31.1,26.6,0.28300000000000125
Abu Dhabi,2023,TSU,40.0,2.0,18.0,HARD,89.633,33.0,1.089,87.25699999999999,2.188000000000102,0.6896551724137931,31.1,26.6,0.23799999999999955
Abu Dhabi,2023,NOR,40.0,3.0,7.0,HARD,89.243,33.0,1.089,86.86699999999999,1.2890000000006694,0.6896551724137931,31.1,26.6,0.7169999999999987
Abu Dhabi,2023,STR,40.0,2.0,19.0,HARD,90.099,33.0,1.089,87.723,3.5599999999994907,0.6896551724137931,31.1,26.6,0.29649999999999466
Abu Dhabi,2023,PIA,40.0,3.0,4.0,HARD,88.683,33.0,1.089,86.307,2.6450000000004366,0.6896551724137931,31.1,26.6,0.2138000000000062
Abu Dhabi,2023,SAI,40.0,2.0,17.0,HARD,89.635,33.0,1.089,87.259,2.213999999999942,0.6896551724137931,31.1,26.6,-0.00549999999999784
Abu Dhabi,2023,OCO,40.0,2.0,25.0,HARD,90.447,33.0,1.089,88.071,1.66399999999976,0.6896551724137931,31.1,26.6,0.3126000000000033
Abu Dhabi,2023,ALO,40.0,3.0,5.0,HARD,88.617,33.0,1.089,86.241,2.4859999999998763,0.6896551724137931,31.1,26.6,0.022600000000011278
Abu Dhabi,2023,HAM,40.0,3.0,5.0,HARD,88.867,33.0,1.089,86.491,1.5020000000004075,0.6896551724137931,31.1,26.6,0.282100000000014
Abu Dhabi,2023,ALB,40.0,2.0,24.0,HARD,90.331,33.0,1.089,87.955,7.2479999999995925,0.6896551724137931,31.4,26.6,1.6570000000000107
Abu Dhabi,2023,RIC,40.0,3.0,9.0,HARD,88.841,33.0,1.089,86.46499999999999,6.3510000000005675,0.6896551724137931,31.4,26.6,0.10919999999998709
Abu Dhabi,2023,GAS,40.0,3.0,8.0,HARD,89.859,33.0,1.089,87.48299999999999,2.8629999999993743,0.6896551724137931,31.4,26.6,0.5211999999999932
Abu Dhabi,2023,SAR,40.0,2.0,25.0,HARD,91.754,33.0,1.089,89.378,1.6260000000002037,0.6896551724137931,31.4,26.6,2.921599999999998
Abu Dhabi,2023,HUL,40.0,3.0,7.0,HARD,90.121,33.0,1.089,87.74499999999999,7.257999999999811,0.6896551724137931,31.4,26.6,0.6566999999999865
Abu Dhabi,2023,BOT,40.0,2.0,11.0,MEDIUM,90.345,33.0,1.089,87.969,3.8590000000003783,0.6896551724137931,31.4,26.6,0.3447999999999922
Abu Dhabi,2023,ZHO,40.0,3.0,3.0,MEDIUM,89.081,33.0,1.089,86.705,2.8850000000002183,0.6896551724137931,31.4,26.6,0.0
Abu Dhabi,2023,MAG,40.0,3.0,18.0,HARD,91.437,33.0,1.089,89.06099999999999,1.2659999999996217,0.6896551724137931,31.4,26.6,1.248199999999997
Abu Dhabi,2023,VER,41.0,2.0,25.0,HARD,89.003,31.200000000000003,1.0296,86.5676,15.0,0.7068965517241379,31.4,26.6,1.1783999999999963
Abu Dhabi,2023,PER,41.0,2.0,24.0,HARD,89.195,31.200000000000003,1.0296,86.75959999999999,15.0,0.7068965517241379,31.4,26.6,1.3149999999999977
Abu Dhabi,2023,LEC,41.0,3.0,6.0,HARD,88.466,31.200000000000003,1.0296,86.03059999999999,13.014000000000124,0.7068965517241379,31.3,26.6,0.19469999999999743
Abu Dhabi,2023,RUS,41.0,3.0,7.0,HARD,88.612,31.200000000000003,1.0296,86.1766,2.376999999999498,0.7068965517241379,31.3,26.6,0.21199999999998909
Abu Dhabi,2023,TSU,41.0,2.0,19.0,HARD,89.511,31.200000000000003,1.0296,87.0756,3.087000000000444,0.7068965517241379,31.3,26.6,0.11599999999999966
Abu Dhabi,2023,NOR,41.0,3.0,8.0,HARD,89.064,31.200000000000003,1.0296,86.62859999999999,0.8419999999996435,0.7068965517241379,31.3,26.6,0.5379999999999967
Abu Dhabi,2023,STR,41.0,2.0,20.0,HARD,89.991,31.200000000000003,1.0296,87.5556,4.48700000000008,0.7068965517241379,31.3,26.6,0.18849999999999056
Abu Dhabi,2023,PIA,41.0,3.0,5.0,HARD,88.762,31.200000000000003,1.0296,86.3266,1.4160000000001673,0.7068965517241379,31.3,26.6,0.2927999999999997
Abu Dhabi,2023,SAI,41.0,2.0,18.0,HARD,89.495,31.200000000000003,1.0296,87.0596,2.9470000000001164,0.7068965517241379,31.3,26.6,-0.1454999999999984
Abu Dhabi,2023,OCO,41.0,2.0,26.0,HARD,90.252,31.200000000000003,1.0296,87.8166,2.4210000000002765,0.7068965517241379,31.3,26.6,0.11759999999999593
Abu Dhabi,2023,ALO,41.0,3.0,6.0,HARD,88.81,31.200000000000003,1.0296,86.3746,1.043999999999869,0.7068965517241379,31.3,26.6,0.21560000000000912
Abu Dhabi,2023,HAM,41.0,3.0,6.0,HARD,88.81,31.200000000000003,1.0296,86.3746,1.501999999999498,0.7068965517241379,31.3,26.6,0.22510000000001185
Abu Dhabi,2023,ALB,41.0,2.0,25.0,HARD,90.31,31.200000000000003,1.0296,87.8746,8.748000000000502,0.7068965517241379,31.3,26.6,1.63600000000001
Abu Dhabi,2023,RIC,41.0,3.0,10.0,HARD,88.838,31.200000000000003,1.0296,86.40259999999999,4.878999999999905,0.7068965517241379,31.3,26.6,0.10619999999998697
Abu Dhabi,2023,GAS,41.0,3.0,9.0,HARD,89.621,31.200000000000003,1.0296,87.1856,3.645999999999731,0.7068965517241379,31.3,26.6,0.2831999999999937
Abu Dhabi,2023,HUL,41.0,3.0,8.0,HARD,89.893,31.200000000000003,1.0296,87.4576,9.155999999999949,0.7068965517241379,31.3,26.6,0.4286999999999921
Abu Dhabi,2023,BOT,41.0,2.0,12.0,MEDIUM,90.161,31.200000000000003,1.0296,87.7256,4.1270000000004075,0.7068965517241379,31.3,26.6,0.16079999999999472
Abu Dhabi,2023,ZHO,41.0,3.0,4.0,MEDIUM,89.402,31.200000000000003,1.0296,86.9666,2.1259999999992942,0.7068965517241379,31.3,26.6,0.32099999999999795
Abu Dhabi,2023,MAG,41.0,3.0,19.0,HARD,90.48,31.200000000000003,1.0296,88.0446,2.344000000000051,0.7068965517241379,31.3,26.6,0.29120000000000346
Abu Dhabi,2023,VER,42.0,2.0,26.0,HARD,89.082,29.39999999999999,0.9701999999999997,86.5872,15.0,0.7241379310344828,31.3,26.5,1.2573999999999899
Abu Dhabi,2023,LEC,42.0,3.0,7.0,HARD,88.277,29.39999999999999,0.9701999999999997,85.7822,15.0,0.7241379310344828,31.3,26.5,0.005700000000004479
Abu Dhabi,2023,RUS,42.0,3.0,8.0,HARD,88.792,29.39999999999999,0.9701999999999997,86.2972,2.8919999999998254,0.7241379310344828,31.3,26.5,0.3919999999999959
Abu Dhabi,2023,NOR,42.0,3.0,9.0,HARD,88.522,29.39999999999999,0.9701999999999997,86.02720000000001,3.6589999999996508,0.7241379310344828,31.3,26.5,-0.003999999999990678
Abu Dhabi,2023,TSU,42.0,2.0,20.0,HARD,90.349,29.39999999999999,0.9701999999999997,87.8542,0.9850000000005821,0.7241379310344828,31.3,26.5,0.9540000000000077
Abu Dhabi,2023,PIA,42.0,3.0,6.0,HARD,88.978,29.39999999999999,0.9701999999999997,86.4832,5.373999999999796,0.7241379310344828,31.3,26.5,0.5087999999999937
Abu Dhabi,2023,SAI,42.0,2.0,19.0,HARD,89.452,29.39999999999999,0.9701999999999997,86.9572,3.4210000000002765,0.7241379310344828,31.3,26.5,-0.18850000000000477
Abu Dhabi,2023,ALO,42.0,3.0,7.0,HARD,88.256,29.39999999999999,0.9701999999999997,85.7612,2.2689999999993233,0.7241379310344828,31.3,26.5,-0.33839999999999293
Abu Dhabi,2023,OCO,42.0,2.0,27.0,HARD,90.742,29.39999999999999,0.9701999999999997,88.2472,1.4420000000000073,0.7241379310344828,31.3,26.5,0.607600000000005
Abu Dhabi,2023,HAM,42.0,3.0,7.0,HARD,88.793,29.39999999999999,0.9701999999999997,86.29820000000001,0.5970000000006621,0.7241379310344828,31.3,26.5,0.20810000000001594
Abu Dhabi,2023,ALB,42.0,2.0,26.0,HARD,90.355,29.39999999999999,0.9701999999999997,87.8602,10.30999999999949,0.7241379310344828,31.4,26.6,1.6810000000000116
Abu Dhabi,2023,RIC,42.0,3.0,11.0,HARD,88.581,29.39999999999999,0.9701999999999997,86.0862,3.105000000000473,0.7241379310344828,31.4,26.6,-0.15080000000000382
Abu Dhabi,2023,GAS,42.0,3.0,10.0,HARD,89.231,29.39999999999999,0.9701999999999997,86.7362,4.295999999999367,0.7241379310344828,31.4,26.6,-0.10680000000000689
Abu Dhabi,2023,HUL,42.0,3.0,9.0,HARD,89.396,29.39999999999999,0.9701999999999997,86.9012,9.320999999999913,0.7241379310344828,31.4,26.6,-0.0683000000000078
Abu Dhabi,2023,BOT,42.0,2.0,13.0,MEDIUM,89.863,29.39999999999999,0.9701999999999997,87.3682,4.594000000000051,0.7241379310344828,31.4,26.6,-0.1372000000000071
Abu Dhabi,2023,ZHO,42.0,3.0,5.0,MEDIUM,88.972,29.39999999999999,0.9701999999999997,86.4772,1.235000000000582,0.7241379310344828,31.4,26.6,-0.10900000000000887
Abu Dhabi,2023,MAG,42.0,3.0,20.0,HARD,90.356,29.39999999999999,0.9701999999999997,87.8612,3.7280000000000655,0.7241379310344828,31.4,26.6,0.16719999999999402
Abu Dhabi,2023,LEC,43.0,3.0,8.0,HARD,88.211,27.599999999999994,0.9107999999999998,85.6568,15.0,0.7413793103448276,31.4,26.6,-0.06029999999999802
Abu Dhabi,2023,RUS,43.0,3.0,9.0,HARD,88.524,27.599999999999994,0.9107999999999998,85.9698,3.2050000000008367,0.7413793103448276,31.3,26.5,0.12399999999999523
Abu Dhabi,2023,NOR,43.0,3.0,10.0,HARD,88.848,27.599999999999994,0.9107999999999998,86.2938,3.982999999999265,0.7413793103448276,31.3,26.5,0.32200000000000273
Abu Dhabi,2023,TSU,43.0,2.0,21.0,HARD,89.659,27.599999999999994,0.9107999999999998,87.10480000000001,1.7960000000002765,0.7413793103448276,31.3,26.5,0.26400000000001
Abu Dhabi,2023,PIA,43.0,3.0,7.0,HARD,88.332,27.599999999999994,0.9107999999999998,85.7778,4.04700000000048,0.7413793103448276,31.3,26.5,-0.1372000000000071
Abu Dhabi,2023,SAI,43.0,2.0,20.0,HARD,89.612,27.599999999999994,0.9107999999999998,87.0578,4.701000000000022,0.7413793103448276,31.3,26.5,-0.028500000000008185
Abu Dhabi,2023,ALO,43.0,3.0,8.0,HARD,88.769,27.599999999999994,0.9107999999999998,86.21480000000001,1.4259999999994761,0.7413793103448276,31.3,26.5,0.1746000000000123
Abu Dhabi,2023,HAM,43.0,3.0,8.0,HARD,88.711,27.599999999999994,0.9107999999999998,86.1568,1.9809999999997672,0.7413793103448276,31.3,26.5,0.1261000000000081
Abu Dhabi,2023,OCO,43.0,2.0,28.0,HARD,91.081,27.599999999999994,0.9107999999999998,88.52680000000001,1.7730000000001382,0.7413793103448276,31.3,26.5,0.9466000000000037
Abu Dhabi,2023,RIC,43.0,3.0,12.0,HARD,90.055,27.599999999999994,0.9107999999999998,87.50080000000001,12.985999999999876,0.7413793103448276,31.3,26.5,1.3232
Abu Dhabi,2023,GAS,43.0,3.0,11.0,HARD,89.717,27.599999999999994,0.9107999999999998,87.1628,3.9580000000005384,0.7413793103448276,31.3,26.5,0.3791999999999973
Abu Dhabi,2023,HUL,43.0,3.0,10.0,HARD,89.485,27.599999999999994,0.9107999999999998,86.9308,9.088999999999942,0.7413793103448276,31.3,26.5,0.020699999999990837
Abu Dhabi,2023,ZHO,43.0,3.0,6.0,MEDIUM,88.746,27.599999999999994,0.9107999999999998,86.1918,5.0900000000001455,0.7413793103448276,31.3,26.5,-0.33500000000000796
Abu Dhabi,2023,BOT,43.0,2.0,14.0,MEDIUM,91.418,27.599999999999994,0.9107999999999998,88.86380000000001,1.4369999999998981,0.7413793103448276,31.3,26.5,1.4177999999999997
Abu Dhabi,2023,MAG,43.0,3.0,21.0,HARD,90.057,27.599999999999994,0.9107999999999998,87.50280000000001,3.6019999999998618,0.7413793103448276,31.3,26.5,-0.13179999999999836
Abu Dhabi,2023,SAR,43.0,3.0,2.0,HARD,88.58,27.599999999999994,0.9107999999999998,86.0258,5.141999999999825,0.7413793103448276,31.3,26.5,-0.2524000000000086
Abu Dhabi,2023,LEC,44.0,3.0,9.0,HARD,88.199,25.799999999999997,0.8513999999999999,85.58539999999999,15.0,0.7586206896551724,31.3,26.5,-0.07229999999999848
Abu Dhabi,2023,RUS,44.0,3.0,10.0,HARD,88.36,25.799999999999997,0.8513999999999999,85.7464,3.3659999999999854,0.7586206896551724,31.3,26.5,-0.04000000000000625
Abu Dhabi,2023,NOR,44.0,3.0,11.0,HARD,88.539,25.799999999999997,0.8513999999999999,85.9254,4.162000000000262,0.7586206896551724,31.3,26.5,0.01300000000000523
Abu Dhabi,2023,PER,44.0,3.0,2.0,HARD,87.493,25.799999999999997,0.8513999999999999,84.87939999999999,1.3009999999994761,0.7586206896551724,31.3,26.5,-0.38700000000000045
Abu Dhabi,2023,TSU,44.0,2.0,22.0,HARD,89.732,25.799999999999997,0.8513999999999999,87.1184,1.6880000000001019,0.7586206896551724,31.3,26.5,0.3370000000000033
Abu Dhabi,2023,PIA,44.0,3.0,8.0,HARD,88.489,25.799999999999997,0.8513999999999999,85.8754,2.8040000000000873,0.7586206896551724,31.3,26.5,0.019800000000003593
Abu Dhabi,2023,SAI,44.0,2.0,21.0,HARD,89.809,25.799999999999997,0.8513999999999999,87.19539999999999,6.020999999999731,0.7586206896551724,31.3,26.5,0.16849999999999454
Abu Dhabi,2023,ALO,44.0,3.0,9.0,HARD,88.986,25.799999999999997,0.8513999999999999,86.3724,0.6030000000000655,0.7586206896551724,31.3,26.5,0.39160000000001105
Abu Dhabi,2023,HAM,44.0,3.0,9.0,HARD,88.99,25.799999999999997,0.8513999999999999,86.37639999999999,1.985000000000582,0.7586206896551724,31.3,26.5,0.40510000000000446
Abu Dhabi,2023,OCO,44.0,2.0,29.0,HARD,90.431,25.799999999999997,0.8513999999999999,87.81739999999999,3.213999999999942,0.7586206896551724,31.3,26.5,0.296599999999998
Abu Dhabi,2023,STR,44.0,3.0,2.0,MEDIUM,88.05,25.799999999999997,0.8513999999999999,85.43639999999999,8.891999999999825,0.7586206896551724,31.2,26.5,-0.1518000000000086
Abu Dhabi,2023,RIC,44.0,3.0,13.0,HARD,88.818,25.799999999999997,0.8513999999999999,86.20439999999999,2.480999999999767,0.7586206896551724,31.2,26.5,0.08619999999999095
Abu Dhabi,2023,GAS,44.0,3.0,12.0,HARD,89.77,25.799999999999997,0.8513999999999999,87.15639999999999,4.9099999999998545,0.7586206896551724,31.2,26.5,0.4321999999999946
Abu Dhabi,2023,HUL,44.0,3.0,11.0,HARD,89.542,25.799999999999997,0.8513999999999999,86.9284,8.860999999999876,0.7586206896551724,31.2,26.5,0.077699999999993
Abu Dhabi,2023,ZHO,44.0,3.0,7.0,MEDIUM,89.083,25.799999999999997,0.8513999999999999,86.4694,4.631000000000313,0.7586206896551724,31.2,26.5,0.001999999999995339
Abu Dhabi,2023,BOT,44.0,2.0,15.0,MEDIUM,89.999,25.799999999999997,0.8513999999999999,87.38539999999999,2.3530000000000655,0.7586206896551724,31.2,26.5,-0.0012000000000114142
Abu Dhabi,2023,MAG,44.0,3.0,22.0,HARD,90.084,25.799999999999997,0.8513999999999999,87.4704,3.686999999999898,0.7586206896551724,31.2,26.5,-0.10479999999999734
Abu Dhabi,2023,SAR,44.0,3.0,3.0,HARD,88.645,25.799999999999997,0.8513999999999999,86.03139999999999,3.7030000000004293,0.7586206896551724,31.2,26.5,-0.1874000000000109
Abu Dhabi,2023,VER,45.0,3.0,2.0,HARD,86.993,24.0,0.792,84.32,15.0,0.7758620689655172,31.2,26.5,-0.8316000000000088
Abu Dhabi,2023,LEC,45.0,3.0,10.0,HARD,88.395,24.0,0.792,85.722,6.958999999999833,0.7758620689655172,31.2,26.5,0.12369999999999948
Abu Dhabi,2023,RUS,45.0,3.0,11.0,HARD,88.187,24.0,0.792,85.514,3.1580000000003565,0.7758620689655172,31.2,26.5,-0.21300000000000807
Abu Dhabi,2023,NOR,45.0,3.0,12.0,HARD,88.164,24.0,0.792,85.491,4.139000000000124,0.7758620689655172,31.1,26.5,-0.36199999999999477
Abu Dhabi,2023,PER,45.0,3.0,3.0,HARD,87.837,24.0,0.792,85.164,0.9740000000001601,0.7758620689655172,31.1,26.5,-0.042999999999992156
Abu Dhabi,2023,TSU,45.0,2.0,23.0,HARD,89.315,24.0,0.792,86.642,3.1660000000001673,0.7758620689655172,31.1,26.5,-0.0799999999999983
Abu Dhabi,2023,PIA,45.0,3.0,9.0,HARD,88.149,24.0,0.792,85.476,1.63799999999992,0.7758620689655172,31.1,26.5,-0.3201999999999998
Abu Dhabi,2023,SAI,45.0,2.0,22.0,HARD,90.132,24.0,0.792,87.459,8.003999999999905,0.7758620689655172,31.1,26.5,0.49150000000000205
Abu Dhabi,2023,ALO,45.0,3.0,10.0,HARD,90.177,24.0,0.792,87.504,0.6480000000001382,0.7758620689655172,31.1,26.5,1.5826000000000136
Abu Dhabi,2023,HAM,45.0,3.0,10.0,HARD,89.023,24.0,0.792,86.35,0.8309999999992215,0.7758620689655172,31.1,26.5,0.4381000000000057
Abu Dhabi,2023,OCO,45.0,2.0,30.0,HARD,90.163,24.0,0.792,87.49,4.354000000000269,0.7758620689655172,31.1,26.5,0.028599999999997294
Abu Dhabi,2023,STR,45.0,3.0,3.0,MEDIUM,88.177,24.0,0.792,85.504,6.905999999999949,0.7758620689655172,31.1,26.5,-0.024799999999999045
Abu Dhabi,2023,RIC,45.0,3.0,14.0,HARD,88.705,24.0,0.792,86.032,3.0090000000000146,0.7758620689655172,31.1,26.5,-0.026800000000008595
Abu Dhabi,2023,GAS,45.0,3.0,13.0,HARD,89.503,24.0,0.792,86.83,5.708000000000538,0.7758620689655172,31.1,26.5,0.16519999999999868
Abu Dhabi,2023,HUL,45.0,3.0,12.0,HARD,89.5,24.0,0.792,86.827,8.857999999999265,0.7758620689655172,31.1,26.5,0.035699999999991405
Abu Dhabi,2023,ALB,45.0,3.0,2.0,HARD,87.845,24.0,0.792,85.172,4.155999999999949,0.7758620689655172,31.1,26.5,-0.8289999999999935
Abu Dhabi,2023,ZHO,45.0,3.0,8.0,MEDIUM,89.89,24.0,0.792,87.217,0.8650000000006912,0.7758620689655172,31.1,26.5,0.8089999999999975
Abu Dhabi,2023,BOT,45.0,2.0,16.0,MEDIUM,90.495,24.0,0.792,87.822,2.957999999999629,0.7758620689655172,31.1,26.5,0.4947999999999979
Abu Dhabi,2023,MAG,45.0,3.0,23.0,HARD,90.11,24.0,0.792,87.437,3.30199999999968,0.7758620689655172,31.1,26.5,-0.07880000000000109
Abu Dhabi,2023,SAR,45.0,3.0,4.0,HARD,88.791,24.0,0.792,86.118,2.3840000000000146,0.7758620689655172,31.2,26.5,-0.041400000000010095
Abu Dhabi,2023,VER,46.0,3.0,3.0,HARD,87.902,22.200000000000003,0.7326000000000001,85.1696,15.0,0.7931034482758621,31.2,26.5,0.07739999999999725
Abu Dhabi,2023,LEC,46.0,3.0,11.0,HARD,88.446,22.200000000000003,0.7326000000000001,85.7136,7.503000000000611,0.7931034482758621,31.2,26.5,0.1747000000000014
Abu Dhabi,2023,RUS,46.0,3.0,12.0,HARD,88.192,22.200000000000003,0.7326000000000001,85.4596,2.9039999999995416,0.7931034482758621,31.2,26.5,-0.20800000000001262
Abu Dhabi,2023,NOR,46.0,3.0,13.0,HARD,88.187,22.200000000000003,0.7326000000000001,85.4546,4.1340000000000146,0.7931034482758621,31.2,26.5,-0.33899999999999864
Abu Dhabi,2023,PER,46.0,3.0,4.0,HARD,87.914,22.200000000000003,0.7326000000000001,85.1816,0.7010000000000218,0.7931034482758621,31.2,26.5,0.034000000000006025
Abu Dhabi,2023,TSU,46.0,2.0,24.0,HARD,89.41,22.200000000000003,0.7326000000000001,86.6776,4.662000000000262,0.7931034482758621,31.2,26.5,0.015000000000000568
Abu Dhabi,2023,PIA,46.0,3.0,10.0,HARD,88.806,22.200000000000003,0.7326000000000001,86.0736,1.0339999999996508,0.7931034482758621,31.2,26.5,0.33679999999999666
Abu Dhabi,2023,ALO,46.0,3.0,11.0,HARD,88.554,22.200000000000003,0.7326000000000001,85.8216,8.399999999999636,0.7931034482758621,31.2,26.5,-0.04039999999999111
Abu Dhabi,2023,SAI,46.0,2.0,23.0,HARD,90.712,22.200000000000003,0.7326000000000001,87.9796,1.5100000000002183,0.7931034482758621,31.2,26.5,1.0715000000000003
Abu Dhabi,2023,HAM,46.0,3.0,11.0,HARD,89.729,22.200000000000003,0.7326000000000001,86.9966,0.4960000000000946,0.7931034482758621,31.2,26.5,1.1441000000000088
Abu Dhabi,2023,OCO,46.0,2.0,31.0,HARD,90.113,22.200000000000003,0.7326000000000001,87.3806,4.738000000000284,0.7931034482758621,31.2,26.5,-0.021399999999999864
Abu Dhabi,2023,STR,46.0,3.0,4.0,MEDIUM,88.239,22.200000000000003,0.7326000000000001,85.5066,5.032000000000153,0.7931034482758621,31.2,26.5,0.03719999999999857
Abu Dhabi,2023,RIC,46.0,3.0,15.0,HARD,88.708,22.200000000000003,0.7326000000000001,85.9756,3.4780000000000655,0.7931034482758621,31.2,26.5,-0.02380000000000848
Abu Dhabi,2023,GAS,46.0,3.0,14.0,HARD,89.428,22.200000000000003,0.7326000000000001,86.6956,6.427999999999884,0.7931034482758621,31.2,26.5,0.09019999999999584
Abu Dhabi,2023,HUL,46.0,3.0,13.0,HARD,89.456,22.200000000000003,0.7326000000000001,86.7236,8.885999999999513,0.7931034482758621,31.2,26.5,-0.008300000000005525
Abu Dhabi,2023,ALB,46.0,3.0,3.0,HARD,88.694,22.200000000000003,0.7326000000000001,85.9616,3.394000000000233,0.7931034482758621,31.2,26.5,0.020000000000010232
Abu Dhabi,2023,ZHO,46.0,3.0,9.0,MEDIUM,89.324,22.200000000000003,0.7326000000000001,86.5916,1.4949999999998909,0.7931034482758621,31.2,26.5,0.242999999999995
Abu Dhabi,2023,BOT,46.0,2.0,17.0,MEDIUM,89.998,22.200000000000003,0.7326000000000001,87.2656,3.6320000000005166,0.7931034482758621,31.2,26.5,-0.002200000000001978
Abu Dhabi,2023,MAG,46.0,3.0,24.0,HARD,89.934,22.200000000000003,0.7326000000000001,87.2016,3.2379999999993743,0.7931034482758621,31.2,26.5,-0.254800000000003
Abu Dhabi,2023,SAR,46.0,3.0,5.0,HARD,88.918,22.200000000000003,0.7326000000000001,86.18560000000001,1.368000000000393,0.7931034482758621,31.2,26.5,0.08559999999999945
Abu Dhabi,2023,VER,47.0,3.0,4.0,HARD,87.962,20.39999999999999,0.6731999999999998,85.17020000000001,15.0,0.8103448275862069,31.2,26.5,0.13739999999999952
Abu Dhabi,2023,LEC,47.0,3.0,12.0,HARD,88.221,20.39999999999999,0.6731999999999998,85.42920000000001,7.761999999999716,0.8103448275862069,31.2,26.5,-0.050299999999992906
Abu Dhabi,2023,RUS,47.0,3.0,13.0,HARD,88.261,20.39999999999999,0.6731999999999998,85.4692,2.9440000000004147,0.8103448275862069,31.2,26.5,-0.13900000000001
Abu Dhabi,2023,NOR,47.0,3.0,14.0,HARD,88.568,20.39999999999999,0.6731999999999998,85.7762,4.4409999999998035,0.8103448275862069,31.2,26.5,0.04200000000000159
Abu Dhabi,2023,PER,47.0,3.0,5.0,HARD,88.401,20.39999999999999,0.6731999999999998,85.6092,0.5339999999996508,0.8103448275862069,31.2,26.5,0.5210000000000008
Abu Dhabi,2023,TSU,47.0,2.0,25.0,HARD,89.335,20.39999999999999,0.6731999999999998,86.5432,5.596000000000458,0.8103448275862069,31.0,26.5,-0.060000000000002274
Abu Dhabi,2023,PIA,47.0,3.0,11.0,HARD,89.266,20.39999999999999,0.6731999999999998,86.47420000000001,0.9650000000001455,0.8103448275862069,31.0,26.5,0.7968000000000046
Abu Dhabi,2023,ALO,47.0,3.0,12.0,HARD,88.625,20.39999999999999,0.6731999999999998,85.8332,7.758999999999105,0.8103448275862069,31.0,26.5,0.030600000000006844
Abu Dhabi,2023,HAM,47.0,3.0,12.0,HARD,89.528,20.39999999999999,0.6731999999999998,86.73620000000001,2.9090000000005602,0.8103448275862069,31.0,26.5,0.9431000000000154
Abu Dhabi,2023,SAI,47.0,2.0,24.0,HARD,91.102,20.39999999999999,0.6731999999999998,88.31020000000001,1.0779999999995198,0.8103448275862069,31.0,26.5,1.461500000000001
Abu Dhabi,2023,OCO,47.0,2.0,32.0,HARD,90.177,20.39999999999999,0.6731999999999998,87.38520000000001,4.3090000000001965,0.8103448275862069,31.0,26.5,0.0426000000000073
Abu Dhabi,2023,STR,47.0,3.0,5.0,MEDIUM,88.535,20.39999999999999,0.6731999999999998,85.7432,3.3900000000003274,0.8103448275862069,31.0,26.5,0.33319999999999084
Abu Dhabi,2023,RIC,47.0,3.0,16.0,HARD,88.571,20.39999999999999,0.6731999999999998,85.7792,3.5140000000001237,0.8103448275862069,31.0,26.5,-0.16080000000000894
Abu Dhabi,2023,GAS,47.0,3.0,15.0,HARD,89.726,20.39999999999999,0.6731999999999998,86.9342,7.582999999999629,0.8103448275862069,31.0,26.5,0.38819999999999766
Abu Dhabi,2023,HUL,47.0,3.0,14.0,HARD,90.035,20.39999999999999,0.6731999999999998,87.2432,9.194999999999709,0.8103448275862069,31.0,26.5,0.570699999999988
Abu Dhabi,2023,ALB,47.0,3.0,4.0,HARD,88.74,20.39999999999999,0.6731999999999998,85.9482,2.09900000000016,0.8103448275862069,31.0,26.5,0.0660000000000025
Abu Dhabi,2023,ZHO,47.0,3.0,10.0,MEDIUM,89.409,20.39999999999999,0.6731999999999998,86.61720000000001,2.1640000000006694,0.8103448275862069,31.0,26.5,0.32800000000000296
Abu Dhabi,2023,BOT,47.0,2.0,18.0,MEDIUM,90.448,20.39999999999999,0.6731999999999998,87.6562,4.670999999999367,0.8103448275862069,31.0,26.5,0.44779999999998665
Abu Dhabi,2023,SAR,47.0,3.0,6.0,HARD,89.458,20.39999999999999,0.6731999999999998,86.6662,3.6159999999999854,0.8103448275862069,31.0,26.5,0.6255999999999915
Abu Dhabi,2023,MAG,47.0,3.0,25.0,HARD,91.923,20.39999999999999,0.6731999999999998,89.1312,1.0969999999997526,0.8103448275862069,31.0,26.5,1.7342000000000013
Abu Dhabi,2023,VER,48.0,3.0,5.0,HARD,87.968,18.599999999999994,0.6137999999999998,85.1168,15.0,0.8275862068965517,31.0,26.5,0.14339999999999975
Abu Dhabi,2023,LEC,48.0,3.0,13.0,HARD,88.419,18.599999999999994,0.6137999999999998,85.56779999999999,8.212999999999738,0.8275862068965517,31.0,26.5,0.1477000000000004
Abu Dhabi,2023,RUS,48.0,3.0,14.0,HARD,88.53,18.599999999999994,0.6137999999999998,85.6788,3.055000000000291,0.8275862068965517,31.0,26.5,0.12999999999999545
Abu Dhabi,2023,PER,48.0,3.0,6.0,HARD,87.97,18.599999999999994,0.6137999999999998,85.1188,4.414999999999964,0.8275862068965517,31.0,26.5,0.09000000000000341
Abu Dhabi,2023,NOR,48.0,3.0,15.0,HARD,89.763,18.599999999999994,0.6137999999999998,86.9118,1.2590000000000146,0.8275862068965517,31.0,26.5,1.237000000000009
Abu Dhabi,2023,PIA,48.0,3.0,12.0,HARD,89.061,18.599999999999994,0.6137999999999998,86.2098,6.393000000000029,0.8275862068965517,31.0,26.5,0.5918000000000063
Abu Dhabi,2023,TSU,48.0,2.0,26.0,HARD,90.932,18.599999999999994,0.6137999999999998,88.0808,0.9059999999999491,0.8275862068965517,31.0,26.5,1.5370000000000061
Abu Dhabi,2023,ALO,48.0,3.0,13.0,HARD,88.592,18.599999999999994,0.6137999999999998,85.7408,6.3840000000000146,0.8275862068965517,31.0,26.5,-0.0023999999999944066
Abu Dhabi,2023,HAM,48.0,3.0,13.0,HARD,88.814,18.599999999999994,0.6137999999999998,85.96279999999999,3.131000000000313,0.8275862068965517,31.0,26.5,0.22910000000000252
Abu Dhabi,2023,SAI,48.0,2.0,25.0,HARD,90.565,18.599999999999994,0.6137999999999998,87.71379999999999,2.8289999999997235,0.8275862068965517,31.0,26.5,0.9244999999999948
Abu Dhabi,2023,OCO,48.0,2.0,33.0,HARD,90.359,18.599999999999994,0.6137999999999998,87.50779999999999,4.1030000000000655,0.8275862068965517,31.0,26.5,0.22459999999999525
Abu Dhabi,2023,STR,48.0,3.0,6.0,MEDIUM,88.639,18.599999999999994,0.6137999999999998,85.78779999999999,1.6700000000000728,0.8275862068965517,31.0,26.5,0.43719999999999004
Abu Dhabi,2023,RIC,48.0,3.0,17.0,HARD,88.702,18.599999999999994,0.6137999999999998,85.85079999999999,3.576999999999316,0.8275862068965517,31.0,26.5,-0.02980000000000871
Abu Dhabi,2023,GAS,48.0,3.0,16.0,HARD,89.505,18.599999999999994,0.6137999999999998,86.65379999999999,8.386000000000422,0.8275862068965517,31.1,26.4,0.16719999999999402
Abu Dhabi,2023,HUL,48.0,3.0,15.0,HARD,90.121,18.599999999999994,0.6137999999999998,87.26979999999999,9.810999999999694,0.8275862068965517,31.1,26.4,0.6566999999999865
Abu Dhabi,2023,ALB,48.0,3.0,5.0,HARD,88.92,18.599999999999994,0.6137999999999998,86.0688,0.8980000000001382,0.8275862068965517,31.1,26.4,0.24600000000000932
Abu Dhabi,2023,ZHO,48.0,3.0,11.0,MEDIUM,89.383,18.599999999999994,0.6137999999999998,86.53179999999999,2.6270000000004075,0.8275862068965517,31.1,26.4,0.3019999999999925
Abu Dhabi,2023,BOT,48.0,2.0,19.0,MEDIUM,90.492,18.599999999999994,0.6137999999999998,87.6408,5.779999999999745,0.8275862068965517,31.1,26.4,0.4917999999999978
Abu Dhabi,2023,SAR,48.0,3.0,7.0,HARD,89.931,18.599999999999994,0.6137999999999998,87.07979999999999,3.055000000000291,0.8275862068965517,31.1,26.4,1.0985999999999905
Abu Dhabi,2023,MAG,48.0,3.0,26.0,HARD,90.657,18.599999999999994,0.6137999999999998,87.80579999999999,1.8229999999994106,0.8275862068965517,31.1,26.4,0.46819999999999595
Abu Dhabi,2023,VER,49.0,3.0,6.0,HARD,87.901,16.799999999999997,0.5543999999999999,84.9904,15.0,0.8448275862068966,31.1,26.4,0.07639999999999247
Abu Dhabi,2023,LEC,49.0,3.0,14.0,HARD,88.396,16.799999999999997,0.5543999999999999,85.4854,8.707999999999629,0.8448275862068966,31.1,26.4,0.12470000000000425
Abu Dhabi,2023,RUS,49.0,3.0,15.0,HARD,88.428,16.799999999999997,0.5543999999999999,85.5174,3.087000000000444,0.8448275862068966,31.1,26.4,0.027999999999991587
Abu Dhabi,2023,PER,49.0,3.0,7.0,HARD,87.926,16.799999999999997,0.5543999999999999,85.0154,3.912999999999556,0.8448275862068966,31.1,26.4,0.04600000000000648
Abu Dhabi,2023,NOR,49.0,3.0,16.0,HARD,88.797,16.799999999999997,0.5543999999999999,85.8864,2.1300000000010186,0.8448275862068966,31.1,26.4,0.2710000000000008
Abu Dhabi,2023,PIA,49.0,3.0,13.0,HARD,89.445,16.799999999999997,0.5543999999999999,86.53439999999999,7.040999999999258,0.8448275862068966,31.2,26.4,0.9757999999999925
Abu Dhabi,2023,TSU,49.0,2.0,27.0,HARD,89.951,16.799999999999997,0.5543999999999999,87.04039999999999,1.412000000000262,0.8448275862068966,31.2,26.4,0.5559999999999974
Abu Dhabi,2023,ALO,49.0,3.0,14.0,HARD,88.5,16.799999999999997,0.5543999999999999,85.5894,4.932999999999083,0.8448275862068966,31.2,26.4,-0.09439999999999316
Abu Dhabi,2023,HAM,49.0,3.0,14.0,HARD,88.809,16.799999999999997,0.5543999999999999,85.8984,3.4400000000005093,0.8448275862068966,31.2,26.4,0.22410000000000707
Abu Dhabi,2023,SAI,49.0,2.0,26.0,HARD,90.033,16.799999999999997,0.5543999999999999,87.1224,4.052999999999884,0.8448275862068966,31.2,26.4,0.3924999999999983
Abu Dhabi,2023,OCO,49.0,2.0,34.0,HARD,90.258,16.799999999999997,0.5543999999999999,87.3474,4.32799999999952,0.8448275862068966,31.2,26.4,0.12359999999999616
Abu Dhabi,2023,STR,49.0,3.0,7.0,MEDIUM,89.03,16.799999999999997,0.5543999999999999,86.1194,0.44200000000091677,0.8448275862068966,31.2,26.4,0.8281999999999954
Abu Dhabi,2023,RIC,49.0,3.0,18.0,HARD,88.791,16.799999999999997,0.5543999999999999,85.8804,3.337999999999738,0.8448275862068966,31.2,26.4,0.05919999999998993
Abu Dhabi,2023,GAS,49.0,3.0,17.0,HARD,89.518,16.799999999999997,0.5543999999999999,86.6074,9.112999999999374,0.8448275862068966,31.2,26.4,0.18019999999999925
Abu Dhabi,2023,ALB,49.0,3.0,6.0,HARD,88.761,16.799999999999997,0.5543999999999999,85.8504,9.952000000001135,0.8448275862068966,31.2,26.4,0.0870000000000033
Abu Dhabi,2023,HUL,49.0,3.0,16.0,HARD,90.705,16.799999999999997,0.5543999999999999,87.7944,1.0460000000002765,0.8448275862068966,31.2,26.4,1.2406999999999897
Abu Dhabi,2023,ZHO,49.0,3.0,12.0,MEDIUM,89.766,16.799999999999997,0.5543999999999999,86.8554,2.5859999999993306,0.8448275862068966,31.2,26.4,0.6850000000000023
Abu Dhabi,2023,BOT,49.0,2.0,20.0,MEDIUM,90.688,16.799999999999997,0.5543999999999999,87.7774,6.701999999999316,0.8448275862068966,31.2,26.4,0.6877999999999957
Abu Dhabi,2023,SAR,49.0,3.0,8.0,HARD,88.896,16.799999999999997,0.5543999999999999,85.9854,1.2630000000008295,0.8448275862068966,31.2,26.4,0.06359999999999388
Abu Dhabi,2023,MAG,49.0,3.0,27.0,HARD,90.553,16.799999999999997,0.5543999999999999,87.6424,3.4799999999995634,0.8448275862068966,31.0,26.5,0.36419999999999675
Abu Dhabi,2023,VER,50.0,3.0,7.0,HARD,88.04,15.0,0.495,85.07000000000001,15.0,0.8620689655172413,31.0,26.5,0.21540000000000248
Abu Dhabi,2023,LEC,50.0,3.0,15.0,HARD,88.258,15.0,0.495,85.288,8.925999999999476,0.8620689655172413,31.0,26.5,-0.013300000000000978
Abu Dhabi,2023,RUS,50.0,3.0,16.0,HARD,88.4,15.0,0.495,85.43,3.2290000000011787,0.8620689655172413,31.0,26.5,0.0
Abu Dhabi,2023,PER,50.0,3.0,8.0,HARD,87.758,15.0,0.495,84.788,3.2709999999988213,0.8620689655172413,31.0,26.5,-0.12199999999999989
Abu Dhabi,2023,NOR,50.0,3.0,17.0,HARD,88.634,15.0,0.495,85.664,3.0060000000012224,0.8620689655172413,31.0,26.5,0.10800000000000409
Abu Dhabi,2023,PIA,50.0,3.0,14.0,HARD,88.761,15.0,0.495,85.791,7.167999999999665,0.8620689655172413,31.0,26.5,0.29179999999999495
Abu Dhabi,2023,TSU,50.0,2.0,28.0,HARD,89.643,15.0,0.495,86.673,2.293999999999869,0.8620689655172413,31.0,26.5,0.24800000000000466
Abu Dhabi,2023,ALO,50.0,3.0,15.0,HARD,88.619,15.0,0.495,85.649,3.9089999999996508,0.8620689655172413,31.0,26.5,0.024600000000006617
Abu Dhabi,2023,HAM,50.0,3.0,15.0,HARD,88.585,15.0,0.495,85.615,3.4060000000008586,0.8620689655172413,31.0,26.5,0.00010000000000331966
Abu Dhabi,2023,SAI,50.0,2.0,27.0,HARD,89.873,15.0,0.495,86.903,5.34099999999853,0.8620689655172413,31.0,26.5,0.2325000000000017
Abu Dhabi,2023,STR,50.0,3.0,8.0,MEDIUM,88.81,15.0,0.495,85.84,3.7070000000003347,0.8620689655172413,31.0,26.5,0.6081999999999965
Abu Dhabi,2023,OCO,50.0,2.0,35.0,HARD,90.986,15.0,0.495,88.016,1.7340000000003783,0.8620689655172413,31.0,26.5,0.8516000000000048
Abu Dhabi,2023,RIC,50.0,3.0,19.0,HARD,89.065,15.0,0.495,86.095,1.8590000000003783,0.8620689655172413,31.0,26.5,0.33319999999999084
Abu Dhabi,2023,GAS,50.0,3.0,18.0,HARD,89.549,15.0,0.495,86.57900000000001,9.596999999999753,0.8620689655172413,31.0,26.5,0.21120000000000516
Abu Dhabi,2023,ALB,50.0,3.0,7.0,HARD,89.011,15.0,0.495,86.041,9.41400000000067,0.8620689655172413,31.0,26.5,0.3370000000000033
Abu Dhabi,2023,HUL,50.0,3.0,17.0,HARD,90.2,15.0,0.495,87.23,2.234999999998763,0.8620689655172413,31.0,26.5,0.7356999999999942
Abu Dhabi,2023,ZHO,50.0,3.0,13.0,MEDIUM,89.704,15.0,0.495,86.734,2.0900000000001455,0.8620689655172413,31.0,26.5,0.6229999999999905
Abu Dhabi,2023,SAR,50.0,3.0,9.0,HARD,88.98,15.0,0.495,86.01,7.2409999999999854,0.8620689655172413,31.0,26.5,0.14759999999999707
Abu Dhabi,2023,BOT,50.0,2.0,21.0,MEDIUM,91.586,15.0,0.495,88.616,1.3430000000007567,0.8620689655172413,31.0,26.5,1.5857999999999919
Abu Dhabi,2023,MAG,50.0,3.0,28.0,HARD,90.509,15.0,0.495,87.539,3.665999999999258,0.8620689655172413,31.0,26.5,0.3201999999999998
Abu Dhabi,2023,VER,51.0,3.0,8.0,HARD,87.849,13.200000000000003,0.4356000000000001,84.81960000000001,15.0,0.8793103448275862,31.0,26.5,0.024399999999999977
Abu Dhabi,2023,LEC,51.0,3.0,16.0,HARD,88.695,13.200000000000003,0.4356000000000001,85.6656,9.771999999999025,0.8793103448275862,31.0,26.5,0.42369999999999663
Abu Dhabi,2023,RUS,51.0,3.0,17.0,HARD,88.692,13.200000000000003,0.4356000000000001,85.6626,3.2260000000005675,0.8793103448275862,31.0,26.5,0.2919999999999874
Abu Dhabi,2023,PER,51.0,3.0,9.0,HARD,87.866,13.200000000000003,0.4356000000000001,84.8366,2.444999999999709,0.8793103448275862,31.0,26.5,-0.013999999999995794
Abu Dhabi,2023,NOR,51.0,3.0,18.0,HARD,88.526,13.200000000000003,0.4356000000000001,85.4966,3.666000000001077,0.8793103448275862,31.0,26.5,0.0
Abu Dhabi,2023,PIA,51.0,3.0,15.0,HARD,88.556,13.200000000000003,0.4356000000000001,85.5266,7.19800000000032,0.8793103448275862,31.0,26.5,0.08679999999999666
Abu Dhabi,2023,TSU,51.0,2.0,29.0,HARD,89.529,13.200000000000003,0.4356000000000001,86.4996,3.2669999999998254,0.8793103448275862,31.0,26.5,0.13400000000000034
Abu Dhabi,2023,ALO,51.0,3.0,16.0,HARD,88.491,13.200000000000003,0.4356000000000001,85.4616,2.870999999999185,0.8793103448275862,31.0,26.5,-0.1033999999999935
Abu Dhabi,2023,HAM,51.0,3.0,16.0,HARD,88.531,13.200000000000003,0.4356000000000001,85.50160000000001,3.4459999999999127,0.8793103448275862,31.0,26.5,-0.053899999999984516
Abu Dhabi,2023,SAI,51.0,2.0,28.0,HARD,89.718,13.200000000000003,0.4356000000000001,86.68860000000001,6.528000000000247,0.8793103448275862,31.0,26.5,0.07750000000000057
Abu Dhabi,2023,STR,51.0,3.0,9.0,MEDIUM,88.801,13.200000000000003,0.4356000000000001,85.7716,2.790000000000873,0.8793103448275862,31.0,26.5,0.5991999999999962
Abu Dhabi,2023,OCO,51.0,2.0,36.0,HARD,90.31,13.200000000000003,0.4356000000000001,87.2806,3.242999999998574,0.8793103448275862,31.0,26.5,0.17560000000000286
Abu Dhabi,2023,RIC,51.0,3.0,20.0,HARD,89.332,13.200000000000003,0.4356000000000001,86.3026,0.8810000000012224,0.8793103448275862,31.0,26.5,0.6001999999999867
Abu Dhabi,2023,GAS,51.0,3.0,19.0,HARD,89.445,13.200000000000003,0.4356000000000001,86.4156,9.709999999999127,0.8793103448275862,31.0,26.5,0.10719999999999175
Abu Dhabi,2023,ALB,51.0,3.0,8.0,HARD,88.675,13.200000000000003,0.4356000000000001,85.6456,8.644000000000233,0.8793103448275862,31.0,26.5,0.0010000000000047748
Abu Dhabi,2023,HUL,51.0,3.0,18.0,HARD,90.079,13.200000000000003,0.4356000000000001,87.0496,3.638999999999214,0.8793103448275862,31.0,26.5,0.6146999999999849
Abu Dhabi,2023,ZHO,51.0,3.0,14.0,MEDIUM,89.702,13.200000000000003,0.4356000000000001,86.6726,1.713000000001557,0.8793103448275862,31.0,26.5,0.6209999999999951
Abu Dhabi,2023,SAR,51.0,3.0,10.0,HARD,88.837,13.200000000000003,0.4356000000000001,85.80760000000001,6.375999999998385,0.8793103448275862,31.0,26.5,0.004599999999996385
Abu Dhabi,2023,BOT,51.0,2.0,22.0,MEDIUM,91.017,13.200000000000003,0.4356000000000001,87.9876,3.5230000000010477,0.8793103448275862,31.0,26.5,1.0167999999999893
Abu Dhabi,2023,MAG,51.0,3.0,29.0,HARD,90.432,13.200000000000003,0.4356000000000001,87.4026,3.081000000000131,0.8793103448275862,31.0,26.5,0.24320000000000164
Abu Dhabi,2023,VER,52.0,3.0,9.0,HARD,87.851,11.399999999999991,0.37619999999999976,84.76219999999999,15.0,0.896551724137931,31.0,26.5,0.026399999999995316
Abu Dhabi,2023,LEC,52.0,3.0,17.0,HARD,88.603,11.399999999999991,0.37619999999999976,85.51419999999999,10.523999999999432,0.896551724137931,31.0,26.5,0.3316999999999979
Abu Dhabi,2023,RUS,52.0,3.0,18.0,HARD,88.877,11.399999999999991,0.37619999999999976,85.78819999999999,3.5,0.896551724137931,31.0,26.5,0.47699999999998965
Abu Dhabi,2023,PER,52.0,3.0,10.0,HARD,87.886,11.399999999999991,0.37619999999999976,84.79719999999999,1.4539999999997235,0.896551724137931,31.0,26.5,0.006000000000000227
Abu Dhabi,2023,NOR,52.0,3.0,19.0,HARD,88.839,11.399999999999991,0.37619999999999976,85.75019999999999,4.619000000000597,0.896551724137931,31.0,26.5,0.3130000000000024
Abu Dhabi,2023,PIA,52.0,3.0,16.0,HARD,88.397,11.399999999999991,0.37619999999999976,85.3082,6.755999999999403,0.896551724137931,31.0,26.5,-0.07219999999999516
Abu Dhabi,2023,TSU,52.0,2.0,30.0,HARD,89.454,11.399999999999991,0.37619999999999976,86.36519999999999,4.324000000000524,0.896551724137931,31.0,26.5,0.0589999999999975
Abu Dhabi,2023,ALO,52.0,3.0,17.0,HARD,88.604,11.399999999999991,0.37619999999999976,85.5152,2.0209999999988213,0.896551724137931,31.0,26.5,0.009600000000006048
Abu Dhabi,2023,HAM,52.0,3.0,17.0,HARD,88.372,11.399999999999991,0.37619999999999976,85.2832,3.214000000001761,0.896551724137931,31.0,26.5,-0.21289999999999054
Abu Dhabi,2023,SAI,52.0,2.0,29.0,HARD,89.645,11.399999999999991,0.37619999999999976,86.55619999999999,7.800999999999476,0.896551724137931,31.0,26.5,0.004499999999993065
Abu Dhabi,2023,STR,52.0,3.0,10.0,MEDIUM,88.864,11.399999999999991,0.37619999999999976,85.7752,2.0090000000000146,0.896551724137931,31.0,26.5,0.6621999999999986
Abu Dhabi,2023,RIC,52.0,3.0,21.0,HARD,88.743,11.399999999999991,0.37619999999999976,85.65419999999999,4.002999999998792,0.896551724137931,31.0,26.5,0.011199999999988108
Abu Dhabi,2023,OCO,52.0,2.0,37.0,HARD,90.984,11.399999999999991,0.37619999999999976,87.89519999999999,1.360000000000582,0.896551724137931,31.0,26.5,0.8495999999999952
Abu Dhabi,2023,GAS,52.0,3.0,20.0,HARD,89.587,11.399999999999991,0.37619999999999976,86.4982,9.193999999999505,0.896551724137931,31.1,26.6,0.24920000000000186
Abu Dhabi,2023,ALB,52.0,3.0,9.0,HARD,88.402,11.399999999999991,0.37619999999999976,85.3132,7.459000000000742,0.896551724137931,31.1,26.6,-0.27199999999999136
Abu Dhabi,2023,HUL,52.0,3.0,19.0,HARD,90.105,11.399999999999991,0.37619999999999976,87.0162,5.342000000000553,0.896551724137931,31.1,26.6,0.6406999999999954
Abu Dhabi,2023,ZHO,52.0,3.0,15.0,MEDIUM,89.608,11.399999999999991,0.37619999999999976,86.5192,1.2159999999985303,0.896551724137931,31.1,26.6,0.527000000000001
Abu Dhabi,2023,SAR,52.0,3.0,11.0,HARD,88.64,11.399999999999991,0.37619999999999976,85.5512,5.408000000001266,0.896551724137931,31.1,26.6,-0.19240000000000634
Abu Dhabi,2023,BOT,52.0,2.0,23.0,MEDIUM,90.924,11.399999999999991,0.37619999999999976,87.8352,5.8069999999988795,0.896551724137931,31.1,26.6,0.9238
Abu Dhabi,2023,VER,53.0,3.0,10.0,HARD,87.683,9.599999999999994,0.3167999999999998,84.5348,15.0,0.9137931034482759,31.1,26.6,-0.14159999999999684
Abu Dhabi,2023,MAG,52.0,3.0,30.0,HARD,91.497,11.399999999999991,0.37619999999999976,88.4082,3.654000000000451,0.896551724137931,31.1,26.6,1.3081999999999994
Abu Dhabi,2023,LEC,53.0,3.0,18.0,HARD,88.545,9.599999999999994,0.3167999999999998,85.3968,11.386000000000422,0.9137931034482759,31.1,26.6,0.27370000000000516
Abu Dhabi,2023,RUS,53.0,3.0,19.0,HARD,88.825,9.599999999999994,0.3167999999999998,85.6768,3.780000000000655,0.9137931034482759,31.1,26.6,0.42499999999999716
Abu Dhabi,2023,PER,53.0,3.0,11.0,HARD,88.307,9.599999999999994,0.3167999999999998,85.1588,0.9359999999996944,0.9137931034482759,31.1,26.6,0.4270000000000067
Abu Dhabi,2023,NOR,53.0,3.0,20.0,HARD,88.557,9.599999999999994,0.3167999999999998,85.4088,4.868999999998778,0.9137931034482759,31.1,26.6,0.03100000000000591
Abu Dhabi,2023,PIA,53.0,3.0,17.0,HARD,88.788,9.599999999999994,0.3167999999999998,85.6398,6.9870000000009895,0.9137931034482759,31.1,26.6,0.318799999999996
Abu Dhabi,2023,TSU,53.0,2.0,31.0,HARD,89.413,9.599999999999994,0.3167999999999998,86.2648,4.949000000000524,0.9137931034482759,31.1,26.5,0.018000000000000682
Abu Dhabi,2023,ALO,53.0,3.0,18.0,HARD,88.714,9.599999999999994,0.3167999999999998,85.5658,1.3220000000001164,0.9137931034482759,31.1,26.5,0.11960000000000548
Abu Dhabi,2023,HAM,53.0,3.0,18.0,HARD,88.474,9.599999999999994,0.3167999999999998,85.3258,2.973999999998341,0.9137931034482759,31.1,26.5,-0.11089999999998668
Abu Dhabi,2023,SAI,53.0,2.0,30.0,HARD,89.775,9.599999999999994,0.3167999999999998,86.6268,9.102000000000771,0.9137931034482759,31.1,26.5,0.13450000000000273
Abu Dhabi,2023,STR,53.0,3.0,11.0,MEDIUM,89.205,9.599999999999994,0.3167999999999998,86.0568,1.4390000000003056,0.9137931034482759,31.1,26.5,1.0031999999999925
Abu Dhabi,2023,RIC,53.0,3.0,22.0,HARD,88.742,9.599999999999994,0.3167999999999998,85.5938,3.539999999999054,0.9137931034482759,31.1,26.5,0.010199999999997544
Abu Dhabi,2023,OCO,53.0,2.0,38.0,HARD,90.283,9.599999999999994,0.3167999999999998,87.1348,2.90099999999984,0.9137931034482759,31.1,26.5,0.14860000000000184
Abu Dhabi,2023,GAS,53.0,3.0,21.0,HARD,89.532,9.599999999999994,0.3167999999999998,86.3838,8.44300000000112,0.9137931034482759,31.1,26.5,0.19419999999999504
Abu Dhabi,2023,ALB,53.0,3.0,10.0,HARD,88.608,9.599999999999994,0.3167999999999998,85.4598,6.5349999999998545,0.9137931034482759,31.1,26.5,-0.06599999999998829
Abu Dhabi,2023,HUL,53.0,3.0,20.0,HARD,90.09,9.599999999999994,0.3167999999999998,86.9418,6.824000000000524,0.9137931034482759,31.1,26.5,0.6256999999999948
Abu Dhabi,2023,ZHO,53.0,3.0,16.0,MEDIUM,89.781,9.599999999999994,0.3167999999999998,86.6328,0.9069999999992433,0.9137931034482759,31.1,26.5,0.7000000000000028
Abu Dhabi,2023,SAR,53.0,3.0,12.0,HARD,88.943,9.599999999999994,0.3167999999999998,85.7948,4.569999999999709,0.9137931034482759,31.1,26.5,0.11059999999999093
Abu Dhabi,2023,VER,54.0,3.0,11.0,HARD,87.513,7.799999999999997,0.2573999999999999,84.3054,15.0,0.9310344827586207,31.1,26.5,-0.31159999999999854
Abu Dhabi,2023,BOT,53.0,2.0,24.0,MEDIUM,91.713,9.599999999999994,0.3167999999999998,88.56479999999999,8.577000000001135,0.9137931034482759,31.0,26.5,1.7127999999999872
Abu Dhabi,2023,MAG,53.0,3.0,31.0,HARD,90.445,9.599999999999994,0.3167999999999998,87.29679999999999,2.385999999998603,0.9137931034482759,31.0,26.5,0.25619999999999266
Abu Dhabi,2023,LEC,54.0,3.0,19.0,HARD,88.778,7.799999999999997,0.2573999999999999,85.5704,12.65099999999984,0.9310344827586207,31.0,26.5,0.5067000000000093
Abu Dhabi,2023,PER,54.0,3.0,12.0,HARD,88.024,7.799999999999997,0.2573999999999999,84.8164,3.9619999999995343,0.9310344827586207,31.0,26.5,0.14400000000000546
Abu Dhabi,2023,RUS,54.0,3.0,20.0,HARD,90.038,7.799999999999997,0.2573999999999999,86.8304,1.0779999999995198,0.9310344827586207,31.0,26.5,1.637999999999991
Abu Dhabi,2023,NOR,54.0,3.0,21.0,HARD,88.59,7.799999999999997,0.2573999999999999,85.3824,4.356999999999971,0.9310344827586207,31.0,26.5,0.06400000000000716
Abu Dhabi,2023,PIA,54.0,3.0,18.0,HARD,88.536,7.799999999999997,0.2573999999999999,85.3284,6.933000000000902,0.9310344827586207,31.0,26.5,0.06680000000000064
Abu Dhabi,2023,TSU,54.0,2.0,32.0,HARD,89.385,7.799999999999997,0.2573999999999999,86.1774,5.797999999998865,0.9310344827586207,31.0,26.5,-0.009999999999990905
Abu Dhabi,2023,ALO,54.0,3.0,19.0,HARD,89.174,7.799999999999997,0.2573999999999999,85.96640000000001,1.1110000000007858,0.9310344827586207,31.0,26.5,0.5796000000000134
Abu Dhabi,2023,HAM,54.0,3.0,19.0,HARD,88.634,7.799999999999997,0.2573999999999999,85.4264,2.433999999999287,0.9310344827586207,31.0,26.5,0.049100000000009913
Abu Dhabi,2023,SAI,54.0,2.0,31.0,HARD,89.734,7.799999999999997,0.2573999999999999,86.5264,10.202000000001135,0.9310344827586207,31.0,26.5,0.0934999999999917
Abu Dhabi,2023,STR,54.0,3.0,12.0,MEDIUM,89.301,7.799999999999997,0.2573999999999999,86.0934,1.0059999999994034,0.9310344827586207,31.0,26.5,1.0991999999999962
Abu Dhabi,2023,RIC,54.0,3.0,23.0,HARD,88.76,7.799999999999997,0.2573999999999999,85.5524,2.9989999999997963,0.9310344827586207,31.0,26.5,0.028199999999998226
Abu Dhabi,2023,OCO,54.0,2.0,39.0,HARD,90.272,7.799999999999997,0.2573999999999999,87.0644,4.413000000000466,0.9310344827586207,31.0,26.5,0.13760000000000616
Abu Dhabi,2023,GAS,54.0,3.0,22.0,HARD,89.435,7.799999999999997,0.2573999999999999,86.2274,7.605999999999767,0.9310344827586207,31.0,26.5,0.09720000000000084
Abu Dhabi,2023,ALB,54.0,3.0,11.0,HARD,88.812,7.799999999999997,0.2573999999999999,85.6044,5.912000000000262,0.9310344827586207,31.0,26.5,0.13800000000000523
Abu Dhabi,2023,HUL,54.0,3.0,21.0,HARD,89.667,7.799999999999997,0.2573999999999999,86.4594,7.679000000000087,0.9310344827586207,31.0,26.5,0.202699999999993
Abu Dhabi,2023,ZHO,54.0,3.0,17.0,MEDIUM,90.289,7.799999999999997,0.2573999999999999,87.0814,1.529000000000451,0.9310344827586207,31.0,26.5,1.2079999999999984
Abu Dhabi,2023,SAR,54.0,3.0,13.0,HARD,88.923,7.799999999999997,0.2573999999999999,85.7154,3.2039999999997235,0.9310344827586207,31.0,26.5,0.0905999999999949
Abu Dhabi,2023,VER,55.0,3.0,12.0,HARD,87.93,6.0,0.198,84.66300000000001,15.0,0.9482758620689655,31.0,26.5,0.10540000000000305
Abu Dhabi,2023,BOT,54.0,2.0,25.0,MEDIUM,90.855,7.799999999999997,0.2573999999999999,87.6474,10.509000000000015,0.9310344827586207,31.0,26.5,0.8547999999999973
Abu Dhabi,2023,MAG,54.0,3.0,32.0,HARD,90.207,7.799999999999997,0.2573999999999999,86.9994,1.7379999999993743,0.9310344827586207,31.0,26.5,0.01819999999999311
Abu Dhabi,2023,LEC,55.0,3.0,20.0,HARD,88.552,6.0,0.198,85.28500000000001,13.272999999999229,0.9482758620689655,31.0,26.5,0.28070000000001016
Abu Dhabi,2023,PER,55.0,3.0,13.0,HARD,88.187,6.0,0.198,84.92,3.5969999999997526,0.9482758620689655,31.0,26.5,0.30700000000000216
Abu Dhabi,2023,RUS,55.0,3.0,21.0,HARD,88.976,6.0,0.198,85.709,1.8670000000001892,0.9482758620689655,31.0,26.5,0.5759999999999934
Abu Dhabi,2023,NOR,55.0,3.0,22.0,HARD,88.458,6.0,0.198,85.191,3.838999999999942,0.9482758620689655,31.0,26.5,-0.06799999999999784
Abu Dhabi,2023,PIA,55.0,3.0,19.0,HARD,88.729,6.0,0.198,85.462,7.2039999999997235,0.9482758620689655,31.0,26.5,0.2597999999999985
Abu Dhabi,2023,TSU,55.0,2.0,33.0,HARD,89.256,6.0,0.198,85.989,6.325000000000728,0.9482758620689655,31.0,26.5,-0.1389999999999958
Abu Dhabi,2023,ALO,55.0,3.0,20.0,HARD,88.952,6.0,0.198,85.685,0.8069999999988795,0.9482758620689655,31.0,26.5,0.357600000000005
Abu Dhabi,2023,HAM,55.0,3.0,20.0,HARD,88.584,6.0,0.198,85.31700000000001,2.066000000000713,0.9482758620689655,31.0,26.5,-0.0008999999999872443
Abu Dhabi,2023,SAI,55.0,2.0,32.0,HARD,89.654,6.0,0.198,86.387,11.272000000000844,0.9482758620689655,31.0,26.5,0.013499999999993406
Abu Dhabi,2023,STR,55.0,3.0,13.0,MEDIUM,89.458,6.0,0.198,86.191,0.8099999999994907,0.9482758620689655,31.0,26.5,1.2561999999999927
Abu Dhabi,2023,RIC,55.0,3.0,24.0,HARD,88.871,6.0,0.198,85.604,2.412000000000262,0.9482758620689655,31.0,26.5,0.13919999999998822
Abu Dhabi,2023,OCO,55.0,2.0,40.0,HARD,90.287,6.0,0.198,87.02000000000001,5.8289999999997235,0.9482758620689655,31.0,26.5,0.15260000000000673
Abu Dhabi,2023,GAS,55.0,3.0,23.0,HARD,89.307,6.0,0.198,86.04,6.626000000000204,0.9482758620689655,31.0,26.5,-0.030799999999999272
Abu Dhabi,2023,ALB,55.0,3.0,12.0,HARD,88.742,6.0,0.198,85.47500000000001,5.346999999999753,0.9482758620689655,31.0,26.5,0.06800000000001205
Abu Dhabi,2023,HUL,55.0,3.0,22.0,HARD,89.576,6.0,0.198,86.309,8.51299999999901,0.9482758620689655,31.0,26.5,0.11169999999998481
Abu Dhabi,2023,ZHO,55.0,3.0,18.0,MEDIUM,90.416,6.0,0.198,87.149,2.3690000000005966,0.9482758620689655,31.0,26.5,1.3349999999999937
Abu Dhabi,2023,SAR,55.0,3.0,14.0,HARD,89.025,6.0,0.198,85.75800000000001,1.8130000000001019,0.9482758620689655,31.0,26.5,0.19259999999999877
Abu Dhabi,2023,VER,56.0,3.0,13.0,HARD,87.727,5.0,0.165,84.427,15.0,0.9655172413793104,31.0,26.5,-0.09759999999999991
Abu Dhabi,2023,BOT,55.0,2.0,26.0,MEDIUM,90.53,6.0,0.198,87.263,12.013999999999214,0.9482758620689655,31.0,26.4,0.5297999999999945
Abu Dhabi,2023,MAG,55.0,3.0,33.0,HARD,90.252,6.0,0.198,86.985,1.4600000000009459,0.9482758620689655,31.0,26.4,0.06319999999999482
Abu Dhabi,2023,LEC,56.0,3.0,21.0,HARD,88.657,5.0,0.165,85.357,14.20299999999952,0.9655172413793104,31.0,26.4,0.38569999999999993
Abu Dhabi,2023,PER,56.0,3.0,14.0,HARD,87.896,5.0,0.165,84.596,2.8360000000011496,0.9655172413793104,31.0,26.4,0.016000000000005343
Abu Dhabi,2023,RUS,56.0,3.0,22.0,HARD,88.466,5.0,0.165,85.166,2.436999999999898,0.9655172413793104,31.0,26.4,0.06599999999998829
Abu Dhabi,2023,NOR,56.0,3.0,23.0,HARD,88.572,5.0,0.165,85.272,3.944999999999709,0.9655172413793104,31.0,26.4,0.04600000000000648
Abu Dhabi,2023,PIA,56.0,3.0,20.0,HARD,88.706,5.0,0.165,85.406,7.337999999999738,0.9655172413793104,31.0,26.4,0.23680000000000234
Abu Dhabi,2023,ALO,56.0,3.0,21.0,HARD,89.108,5.0,0.165,85.808,7.533999999999651,0.9655172413793104,31.0,26.4,0.5136000000000109
Abu Dhabi,2023,TSU,56.0,2.0,34.0,HARD,91.027,5.0,0.165,87.727,1.1120000000009895,0.9655172413793104,31.0,26.4,1.632000000000005
Abu Dhabi,2023,HAM,56.0,3.0,21.0,HARD,89.138,5.0,0.165,85.83800000000001,0.9840000000003783,0.9655172413793104,31.0,26.4,0.5531000000000148
Abu Dhabi,2023,STR,56.0,3.0,14.0,MEDIUM,89.655,5.0,0.165,86.355,12.598999999998341,0.9655172413793104,31.0,26.4,1.4531999999999954
Abu Dhabi,2023,RIC,56.0,3.0,25.0,HARD,88.929,5.0,0.165,85.629,1.6860000000015134,0.9655172413793104,31.0,26.4,0.19719999999999516
Abu Dhabi,2023,OCO,56.0,2.0,41.0,HARD,90.208,5.0,0.165,86.908,7.108000000000175,0.9655172413793104,31.0,26.4,0.073599999999999
Abu Dhabi,2023,GAS,56.0,3.0,24.0,HARD,89.496,5.0,0.165,86.196,5.91399999999885,0.9655172413793104,31.0,26.3,0.15819999999999368
Abu Dhabi,2023,ALB,56.0,3.0,13.0,HARD,88.743,5.0,0.165,85.443,4.59400000000096,0.9655172413793104,31.0,26.3,0.06900000000000261
Abu Dhabi,2023,HUL,56.0,3.0,23.0,HARD,89.507,5.0,0.165,86.20700000000001,9.277000000000044,0.9655172413793104,31.0,26.3,0.04269999999999641
Abu Dhabi,2023,ZHO,56.0,3.0,19.0,MEDIUM,90.2,5.0,0.165,86.9,3.061999999999898,0.9655172413793104,31.0,26.3,1.1189999999999998
Abu Dhabi,2023,SAR,56.0,3.0,15.0,HARD,89.43,5.0,0.165,86.13000000000001,1.0429999999996653,0.9655172413793104,31.0,26.3,0.5975999999999999
Abu Dhabi,2023,VER,57.0,3.0,14.0,HARD,87.98,5.0,0.165,84.68,15.0,0.9827586206896551,31.0,26.3,0.1554000000000002
Abu Dhabi,2023,BOT,56.0,2.0,27.0,MEDIUM,90.13,5.0,0.165,86.83,12.713999999999942,0.9655172413793104,31.0,26.3,0.1297999999999888
Abu Dhabi,2023,MAG,56.0,3.0,34.0,HARD,90.429,5.0,0.165,87.129,1.7590000000000146,0.9655172413793104,31.0,26.3,0.24020000000000152
Abu Dhabi,2023,LEC,57.0,3.0,22.0,HARD,89.031,5.0,0.165,85.73100000000001,15.0,0.9827586206896551,31.0,26.3,0.7597000000000094
Abu Dhabi,2023,PER,57.0,3.0,15.0,HARD,87.991,5.0,0.165,84.691,1.7960000000002765,0.9827586206896551,31.0,26.3,0.1110000000000042
Abu Dhabi,2023,RUS,57.0,3.0,23.0,HARD,88.557,5.0,0.165,85.257,3.002999999998792,0.9827586206896551,31.0,26.3,0.15699999999999648
Abu Dhabi,2023,NOR,57.0,3.0,24.0,HARD,88.8,5.0,0.165,85.5,4.188000000000102,0.9827586206896551,31.0,26.3,0.2740000000000009
Abu Dhabi,2023,PIA,57.0,3.0,21.0,HARD,88.786,5.0,0.165,85.486,7.324000000000524,0.9827586206896551,31.0,26.3,0.31680000000000064
Abu Dhabi,2023,ALO,57.0,3.0,22.0,HARD,89.038,5.0,0.165,85.738,7.786000000000058,0.9827586206896551,30.8,26.4,0.44360000000000355
Abu Dhabi,2023,TSU,57.0,2.0,35.0,HARD,89.828,5.0,0.165,86.528,1.9020000000000437,0.9827586206896551,30.8,26.4,0.43300000000000693
Abu Dhabi,2023,HAM,57.0,3.0,22.0,HARD,89.666,5.0,0.165,86.366,0.8220000000001164,0.9827586206896551,30.8,26.4,1.0811000000000064
Abu Dhabi,2023,STR,57.0,3.0,15.0,MEDIUM,89.486,5.0,0.165,86.186,12.418999999999869,0.9827586206896551,30.8,26.4,1.2841999999999985
Abu Dhabi,2023,RIC,57.0,3.0,26.0,HARD,89.06,5.0,0.165,85.76,1.2600000000002183,0.9827586206896551,30.8,26.4,0.3281999999999954
Abu Dhabi,2023,OCO,57.0,2.0,42.0,HARD,90.477,5.0,0.165,87.177,8.524999999999636,0.9827586206896551,30.8,26.4,0.34260000000000446
Abu Dhabi,2023,GAS,57.0,3.0,25.0,HARD,89.642,5.0,0.165,86.342,5.0789999999997235,0.9827586206896551,30.8,26.4,0.3041999999999945
Abu Dhabi,2023,ALB,57.0,3.0,14.0,HARD,88.749,5.0,0.165,85.449,3.7010000000009313,0.9827586206896551,30.8,26.4,0.07500000000000284
Abu Dhabi,2023,HUL,57.0,3.0,24.0,HARD,89.437,5.0,0.165,86.137,9.965000000000146,0.9827586206896551,30.8,26.4,-0.027300000000010982
Abu Dhabi,2023,SAR,57.0,3.0,16.0,HARD,89.265,5.0,0.165,85.965,3.9329999999990832,0.9827586206896551,30.8,26.4,0.43259999999999366
Abu Dhabi,2023,ZHO,57.0,3.0,20.0,MEDIUM,90.991,5.0,0.165,87.691,0.6830000000009022,0.9827586206896551,30.8,26.4,1.9099999999999966
Abu Dhabi,2023,VER,58.0,3.0,15.0,HARD,88.545,5.0,0.165,85.245,15.0,1.0,30.8,26.4,0.7203999999999979
Abu Dhabi,2023,BOT,57.0,2.0,28.0,MEDIUM,90.55,5.0,0.165,87.25,13.315999999998894,0.9827586206896551,30.8,26.4,0.5497999999999905
Abu Dhabi,2023,MAG,57.0,3.0,35.0,HARD,91.256,5.0,0.165,87.956,2.4650000000001455,0.9827586206896551,30.8,26.4,1.0671999999999997
Abu Dhabi,2023,PER,58.0,3.0,16.0,HARD,87.948,5.0,0.165,84.648,15.0,1.0,30.8,26.4,0.06799999999999784
Abu Dhabi,2023,LEC,58.0,3.0,23.0,HARD,91.284,5.0,0.165,87.98400000000001,1.5399999999990541,1.0,30.8,26.4,3.0127000000000095
Abu Dhabi,2023,RUS,58.0,3.0,24.0,HARD,88.82,5.0,0.165,85.52,2.335000000000946,1.0,30.8,26.4,0.4199999999999875
Abu Dhabi,2023,NOR,58.0,3.0,25.0,HARD,88.588,5.0,0.165,85.288,3.956000000000131,1.0,30.8,26.4,0.06199999999999761
Abu Dhabi,2023,PIA,58.0,3.0,22.0,HARD,88.467,5.0,0.165,85.167,7.20299999999952,1.0,30.8,26.4,-0.002200000000001978
Abu Dhabi,2023,ALO,58.0,3.0,23.0,HARD,88.706,5.0,0.165,85.406,8.024999999999636,1.0,30.8,26.4,0.11160000000000991
Abu Dhabi,2023,TSU,58.0,2.0,36.0,HARD,90.38,5.0,0.165,87.08,3.5759999999991123,1.0,30.8,26.4,0.9849999999999994
Abu Dhabi,2023,HAM,58.0,3.0,23.0,HARD,90.894,5.0,0.165,87.59400000000001,1.3360000000011496,1.0,30.8,26.4,2.309100000000015
Abu Dhabi,2023,STR,58.0,3.0,16.0,MEDIUM,89.683,5.0,0.165,86.38300000000001,11.208000000000538,1.0,30.8,26.4,1.4812000000000012
Abu Dhabi,2023,RIC,58.0,3.0,27.0,HARD,89.02,5.0,0.165,85.72,0.5969999999997526,1.0,30.8,26.4,0.28819999999998913
Abu Dhabi,2023,OCO,58.0,2.0,43.0,HARD,90.639,5.0,0.165,87.339,10.144000000000233,1.0,30.8,26.4,0.5045999999999964
Abu Dhabi,2023,GAS,58.0,3.0,26.0,HARD,89.547,5.0,0.165,86.247,3.9869999999991705,1.0,30.8,26.4,0.2091999999999956
Abu Dhabi,2023,ALB,58.0,3.0,15.0,HARD,88.67,5.0,0.165,85.37,2.824000000000524,1.0,30.8,26.4,-0.003999999999990678
Abu Dhabi,2023,HUL,58.0,3.0,25.0,HARD,89.217,5.0,0.165,85.917,10.511999999998807,1.0,30.8,26.4,-0.24730000000000985
Abu Dhabi,2023,SAR,58.0,3.0,17.0,HARD,89.379,5.0,0.165,86.07900000000001,4.095000000001164,1.0,30.8,26.4,0.546599999999998
Abu Dhabi,2023,ZHO,58.0,3.0,21.0,MEDIUM,90.327,5.0,0.165,87.027,1.6309999999994034,1.0,30.8,26.4,1.2459999999999951
